
b85m_ble_single_connection_sdk.elf:     file format elf32-littletc32
b85m_ble_single_connection_sdk.elf
architecture: tc32, flags 0x00000112:
EXEC_P, HAS_SYMS, D_PAGED
start address 0x00000000

Program Header:
    LOAD off    0x00008000 vaddr 0x00000000 paddr 0x00000000 align 2**15
         filesz 0x00002c68 memsz 0x00002c68 flags r-x
    LOAD off    0x0000ac68 vaddr 0x00842c68 paddr 0x00002c68 align 2**15
         filesz 0x00000d44 memsz 0x00000d44 flags rw-
    LOAD off    0x00010000 vaddr 0x00008000 paddr 0x00008000 align 2**15
         filesz 0x000080ec memsz 0x000080ec flags r-x
    LOAD off    0x00018900 vaddr 0x00848900 paddr 0x000100ec align 2**15
         filesz 0x0000043c memsz 0x00000a64 flags rw-
private flags = 0: [APCS-32] [FPA float format]

Sections:
Idx Name          Size      VMA       LMA       File off  Algn
  0 .vectors      000001d0  00000000  00000000  00008000  2**4
                  CONTENTS, ALLOC, LOAD, READONLY, CODE
  1 .ram_code     00002a98  000001d0  000001d0  000081d0  2**4
                  CONTENTS, ALLOC, LOAD, READONLY, CODE
  2 .text         000076cc  00008000  00008000  00010000  2**4
                  CONTENTS, ALLOC, LOAD, READONLY, CODE
  3 .rodata       00000a20  0000f6cc  0000f6cc  000176cc  2**2
                  CONTENTS, ALLOC, LOAD, READONLY, DATA
  4 .retention_data 00000d44  00842c68  00002c68  0000ac68  2**2
                  CONTENTS, ALLOC, LOAD, DATA
  5 .data         0000043c  00848900  000100ec  00018900  2**2
                  CONTENTS, ALLOC, LOAD, DATA
  6 .bss          00000321  00848d40  0001052c  00018d3c  2**4
                  ALLOC
  7 .data_no_init 00000300  00849064  00010850  00018d3c  2**2
                  ALLOC
  8 .TC32.attributes 00000010  00000000  00000000  00018d3c  2**0
                  CONTENTS, READONLY
  9 .comment      0000001a  00000000  00000000  00018d4c  2**0
                  CONTENTS, READONLY
SYMBOL TABLE:
00000000 l    d  .vectors	00000000 .vectors
000001d0 l    d  .ram_code	00000000 .ram_code
00008000 l    d  .text	00000000 .text
0000f6cc l    d  .rodata	00000000 .rodata
00842c68 l    d  .retention_data	00000000 .retention_data
00848900 l    d  .data	00000000 .data
00848d40 l    d  .bss	00000000 .bss
00849064 l    d  .data_no_init	00000000 .data_no_init
00000000 l    d  .TC32.attributes	00000000 .TC32.attributes
00000000 l    d  .comment	00000000 .comment
0000001f l       *ABS*	00000000 MODE_BITS
00000012 l       *ABS*	00000000 IRQ_MODE
00000013 l       *ABS*	00000000 SVC_MODE
00000180 l       *ABS*	00000000 IRQ_STK_SIZE
000000ac l       .vectors	00000000 __suspend_data
000000b0 l       .vectors	00000000 SET_BOOT
000000c2 l       .vectors	00000000 SET_BOOT_END
00000190 l       .vectors	00000000 BOOT_SEL_D
000000c2 l       .vectors	00000000 FLASH_WAKEUP_BEGIN
00000194 l       .vectors	00000000 FLASH_RECOVER
000000d0 l       .vectors	00000000 TNOP
000000da l       .vectors	00000000 FLASH_WAKEUP_END
00000170 l       .vectors	00000000 FLL_D
000000e0 l       .vectors	00000000 FLL_STK
000000ea l       .vectors	00000000 FLL_STK_END
0000013c l       .vectors	00000000 DAT0
00000100 l       .vectors	00000000 ZERO
0000010a l       .vectors	00000000 ZERO_END
0000010e l       .vectors	00000000 ZERO_TAG
00000118 l       .vectors	00000000 ZERO_TAG_END
00000118 l       .vectors	00000000 SETIC
00000164 l       .vectors	00000000 DATA_I
00000128 l       .vectors	00000000 COPY_DATA
00000136 l       .vectors	00000000 COPY_DATA_END
0000013a l       .vectors	00000000 END
00848d40 l     O .bss	00000180 irq_stk
0000018c l       .vectors	00000000 DEBUG_GPIO
000001c8 l       .vectors	00000000 ASMEND
000002da l       .ram_code	00000000 MZ_MUL2_LOOP
00000244 l       .ram_code	00000000 MZ_MUL2_START
000002fc l       .ram_code	00000000 MZ_MUL2_LOOP2
000002ea l       .ram_code	00000000 MZ_MUL2_START2
00000304 l       .ram_code	00000000 MZ_MUL2_END
0000032e l       .ram_code	00000000 CRC24_SAVE_WORD_NUM
00000336 l       .ram_code	00000000 CRC24_BYTE_LOOP
00000356 l       .ram_code	00000000 CRC24_BYTE_END
000003d4 l       .ram_code	00000000 CRC24_END
00000364 l       .ram_code	00000000 CRC24_WORD_LOOP
000003d0 l       .ram_code	00000000 CRC24_WORD_END
0000036e l       .ram_code	00000000 CRC24_WORD_nib0
00000380 l       .ram_code	00000000 CRC24_WORD_nib1
00000386 l       .ram_code	00000000 CRC24_WORD_nib2
00000398 l       .ram_code	00000000 CRC24_WORD_nib3
0000039e l       .ram_code	00000000 CRC24_WORD_nib4
000003b0 l       .ram_code	00000000 CRC24_WORD_nib5
000003b6 l       .ram_code	00000000 CRC24_WORD_nib6
000003c8 l       .ram_code	00000000 CRC24_WORD_nib7
00000000 l    df *ABS*	00000000 app.c
00848ec0 l     O .bss	00000001 vol_cnt.7267
00842c8c l     O .retention_data	00000004 keyScanTick
00000000 l    df *ABS*	00000000 main.c
00000000 l    df *ABS*	00000000 analog.c
00000000 l    df *ABS*	00000000 clock.c
00000000 l    df *ABS*	00000000 flash.c
0000063c l     F .ram_code	00000040 flash_send_addr
0000067c l     F .ram_code	0000002c flash_send_cmd
000006a8 l     F .ram_code	00000044 flash_wait_done
00000000 l    df *ABS*	00000000 gpio_8258.c
00000000 l    df *ABS*	00000000 timer.c
00000000 l    df *ABS*	00000000 pm.c
00008df0 l     F .text	00000010 irq_disable
00008e00 l     F .text	00000016 get_sp_normal
00008e10 l       .text	00000000 MYSEC
00008e20 l     F .text	00000060 pwm_kick_32k_pad.clone.1
00008e80 l     F .text	00000046 pwm_kick_32k_pad_times.clone.0
00008ee0 l     F .text	00000154 cpu_wakeup_no_deepretn_back_init
00000000 l    df *ABS*	00000000 pm_32k_rc.c
00000000 l    df *ABS*	00000000 rf_drv.c
00000000 l    df *ABS*	00000000 random.c
00000000 l    df *ABS*	00000000 ll.c
00000000 l    df *ABS*	00000000 ll_adv.c
00000000 l    df *ABS*	00000000 ll_conn.c
00000000 l    df *ABS*	00000000 ll_slave.c
00843484 l     O .retention_data	00000004 bls_brxDisableNearestBrxT
00000000 l    df *ABS*	00000000 ll_pm.c
00000000 l    df *ABS*	00000000 ll_resolvlist.c
00000000 l    df *ABS*	00000000 ll_whitelist.c
00000000 l    df *ABS*	00000000 ota_server.c
000100e4 l     O .rodata	00000004 C.20.10458
00843864 l     O .retention_data	00000040 crc32_half_tbl
00000000 l    df *ABS*	00000000 ble.c
00000000 l    df *ABS*	00000000 blt_common.c
0000f6d4 l     O .rodata	00000006 C.3.8223
00000000 l    df *ABS*	00000000 app_att.c
0000f6fc l     O .rodata	00000002 clientCharacterCfgUUID
00848ec2 l     O .bss	00000001 bootKeyOutReport
00848ec4 l     O .bss	00000004 serviceChangeVal
0000f6fe l     O .rodata	00000002 my_batServiceUUID
0000f700 l     O .rodata	00000005 my_hidbootKeyOutReporCharVal
0000f708 l     O .rodata	00000002 hidIncludeUUID
0000f70a l     O .rodata	00000002 serviceChangeUUID
0000f70c l     O .rodata	00000005 my_periConnParamCharVal
0000f714 l     O .rodata	00000002 my_PnPUUID
00848ec8 l     O .bss	00000002 SppDataServer2ClientDataCCC
00848d00 l     O .data	00000001 my_batVal
0000f716 l     O .rodata	00000002 hidReportMapUUID
0000f718 l     O .rodata	00000005 my_serviceChangeCharVal
0000f720 l     O .rodata	00000005 my_hidbootKeyInReporCharVal
00848ecc l     O .bss	00000002 extServiceUUID
0000f728 l     O .rodata	00000002 my_appearance
0000f72c l     O .rodata	00000013 my_OtaCharVal
0000f740 l     O .rodata	00000010 TelinkSppServiceUUID
00848d04 l     O .data	00000001 protocolMode
00848ece l     O .bss	00000001 controlPoint
0000f750 l     O .rodata	00000002 my_appearanceUIID
0000f754 l     O .rodata	00000010 TelinkSppDataClient2ServerUUID
0000f764 l     O .rodata	00000007 my_devName
0000f76c l     O .rodata	00000002 userdesc_UUID
00848ed0 l     O .bss	00000008 reportKeyIn
00848ed8 l     O .bss	00000001 bootKeyInReport
00848edc l     O .bss	00000002 serviceChangeCCC
00848ee0 l     O .bss	00000002 batteryValueInCCC
0000f770 l     O .rodata	00000010 my_OtaUUID
00848ee4 l     O .bss	00000001 reportKeyOut
0000f780 l     O .rodata	00000002 extReportRefUUID
00848ee8 l     O .bss	00000001 SppDataClient2ServerData
0000f784 l     O .rodata	00000005 my_PnCharVal
0000f78c l     O .rodata	00000002 hidProtocolModeUUID
0000f790 l     O .rodata	00000013 TelinkSppDataServer2ClientCharVal
0000f7a4 l     O .rodata	00000002 hidReportUUID
0000f7a8 l     O .rodata	00000005 my_hidReportKEYoutCharVal
0000f7b0 l     O .rodata	00000005 my_hidReportMapCharVal
0000f7b8 l     O .rodata	00000002 my_devNameUUID
0000f7bc l     O .rodata	00000005 my_hidinformationCharVal
0000f7c4 l     O .rodata	0000005a reportMap
0000f820 l     O .rodata	00000007 my_PnPtrs
0000f828 l     O .rodata	00000002 my_periConnParamUUID
0000f82c l     O .rodata	00000008 my_periConnParameters
00848eec l     O .bss	00000002 bootKeyInReportCCC
0000f834 l     O .rodata	00000002 my_characterUUID
0000f838 l     O .rodata	00000006 include
0000f840 l     O .rodata	00000002 my_gapServiceUUID
0000f844 l     O .rodata	00000005 my_hidReportKEYinCharVal
00848ef0 l     O .bss	00000002 reportConsumerControlInCCC
0000f84c l     O .rodata	00000005 my_hidCtrlPointCharVal
0000f854 l     O .rodata	00000002 my_batCharUUID
0000f858 l     O .rodata	00000013 TelinkSppDataClient2ServerCharVal
00848ef4 l     O .bss	00000002 reportKeyInCCC
00848d08 l     O .data	00000002 reportRefKeyIn
0000f86c l     O .rodata	00000004 hidInformation
0000f870 l     O .rodata	0000001a TelinkSPPS2CDescriptor
0000f88c l     O .rodata	00000002 my_hidServiceUUID
00848ef8 l     O .bss	00000002 otaDataCCC
0000f88e l     O .rodata	00000002 my_primaryServiceUUID
00848efc l     O .bss	00000001 SppDataServer2ClientData
0000f890 l     O .rodata	00000010 TelinkSppDataServer2ClientUUID
0000f8a0 l     O .rodata	00000002 hidCtrlPointUUID
0000f8a2 l     O .rodata	00000002 my_devServiceUUID
0000f8a4 l     O .rodata	00000010 my_OtaServiceUUID
0000f8b4 l     O .rodata	00000005 my_hidReportCCinCharVal
0000f8bc l     O .rodata	00000005 my_batCharVal
0000f8c4 l     O .rodata	00000002 hidinformationUUID
00848f00 l     O .bss	00000002 reportConsumerControlIn
0000f8c6 l     O .rodata	00000002 my_gattServiceUUID
0000f8c8 l     O .rodata	00000005 my_appearanceCharVal
00848d0c l     O .data	00000002 reportRefConsumerControlIn
00848f04 l     O .bss	00000001 my_OtaData
00848d10 l     O .data	00000002 reportRefKeyOut
0000f8d0 l     O .rodata	00000002 hidbootKeyOutReportUUID
0000f8d2 l     O .rodata	00000002 hidbootKeyInReportUUID
0000f8d4 l     O .rodata	00000003 my_OtaName
0000f8d8 l     O .rodata	00000005 my_devNameCharVal
0000f8e0 l     O .rodata	0000001a TelinkSPPC2SDescriptor
0000f8fc l     O .rodata	00000005 my_hidProtocolModeCharVal
0000f904 l     O .rodata	00000002 reportRefUUID
0000f908 l     O .rodata	00000588 my_Attributes
00000000 l    df *ABS*	00000000 adc.c
00000000 l    df *ABS*	00000000 string.c
00000000 l    df *ABS*	00000000 utility.c
00000000 l    df *ABS*	00000000 keyboard.c
0000fe98 l     O .rodata	00000004 kb_map_normal
0000fe94 l     O .rodata	00000004 kb_map_num
0000fe90 l     O .rodata	00000004 kb_map_fn
00848f05 l     O .bss	00000001 kb_is_fn_pressed
00848f08 l     O .bss	00000004 ret_last.4009
00848f0c l     O .bss	00000001 release_cnt.4008
00848f10 l     O .bss	00000008 mtrx_pre.3955
00848f18 l     O .bss	00000008 mtrx_last.3956
00000000 l    df *ABS*	00000000 ll_conn_csa.c
00000000 l    df *ABS*	00000000 ll_conn_phy.c
00000000 l    df *ABS*	00000000 ll_scan.c
00848f34 l     O .bss	00000004 bls_scan_num.7379
00848f38 l     O .bss	00000004 tick_scan.7380
00000000 l    df *ABS*	00000000 phy.c
00000000 l    df *ABS*	00000000 hci.c
00000000 l    df *ABS*	00000000 hci_event.c
00000000 l    df *ABS*	00000000 att.c
00000000 l    df *ABS*	00000000 gatt.c
00000000 l    df *ABS*	00000000 gap.c
00000000 l    df *ABS*	00000000 gap_event.c
00000000 l    df *ABS*	00000000 l2cap.c
00000000 l    df *ABS*	00000000 smp.c
00010024 l     O .rodata	00000019 gen_method_sc
00010040 l     O .rodata	00000019 gen_method_legacy
00000000 l    df *ABS*	00000000 smp_peripheral.c
00000000 l    df *ABS*	00000000 smp_storage.c
000100d4 l     O .rodata	00000010 C.12.9930
008437dc l     O .retention_data	00000004 smp_param_current_start_addr
008437e4 l     O .retention_data	00000004 smp_param_next_start_addr
00000000 l    df *ABS*	00000000 ota.c
00000000 l    df *ABS*	00000000 ota_sonos_flash.c
000100e8 l     O .rodata	00000004 C.5.9923
00000000 l    df *ABS*	00000000 aes_ccm.c
0000f0ec l     F .text	0000014c aes_ccmBaseTran.clone.0.clone.2
0000f238 l     F .text	00000180 aes_ccmAuthTran.clone.1
00000000 l    df *ABS*	00000000 smp_alg.c
00000000 l    df *ABS*	00000000 rf_pa.c
0000eeec g     F .text	00000086 ota_sonos_flash_save_data
000086d4 g     F .text	0000009a doubler_calibration
008434ec g     O .retention_data	00000004 enc_ivm
00001168 g     F .ram_code	00000060 rf_set_power_level_index
00008a08 g     F .text	00000110 kb_scan_row
00843138 g     O .retention_data	00000001 flash_capacity
00849264 g     O .data_no_init	00000100 blt_buff_att_tx
008435ac g     O .retention_data	00000004 ll_phy_switch_cb
00001d40 g     F .ram_code	000000de blt_ll_start_common
00842c88 g     O .retention_data	00000001 key_type
0000d3f4 g     F .text	00000316 bls_smp_pushPkt
0000b3f4 g     F .text	000000e6 bls_pm_procGpioEarlyWakeup
0000edf4 g     F .text	00000086 bls_ota_clearNewFwDataArea
008439aa g     O .retention_data	00000001 check_finish
0000de10 g     F .text	00000044 blc_smp_peripheral_init
00849061 g       *ABS*	00000000 _end_bss_
00842c80 g     O .retention_data	00000004 interval_update_tick
00843318 g     O .retention_data	0000002b pkt_scan_rsp
00848f28 g     O .bss	00000001 txPower_index
0000cbac g     F .text	0000020e blc_l2cap_pushData_2_controller
008435d4 g     O .retention_data	00000004 blc_hci_tx_handler
008433bc g     O .retention_data	00000004 blt_pconn
008433b8 g     O .retention_data	00000004 ll_push_tx_fifo_handler
0000000c g       *ABS*	00000000 __LOAD_RAM
00008264 g     F .text	00000148 user_init_normal
00009fc8 g     F .text	00000038 blc_calc_remapping_table
008438a8 g     O .retention_data	00000100 ota_hold_dat_buff
00001a6c g     F .ram_code	000000c8 blc_ll_recoverDeepRetention
008432e8 g     O .retention_data	00000004 ll_module_adv_cb
00010004 g     O .rodata	00000010 att_access_err_no_enc
00843156 g     O .retention_data	00000002 tick_32k_calib
008436ec g     O .retention_data	00000004 func_smp_init
0000c8f0 g     F .text	0000009a blc_gap_peripheral_mainloop
0000d008 g     F .text	00000188 bls_smp_getLtkReq
00843500 g     O .retention_data	00000004 ll_module_pm_cb
00843614 g     O .retention_data	00000012 ble_devName
00009248 g     F .text	00000164 blt_ll_write_sonos_flash
00008ec8 g     F .text	00000018 pm_get_info1
0000b3e8 g     F .text	0000000c bls_pm_setSuspendMask
0000eee0 g     F .text	0000000c blt_ota_registerOtaWriteFwCallback
00001bd8 g     F .ram_code	00000166 bls_ll_procRxPacket
0000f6a4 g     F .text	00000028 blt_smp_alg_s1
00843134 g     O .retention_data	00000004 flash_read_page
0000e064 g     F .text	000000f4 bls_smp_param_initFromFlash
00008958 g     F .text	00000024 swapN
0000d70c g     F .text	000000c0 bls_smp_sendInfo
008434c8 g     O .retention_data	00000008 enc_skds
0000e5b8 g     F .text	00000058 bls_smp_loadParamVsRand
00001b6c g     F .ram_code	0000006c blc_ll_initBasicMCU
0000ed98 g     F .text	0000005c blt_proc_ota_server
0000c808 g     F .text	0000006a blc_gap_peripheral_conn_terminate_handler
00010528 g       *ABS*	00000000 _bin_size_
000095b0 g     F .text	00000010 blc_ll_isBrxBusy
000009c8 g     F .ram_code	0000003c start_reboot
00843634 g     O .retention_data	00000004 blc_gap_event_handler
0000b7dc g     F .text	000000a4 l2cap_att_search
008434b0 g     O .retention_data	00000018 blt_buff_conn
00842c68 g     O .retention_data	00000004 flash_sector_mac_address
0000e3c8 g     F .text	0000012c bls_smp_param_saveBondingInfo
0084314c g     O .retention_data	00000004 func_before_suspend
00842c78 g     O .retention_data	00000004 advertise_begin_tick
0000de78 g     F .text	0000008a smp_erase_flash_sector
0084373c g     O .retention_data	00000001 smp_DistributeKeyInit
008437e0 g     O .retention_data	00000004 bond_device_flash_cfg_idx
00843610 g     O .retention_data	00000002 blt_indicate_handle
008435c8 g     O .retention_data	00000004 hci_le_eventMask
00848f9c g     O .bss	00000080 blc_scan_device
0000e338 g     F .text	0000008e bls_smp_param_loadByEdivRand
008431fc g     O .retention_data	00000004 ll_host_main_loop_cb
0000a0e8 g     F .text	00000140 blt_ll_channel_conn_update
0000039b g       *ABS*	00000000 _ram_use_size_div_16_
00000914 g     F .ram_code	000000b4 sleep_start
000000b0 g       .vectors	00000000 __reset
000085c4 g     F .text	00000010 my_att_init
0000b184 g     F .text	00000030 blc_hci_ltkRequestNegativeReply
000025e8 g     F .ram_code	0000049e blt_brx_sleep
00000000         *UND*	00000000 hci_rx_fifo
0000c7bc g     F .text	0000004a blc_gap_peripheral_conn_complete_handler
0084363c g     O .retention_data	00000004 att_sig_hander
000087e8 g     F .text	00000068 flash_read_mid
0000cf94 g     F .text	00000074 blc_smp_param_init
00848f30 g     O .bss	00000004 blc_ll_procScanPktCb
00843470 g     O .retention_data	00000001 brx_disable_threhold
0000c724 g     F .text	00000098 blc_gatt_pushHandleValueNotify
008432b4 g     O .retention_data	00000004 pFunc_ll_SetAdv_Enable
008434f4 g     O .retention_data	00000004 pkt_slave_terminate
0084312c g     O .retention_data	00000004 adc_vref_cfg
0000ba78 g     F .text	000000c8 att_read_by_group_type_request_search
00843290 g     O .retention_data	00000004 blc_main_loop_data_cb
0000de54 g     F .text	0000000c bls_smp_get_paring_statas
00848f40 g     O .bss	00000004 scan_pin_need
00843468 g     O .retention_data	00000004 CONN_SHORT_TOLERANCE_TIME
00848ec1 g     O .bss	00000001 rev_master
0000a5c4 g     F .text	00000080 bls_ll_setNewConnection_timing
00002bc0 g     F .ram_code	00000034 blt_ota_server_terminate
00843538 g     O .retention_data	00000004 pm_appWakeupLowPowerCb
008437ec g     O .retention_data	0000005a blotaSvr
000006ec g     F .ram_code	000000b0 flash_mspi_read_ram
0084321c g     O .retention_data	00000014 bltData
0000a4d0 g     F .text	0000005c bls_ll_send_read_remote_feature_event
008435fc g     O .retention_data	0000000a bltAtt
00008948 g     F .text	00000010 memcpy
0000c98c g     F .text	00000068 blc_gap_peripheral_init
0000e6e4 g     F .text	00000040 blt_ota_reset
00002c68 g       *ABS*	00000000 _rstored_
0000b6fc g     F .text	00000024 blt_reset_conn_phy_param
00843178 g     O .retention_data	00000004 rnd_m_w
00009694 g     F .text	0000007c blc_ll_initAdvertising_module
0084346c g     O .retention_data	00000004 blt_ltk_request
0000d190 g     F .text	0000006c blc_smp_procParingEnd
0084901c g     O .bss	00000004 blts_scan_interval
000100ec g       *ABS*	00000000 _code_size_
008433c0 g     O .retention_data	00000025 g_remapping_table
00848f44 g     O .bss	00000004 deepback_key_tick
00843628 g     O .retention_data	00000004 host_ota_terminate_cb
00843848 g     O .retention_data	00000004 ota_firmware_max_size
00842e9c g     O .retention_data	00000280 blt_txfifo_b
00843168 g     O .retention_data	0000000c pm_timRecover
0000f6dc g     O .rodata	00000013 tbl_advData
00848d24 g     O .data	00000008 drive_pins
000095d8 g     F .text	0000000c blc_ll_get_macAddrPublic
00002c0c g     F .ram_code	00000014 smemset
008434e4 g     O .retention_data	00000008 enc_skdm
008437bc g     O .retention_data	0000001c tbl_bondDevice
00009aac g     F .text	00000312 blt_send_adv
00000bd8 g     F .ram_code	0000047e cpu_sleep_wakeup_32k_rc
00843798 g     O .retention_data	00000004 blc_SecReq_ctrl
0000e610 g     F .text	00000058 bls_smp_loadParamVsAddr
00001058 g     F .ram_code	00000064 pm_tim_recover_32k_rc
00843230 g     O .retention_data	00000004 LL_FEATURE_MASK_0
008434d0 g     O .retention_data	00000004 enc_ivs
000001dc g     F .ram_code	00000004 __udivsi3
0000b354 g     F .text	0000005c blt_slave_main_loop_post
0084360e g     O .retention_data	00000002 pAppPrepareWrite_max_len
0000de6c g     F .text	0000000c bls_smp_configParingSecurityInfoStorageAddr
00843608 g     O .retention_data	00000004 pAppPrepareWriteBuff
000093dc g     F .text	00000010 bls_app_registerEventCallback
0000e2dc g     F .text	0000005c bls_smp_param_deleteByIndex
0084385c g     O .retention_data	00000004 otaResIndicateCb
0084335c g     O .retention_data	00000001 blt_ll_version_ind_rsp_flag
00843650 g     O .retention_data	0000000c para_upReq
00848d3c g       .data	00000000 _end_data_
00843150 g     O .retention_data	00000004 blt_miscParam
00848f20 g     O .bss	00000004 pm_get_32k_tick
0000e76c g     F .text	000000ba ota_save_data
0000b4dc g     F .text	000000de blc_pm_procGpioPadEarlyWakeup
0000e6c4 g     F .text	00000020 crc32_half_cal
0000b76c g     F .text	00000024 hci_le_chennel_selection_algorithm_evt
00843638 g     O .retention_data	00000004 att_client_handler
0084311c g     O .retention_data	0000000c blt_txfifo
000083ac g     F .text	0000004c Sci_CRC16RTU
008439ac g       .retention_data	00000000 _retention_data_end_
008436f8 g     O .retention_data	00000004 blc_smpFinishCb
00843740 g     O .retention_data	00000001 smp_DistributeKeyResp
000093d0 g     F .text	0000000c blc_ll_registerConnectionTerminateHandler
00009dd0 g     F .text	000000b2 blt_ll_channelTable_calc
0000d22c g     F .text	000000a4 bls_smp_encryption_done
008434d4 g     O .retention_data	00000010 enc_ltk
008435b8 g     O .retention_data	00000004 tx_settle_slave
000010bc g     F .ram_code	00000084 rf_ble_1m_param_init
00843860 g     O .retention_data	00000004 ota_program_offset
0000244c g     F .ram_code	0000019c irq_blc_slave_rx_data
0000b7cc g     F .text	00000010 bls_att_setAttributeTable
00843128 g     O .retention_data	00000001 sendTerminate_before_enterDeep
0000844c g     F .text	00000164 main_loop
0000c9f4 g     F .text	0000001e blc_gap_send_event
00843354 g     O .retention_data	00000004 advertise_prepare_handler
00843180 g     O .retention_data	00000028 bltParam
0000e8a4 g     F .text	00000038 blt_ota_pushVersionRsp
00843238 g     O .retention_data	00000004 blt_p_event_callback
0000a644 g     F .text	00000256 blt_connect
00848f48 g     O .bss	00000020 matrix_buff
00848d40 g       .bss	00000000 _start_bss_
0084379c g     O .retention_data	00000001 smp_bound_mask
0000a33c g     F .text	0000006c bls_ll_pushEncPkt
00848f88 g     O .bss	00000004 pmParam
00008770 g     F .text	0000001a flash_read_data
0000861c g     F .text	00000062 rc_24m_cal
0000b5bc g     F .text	00000038 blc_pm_proc_no_suspend
0000dbe4 g     F .text	00000018 blc_smp_sendSecurityRequest
00843360 g     O .retention_data	00000058 blttcon
0000a3a8 g     F .text	000000d2 bls_ll_security_proc
00843358 g     O .retention_data	00000004 ll_module_advSlave_cb
00843540 g     O .retention_data	00000032 ll_resolvingList_tbl
00001fdc g     F .ram_code	00000128 blt_brx_timing_update
0000f3b8 g     F .text	0000006c aes_ll_encryption
0000a52c g     F .text	0000005c blt_set_fsmTimeout_intLevel
00848d2c g     O .data	00000008 scan_pins
000095c0 g     F .text	0000000c blc_ll_getCurrentState
0000b960 g     F .text	00000118 att_find_by_type_value_search
0000df98 g     F .text	000000ca bls_smp_param_Cleanflash
008435f8 g     O .retention_data	00000004 att_service_discover_tick
008436f4 g     O .retention_data	00000004 func_smp_check
0084317c g     O .retention_data	00000004 rnd_m_z
00843474 g     O .retention_data	00000010 bls_timing
008439a8 g     O .retention_data	00000001 check_in
00848900 g     O .data	00000400 test_buf
008431ac g     O .retention_data	00000050 blt_event_func
0000aa84 g     F .text	0000004c bls_ll_enc_proc_disConnect
008435ec g     O .retention_data	0000000b pkt_errRsp
008432b8 g     O .retention_data	00000010 blc_tlkEvent_data
000094d8 g     F .text	00000054 blc_ll_initStandby_module
0000caf4 g     F .text	00000018 bls_l2cap_requestConnParamUpdate
00843240 g     O .retention_data	00000004 revert_conn_crc
00843160 g     O .retention_data	00000004 tick_32k_cur
0000b880 g     F .text	000000e0 att_Find_end_group
0000bb40 g     F .text	00000b72 l2cap_att_handler
00843200 g     O .retention_data	00000004 ll_encryption_done_cb
0000f6f0 g     O .rodata	00000009 tbl_scanRsp
000081d0 g     F .text	00000094 key_change_proc
0084313c g     O .retention_data	00000004 flash_write_page
000083f8 g     F .text	00000052 notify_big_packet
00000000         *UND*	00000000 usb_bulk_out_get_data
00002c34 g     F .ram_code	00000034 smemcmp
0084362c g     O .retention_data	00000004 host_ota_main_loop_cb
00009710 g     F .text	00000020 bls_ll_setAdvDuration
000099c8 g     F .text	000000e2 blc_ll_procConnectReq
00000614 g     F .ram_code	00000028 clock_init
0000d2d0 g     F .text	00000124 bls_smp_pairing_success
000001d8 g     F .ram_code	00000004 __umodsi3
0084367c g     O .retention_data	00000014 blc_smpMng
0000b720 g     F .text	0000001e blc_hci_send_event
0000e4f4 g     F .text	000000c2 bls_smp_param_loadByAddr
008436e4 g     O .retention_data	00000004 smp_timeout_start_tick
00002a88 g     F .ram_code	000000ac ll_searchAddr_in_WhiteList_and_ResolvingList
0000e21c g     F .text	00000046 bls_smp_param_loadByIndex
00843234 g     O .retention_data	00000004 LL_FEATURE_MASK_1
00000000 g       .vectors	00000000 __start
0000d7cc g     F .text	00000416 l2cap_smp_handler
0000885c g     F .text	0000000c flash_get_capacity
0000f4b8 g     F .text	00000098 aes_ll_ccm_encryption
00842c70 g     O .retention_data	00000001 app_own_address_type
00009194 g     F .text	00000084 random_generator_init
00008900 g     F .text	00000032 bbcopy
00009458 g     F .text	0000007e blt_ll_exchangeDataLength
00848d14 g     O .data	00000010 kb_p_map
00848f98 g     O .bss	00000004 ll_module_init_cb
00848900 g       .data	00000000 _start_data_
00843174 g     O .retention_data	00000002 g_RFMode
0084360c g     O .retention_data	00000002 prepare_pkt_current_len
00009804 g     F .text	000001c4 bls_ll_setAdvParam
000097b4 g     F .text	00000050 bls_ll_setScanRspData
00849020 g     O .bss	00000040 blc_scanRsp_device
00843294 g     O .retention_data	00000004 blc_main_loop_post_cb
00009034 g     F .text	00000024 soft_reboot_dly13ms_use24mRC
0000815c g     F .text	0000002c task_terminate
008435b0 g     O .retention_data	00000004 ll_get_conn_phy_ptr_cb
000090c0 g     F .text	00000034 rf_start_brx
008434f8 g     O .retention_data	00000001 restart_encryption
00849064 g     O .data_no_init	00000100 blt_buff_prepare_write
008435e0 g     O .retention_data	00000009 pkt_mtu_rsp
000015dc g     F .ram_code	000001ae irq_blt_sdk_handler
00009f98 g     F .text	0000002e blt_ll_unknown_rsp
008436dc g     O .retention_data	00000004 func_smp_sc_pushPkt_proc
00008998 g     F .text	00000070 key_debounce_filter
00008034 g     F .text	000000fa blc_initMacAddress
00000900 g     F .ram_code	00000014 sleep_us
0000a9fc g     F .text	00000086 blt_terminate_proc
00009120 g     F .text	00000074 random_generator_pre_init
000012c8 g     F .ram_code	00000040 rand
008433e5 g     O .retention_data	00000001 g_num_used_chans
00000000         *UND*	00000000 firmware_encrypt_based_on_uid
0000f60c g     F .text	00000098 blt_smp_alg_c1
000095e4 g     F .text	000000b0 bls_ll_setAdvEnable
008435a0 g     O .retention_data	0000000a bltPHYs
0084315c g     O .retention_data	00000004 tick_cur
00848f8c g     O .bss	00000004 pm_tim_recover
00842e90 g     O .retention_data	0000000c blt_rxfifo
00843850 g     O .retention_data	00000004 ota_firmware_size_k
00008850 g     F .text	0000000c flash_set_capacity
0000e688 g     F .text	0000003c crc16
0000f424 g     F .text	00000094 aes_ll_ccm_encryption_init
00000a6c g     F .ram_code	0000016a cpu_wakeup_init
0000cee0 g     F .text	0000002c blc_smp_setResponderKey
0000a270 g     F .text	000000cc bls_ll_pushTxFifo
0000b790 g     F .text	0000003c hci_le_data_len_update_evt
00848f68 g     O .bss	00000008 kb_event
00000318 g     F .ram_code	00000000 blt_packet_crc24_opt
00842c90 g     O .retention_data	00000200 blt_rxfifo_b
008435d0 g     O .retention_data	00000004 blc_hci_rx_handler
000085d4 g     F .text	00000048 adc_set_ref_voltage
008432a8 g     O .retention_data	00000004 ll_encryption_pause_cb
00001344 g     F .ram_code	0000025e irq_blc_ll_rx
0000c6b4 g     F .text	0000000c blt_att_resetEffectiveMtuSize
0000fe9c g     O .rodata	0000001a cmd_length_array
00843164 g     O .retention_data	00000001 tl_24mrc_cal
0000cdbc g     F .text	0000010a blc_l2cap_packet_receive
008435dc g     O .retention_data	00000004 gAttributes
000088d0 g     F .text	00000030 memcmp
008439a9 g     O .retention_data	00000001 check_out
00848d34 g     O .data	00000006 blt_tx_empty_packet
0000c6c0 g     F .text	0000000c blt_att_resetRxMtuSize
00843210 g     O .retention_data	0000000c bltMac
00000020 g     F .vectors	00000000 start_suspend
00848f70 g     O .bss	00000004 matrix_rptr
00842c6c g     O .retention_data	00000004 flash_sector_calibration
0000e828 g     F .text	00000030 blt_ota_setResult
00843144 g     O .retention_data	00000004 get_flash_mid
008437b8 g     O .retention_data	00000001 flag_smp_param_valid
00009218 g     F .text	0000002e generateRandomNum
00001308 g     F .ram_code	0000003a blt_event_callback_func
00842c7c g     O .retention_data	00000004 latest_user_event_tick
0000a000 g     F .text	00000008 blt_ll_get_conn_phy_ptr
0000ed60 g     F .text	00000038 blt_ota_pushSchedulerIndication
00000000         *UND*	00000000 hci_tx_fifo
00009058 g     F .text	00000066 cpu_set_gpio_wakeup
00843148 g     O .retention_data	00000004 blc_rf_pa_cb
008434f1 g     O .retention_data	00000001 bls_peer_start_enc_flag
0000aad0 g     F .text	0000065e blt_ll_packet_proc
00002c20 g     F .ram_code	00000014 smemcpy
00843488 g     O .retention_data	00000028 blc_cyrpt_para
0000233c g     F .ram_code	0000010e irq_slave_system_timer
00843298 g     O .retention_data	00000004 tick_rc24mCal
00008934 g     F .text	00000014 memset
0000b5f4 g     F .text	00000106 blc_ll_switchScanChannel
00000454 g     F .ram_code	0000013e main
0000b3bc g     F .text	0000002c blc_ll_initPowerManagement_module
0000f0dc g     F .text	00000010 ota_sonos_flash_init
000005d4 g     F .ram_code	00000040 analog_write
008436d8 g     O .retention_data	00000004 func_smp_sc_proc
008433e8 g     O .retention_data	00000004 ll_chn_index_calc_cb
008432cc g     O .retention_data	00000018 blta
0000b148 g     F .text	0000003c blc_hci_ltkRequestReply
008433fc g     O .retention_data	00000004 ll_conn_phy_swicth_cb
00843350 g     O .retention_data	00000004 blc_rcvd_connReq_tick
008432e4 g     O .retention_data	00000003 blc_adv_channel
00843130 g     O .retention_data	00000001 system_clk_type
0000ed08 g     F .text	00000056 blt_ota_procOtaFinish
0000b1b4 g     F .text	00000040 bls_ll_procUpdateReq
008437a0 g     O .retention_data	00000014 smp_sign_info
008435b4 g     O .retention_data	00000004 tx_settle_adv
0000b3b0 g     F .text	0000000c blc_pm_get_brx_early_time
00000444 g     F .ram_code	00000002 blt_pm_proc
00001e20 g     F .ram_code	000000e4 blt_ll_connect_common
008436fc g     O .retention_data	00000010 smpOwnRand_const
00000a04 g     F .ram_code	00000068 cpu_get_32k_tick
00008000 g     F .text	00000034 blc_readFlashSize_autoConfigCustomFlashSector
0000cb0c g     F .text	000000a0 blt_update_parameter_request
00008b18 g     F .text	00000108 kb_key_pressed
0084329c g     O .retention_data	00000004 tick_doublerCal
00008130 g     F .text	0000002c app_switch_to_indirect_adv
00843630 g     O .retention_data	00000004 gap_eventMask
008434f0 g     O .retention_data	00000001 blt_smp_empty_pkt_entry
0000897c g     F .text	0000001a swapX
000001d4 g     F .ram_code	00000004 __divsi3
00001f04 g     F .ram_code	000000d8 blt_push_fifo_hw
0084372c g     O .retention_data	00000010 smpParingOwnCSRK
000093ac g     F .text	0000000c blc_ll_registerHostMainloopCallback
0000df04 g     F .text	00000092 smp_write_flash_page
0000dbfc g     F .text	00000114 bls_smp_setAddress
00843660 g     O .retention_data	0000001c smpResSignalPkt
0000ca14 g     F .text	0000000c blc_l2cap_register_handler
00843284 g     O .retention_data	00000004 ll_irq_systemTick_conn_cb
008432ac g     O .retention_data	00000004 lmp_tick
0000a89c g     F .text	000000ea connUpdate_mapUpdate_proc
008435c0 g     O .retention_data	00000004 blc_hci_event_handler
008437b6 g     O .retention_data	00000001 device_mac_index
000003ec g     F .ram_code	00000058 proc_keyboard
00843574 g     O .retention_data	00000008 blts
008436e0 g     O .retention_data	00000001 smpDistirbuteKeyOrder
008432c8 g     O .retention_data	00000004 blt_advExpectTime
00842c68 g       .retention_data	00000000 _retention_data_start_
0000ef74 g     F .text	00000168 ota_sonos_flash_write_fw
00848f3c g     O .bss	00000004 blc_ll_procScanDatCb
00000594 g     F .ram_code	00000040 analog_read
008436f0 g     O .retention_data	00000004 func_smp_info
0000b740 g     F .text	0000002c hci_le_phyUpdateComplete_evt
0000079c g     F .ram_code	0000007c flash_mspi_write_ram
008437d8 g     O .retention_data	00000004 SMP_PARAM_NV_ADDR_START
00843154 g     O .retention_data	00000001 pm_bit_info
0084357c g     O .retention_data	00000022 ll_whiteList_tbl
00843690 g     O .retention_data	00000048 smp_param_own
0000b130 g     F .text	00000018 blt_slave_main_loop_data
0084334c g     O .retention_data	00000004 ll_adv2conn_cb
00008188 g     F .text	00000048 task_connect
00000000         *UND*	00000000 btusb_bulk_in_packet
008435cc g     O .retention_data	00000004 hci_le_eventMask_2
008433ec g     O .retention_data	0000000c blt_conn_phy
00008c20 g     F .text	000001d0 kb_scan_key_value
008435d8 g     O .retention_data	00000002 lmp_subversion
0000e724 g     F .text	00000046 blt_ota_writeBootMark
0000a588 g     F .text	0000003c blt_brx_timing_update_init
00002218 g     F .ram_code	00000122 blt_brx_post
00843204 g     O .retention_data	00000004 ll_connComplete_handler
00009f58 g     F .text	00000040 blt_ll_conn_main_loop_post
00008868 g     F .text	00000068 flash_get_vendor
00848f90 g     O .bss	00000004 cpu_sleep_wakeup
0000f550 g     F .text	000000bc aes_ll_ccm_decryption
00842c84 g     O .retention_data	00000004 key_not_released
0000044c g     F .ram_code	00000008 irq_handler
0000dd10 g     F .text	000000fe bls_smp_peripheral_paring_loop
000093ec g     F .text	0000006c blc_ll_initDataLengthExtension
00008680 g     F .text	00000054 rc_32k_cal
00843244 g     O .retention_data	00000040 Crc24Lookup
00002104 g     F .ram_code	00000112 blt_brx_start
000015a4 g     F .ram_code	00000036 irq_ll_system_timer
0000e668 g     F .text	00000020 blc_smp_param_updateToNearestByIndex
008431a8 g     O .retention_data	00000004 hci_tlk_module_eventMask
0084365c g     O .retention_data	00000004 blc_connUpdateSendTime_us
00000000         *UND*	00000000 btusb_interrupt_in_packet
0084370c g     O .retention_data	00000010 smpOwnParingConfirm
0084384c g     O .retention_data	00000004 ota_program_bootAddr
008438a4 g     O .retention_data	00000004 ota_write_fw_cb
0084353c g     O .retention_data	00000001 blt_buff_process_pending
00000000         *UND*	00000000 edp_toggle
0000e158 g     F .text	000000c2 bls_smp_searchBondingDevice_in_Flash_by_Address
00009e84 g     F .text	000000d2 blc_procPendingEvent
00010014 g     O .rodata	00000010 att_access_err_enc
00002b34 g     F .ram_code	0000008c smp_quickResolvPrivateAddr
008432ec g     O .retention_data	0000002b pkt_adv
0000e264 g     F .text	0000003c bls_smp_param_getBondFlag_by_flashAddress
00000000         *UND*	00000000 usbmouse_hid_report
00001b34 g     F .ram_code	00000038 blc_ll_getTxFifoNumber
0000e2a0 g     F .text	0000003c bls_smp_param_getIndexByFLashAddr
008434fc g     O .retention_data	00000004 blt_dleSendTime_tick
0000a058 g     F .text	00000084 blc_ll_initSlaveRole_module
00848f74 g     O .bss	00000001 deepback_key_state
0000cf0c g     F .text	00000088 blc_smp_getGenMethod
0000d1fc g     F .text	00000030 blc_smp_certTimeoutLoopEvt
00843140 g     O .retention_data	00000004 flash_type
0084328c g     O .retention_data	00000004 blc_main_loop_phyTest_cb
00842c74 g     O .retention_data	00000004 device_in_connection_state
000011f4 g     F .ram_code	000000d4 rf_set_ble_channel
0000178c g     F .ram_code	000002de blt_sdk_main_loop
0000878c g     F .text	0000003c flash_page_program
00843858 g     O .retention_data	00000004 otaVersionCb
0000a228 g     F .text	00000048 irq_blc_slave_tx
008435c4 g     O .retention_data	00000004 hci_eventMask
00849164 g     O .data_no_init	00000100 blt_buff_ll_rx
008437b4 g     O .retention_data	00000001 simple_muti_mac_en
0000952c g     F .text	00000084 reverse_32bit
008432a4 g     O .retention_data	00000004 blc_l2cap_handler
0084320c g     O .retention_data	00000004 blc_tlkEvent_pending
00843288 g     O .retention_data	00000004 ll_irq_tx_cb
0000a0dc g     F .text	0000000c blc_ll_registerLtkReqEvtCb
0000a47c g     F .text	00000054 bls_ll_terminateConnection
00000220 g     F .ram_code	00000000 mz_mul2
008437e8 g     O .retention_data	00000004 crc16_poly
00843640 g     O .retention_data	00000004 l2cap_connUpdateRsp_cb
000095cc g     F .text	0000000c blc_ll_get_macAddrRandom
000001d0 g     F .ram_code	00000004 __modsi3
0000ec90 g     F .text	00000078 blt_ota_procOtaResultFeedback
008436e8 g     O .retention_data	00000001 smpPkShftCnt
00843400 g     O .retention_data	00000068 bltc
00848f94 g     O .bss	00000004 pm_curr_stack
008433f8 g     O .retention_data	00000004 ll_conn_phy_update_cb
0000c6cc g     F .text	00000058 blc_gatt_requestServiceAccess
000001a0 g       .vectors	00000000 __irq
00848f78 g     O .bss	00000008 kb_event_cache
00000000         *UND*	00000000 usb_bulk_in_packet
0000ee7c g     F .text	00000064 blc_ota_initOtaServer_module
00843644 g     O .retention_data	0000000c l2cap_buff
00843794 g     O .retention_data	00000004 smp_phase_record
000093c4 g     F .text	0000000c blc_ll_registerConnectionCompleteHandler
00001140 g     F .ram_code	00000028 rf_drv_init
00843854 g     O .retention_data	00000004 otaStartCb
008435bc g     O .retention_data	00000004 tx_settle_master
0000a008 g     F .text	0000004e blt_ll_sendPhyReq
0000a988 g     F .text	00000074 blt_terminate_pending_proc
00843158 g     O .retention_data	00000001 pm_long_suspend
000100ec g       *ABS*	00000000 _dstored_
0000c874 g     F .text	0000007c blt_process_pendingPkt
00848f2c g     O .bss	00000004 ll_irq_rx_post_cb
00002bf4 g     F .ram_code	00000018 blt_ota_server_main_loop
008437b5 g     O .retention_data	00000001 flag_smp_param_save_base
00848f80 g     O .bss	00000004 matrix_wptr
00843744 g     O .retention_data	00000050 smp_param_peer
008432a0 g     O .retention_data	00000004 blt_bb
000001e0 g     F .ram_code	0000003c div
008432b0 g     O .retention_data	00000004 lmp_timeout
0084371c g     O .retention_data	00000010 smpParingOwnIRK
0000b1f4 g     F .text	0000015e bls_procPendingEvent
00000818 g     F .ram_code	000000e8 gpio_init
0000cec8 g     F .text	00000018 blc_smp_pushParingFailed
00843344 g     O .retention_data	00000008 advData_backup
0000e8dc g     F .text	000003b2 otaWrite
0000e858 g     F .text	0000004c blt_ota_procTimeout
00843534 g     O .retention_data	00000004 blt_next_event_tick
00849060 g     O .bss	00000001 blm_scan_type
000087c8 g     F .text	00000020 flash_erase_sector
000093b8 g     F .text	0000000c blc_ll_registerConnectionEncryptionDoneCallback
000011c8 g     F .ram_code	0000002c rf_start_stx
00848f24 g     O .bss	00000004 pm_check_32k_clk_stable
000085b0 g     F .text	00000014 module_onReceiveData
00009730 g     F .text	00000084 bls_ll_setAdvData
00848f84 g     O .bss	00000004 kb_k_mp
00843208 g     O .retention_data	00000004 ll_connTerminate_handler
000003e0 g     F .ram_code	0000000a user_set_rf_power
00009dc0 g     F .text	00000010 blc_ll_initConnection_module
00843504 g     O .retention_data	00000030 bltPm
0084323c g     O .retention_data	00000004 ll_irq_rx_data_cb
00000448 g     F .ram_code	00000002 user_init_deepRetn
0000ca20 g     F .text	000000d4 blt_ll_pack
008437b7 g     O .retention_data	00000001 flag_smp_param_mask
000090f4 g     F .text	0000002c rf_start_stx2rx
0000de60 g     F .text	0000000c blc_smp_param_getCurrentBondingDeviceNumber



Disassembly of section .vectors:

00000000 <__start>:
   0:	8056      	tj.n	b0 <__reset>
   2:	0000      	tands	r0, r0
   4:	0000      	tands	r0, r0
   6:	0000      	tands	r0, r0
   8:	544c4e4b 	tstorerbpl	r4, [ip], #-3659	; 0xe4b
   c:	0088039b 	umulleq	r0, r8, fp, r3
  10:	80c6      	tj.n	1a0 <__irq>
  12:	0000      	tands	r0, r0
  14:	0000      	tands	r0, r0
  16:	0000      	tands	r0, r0
  18:	00010528 	tandeq	r0, r1, r8, lsr #10
  1c:	00000000 	tandeq	r0, r0, r0

00000020 <start_suspend>:
start_suspend():
  20:	640c      	tpush	{r2, r3}
  22:	a281      	tmovs	r2, #129	; 0x81
  24:	0b21      	tloadr	r3, [pc, #132]	; (ac <__suspend_data>)
  26:	401a      	tstorerb	r2, [r3, #0]
  28:	06c0      	tmov	r8, r8
  2a:	06c0      	tmov	r8, r8
  2c:	06c0      	tmov	r8, r8
  2e:	06c0      	tmov	r8, r8
  30:	06c0      	tmov	r8, r8
  32:	06c0      	tmov	r8, r8
  34:	06c0      	tmov	r8, r8
  36:	06c0      	tmov	r8, r8
  38:	06c0      	tmov	r8, r8
  3a:	06c0      	tmov	r8, r8
  3c:	06c0      	tmov	r8, r8
  3e:	06c0      	tmov	r8, r8
  40:	06c0      	tmov	r8, r8
  42:	06c0      	tmov	r8, r8
  44:	06c0      	tmov	r8, r8
  46:	06c0      	tmov	r8, r8
  48:	06c0      	tmov	r8, r8
  4a:	06c0      	tmov	r8, r8
  4c:	06c0      	tmov	r8, r8
  4e:	06c0      	tmov	r8, r8
  50:	06c0      	tmov	r8, r8
  52:	06c0      	tmov	r8, r8
  54:	06c0      	tmov	r8, r8
  56:	06c0      	tmov	r8, r8
  58:	06c0      	tmov	r8, r8
  5a:	06c0      	tmov	r8, r8
  5c:	06c0      	tmov	r8, r8
  5e:	06c0      	tmov	r8, r8
  60:	06c0      	tmov	r8, r8
  62:	06c0      	tmov	r8, r8
  64:	06c0      	tmov	r8, r8
  66:	06c0      	tmov	r8, r8
  68:	06c0      	tmov	r8, r8
  6a:	06c0      	tmov	r8, r8
  6c:	06c0      	tmov	r8, r8
  6e:	06c0      	tmov	r8, r8
  70:	06c0      	tmov	r8, r8
  72:	06c0      	tmov	r8, r8
  74:	06c0      	tmov	r8, r8
  76:	06c0      	tmov	r8, r8
  78:	06c0      	tmov	r8, r8
  7a:	06c0      	tmov	r8, r8
  7c:	06c0      	tmov	r8, r8
  7e:	06c0      	tmov	r8, r8
  80:	06c0      	tmov	r8, r8
  82:	06c0      	tmov	r8, r8
  84:	06c0      	tmov	r8, r8
  86:	06c0      	tmov	r8, r8
  88:	06c0      	tmov	r8, r8
  8a:	06c0      	tmov	r8, r8
  8c:	06c0      	tmov	r8, r8
  8e:	06c0      	tmov	r8, r8
  90:	06c0      	tmov	r8, r8
  92:	06c0      	tmov	r8, r8
  94:	06c0      	tmov	r8, r8
  96:	06c0      	tmov	r8, r8
  98:	06c0      	tmov	r8, r8
  9a:	06c0      	tmov	r8, r8
  9c:	06c0      	tmov	r8, r8
  9e:	06c0      	tmov	r8, r8
  a0:	06c0      	tmov	r8, r8
  a2:	06c0      	tmov	r8, r8
  a4:	06c0      	tmov	r8, r8
  a6:	06c0      	tmov	r8, r8
  a8:	6c0c      	tpop	{r2, r3}
  aa:	0770      	tjex	lr

000000ac <__suspend_data>:
  ac:	0080006f 	taddeq	r0, r0, pc, rrx

000000b0 <__reset>:
  b0:	a204      	tmovs	r2, #4
  b2:	4811      	tloadrb	r1, [r2, #0]
  b4:	a0a5      	tmovs	r0, #165	; 0xa5
  b6:	0288      	tcmp	r0, r1
  b8:	c103      	tjne.n	c2 <FLASH_WAKEUP_BEGIN>
  ba:	a205      	tmovs	r2, #5
  bc:	4811      	tloadrb	r1, [r2, #0]
  be:	0834      	tloadr	r0, [pc, #208]	; (190 <BOOT_SEL_D>)
  c0:	4001      	tstorerb	r1, [r0, #0]

000000c2 <FLASH_WAKEUP_BEGIN>:
  c2:	0834      	tloadr	r0, [pc, #208]	; (194 <FLASH_RECOVER>)
  c4:	a100      	tmovs	r1, #0
  c6:	4041      	tstorerb	r1, [r0, #1]
  c8:	a1ab      	tmovs	r1, #171	; 0xab
  ca:	4001      	tstorerb	r1, [r0, #0]
  cc:	a200      	tmovs	r2, #0
  ce:	a306      	tmovs	r3, #6

000000d0 <TNOP>:
  d0:	b201      	tadds	r2, #1
  d2:	029a      	tcmp	r2, r3
  d4:	cdfc      	tjle.n	d0 <TNOP>
  d6:	a101      	tmovs	r1, #1
  d8:	4041      	tstorerb	r1, [r0, #1]

000000da <FLASH_WAKEUP_END>:
  da:	0825      	tloadr	r0, [pc, #148]	; (170 <FLL_D>)
  dc:	0925      	tloadr	r1, [pc, #148]	; (174 <FLL_D+0x4>)
  de:	0a26      	tloadr	r2, [pc, #152]	; (178 <FLL_D+0x8>)

000000e0 <FLL_STK>:
  e0:	0291      	tcmp	r1, r2
  e2:	ca02      	tjge.n	ea <FLL_STK_END>
  e4:	5008      	tstorer	r0, [r1, #0]
  e6:	b104      	tadds	r1, #4
  e8:	87fa      	tj.n	e0 <FLL_STK>

000000ea <FLL_STK_END>:
  ea:	0814      	tloadr	r0, [pc, #80]	; (13c <DAT0>)
  ec:	6bc0      	tmcsr	r0
  ee:	0815      	tloadr	r0, [pc, #84]	; (144 <DAT0+0x8>)
  f0:	0685      	tmov	sp, r0
  f2:	0813      	tloadr	r0, [pc, #76]	; (140 <DAT0+0x4>)
  f4:	6bc0      	tmcsr	r0
  f6:	0814      	tloadr	r0, [pc, #80]	; (148 <DAT0+0xc>)
  f8:	0685      	tmov	sp, r0
  fa:	a000      	tmovs	r0, #0
  fc:	0913      	tloadr	r1, [pc, #76]	; (14c <DAT0+0x10>)
  fe:	0a14      	tloadr	r2, [pc, #80]	; (150 <DAT0+0x14>)

00000100 <ZERO>:
 100:	0291      	tcmp	r1, r2
 102:	ca02      	tjge.n	10a <ZERO_END>
 104:	5008      	tstorer	r0, [r1, #0]
 106:	b104      	tadds	r1, #4
 108:	87fa      	tj.n	100 <ZERO>

0000010a <ZERO_END>:
 10a:	0913      	tloadr	r1, [pc, #76]	; (158 <DAT0+0x1c>)
 10c:	0a13      	tloadr	r2, [pc, #76]	; (15c <DAT0+0x20>)

0000010e <ZERO_TAG>:
 10e:	0291      	tcmp	r1, r2
 110:	ca02      	tjge.n	118 <SETIC>
 112:	5008      	tstorer	r0, [r1, #0]
 114:	b104      	tadds	r1, #4
 116:	87fa      	tj.n	10e <ZERO_TAG>

00000118 <SETIC>:
 118:	090e      	tloadr	r1, [pc, #56]	; (154 <DAT0+0x18>)
 11a:	0811      	tloadr	r0, [pc, #68]	; (160 <DAT0+0x24>)
 11c:	4008      	tstorerb	r0, [r1, #0]
 11e:	b001      	tadds	r0, #1
 120:	4048      	tstorerb	r0, [r1, #1]
 122:	0910      	tloadr	r1, [pc, #64]	; (164 <DATA_I>)
 124:	0a10      	tloadr	r2, [pc, #64]	; (168 <DATA_I+0x4>)
 126:	0b11      	tloadr	r3, [pc, #68]	; (16c <DATA_I+0x8>)

00000128 <COPY_DATA>:
 128:	029a      	tcmp	r2, r3
 12a:	ca04      	tjge.n	136 <COPY_DATA_END>
 12c:	5808      	tloadr	r0, [r1, #0]
 12e:	5010      	tstorer	r0, [r2, #0]
 130:	b104      	tadds	r1, #4
 132:	b204      	tadds	r2, #4
 134:	87f8      	tj.n	128 <COPY_DATA>

00000136 <COPY_DATA_END>:
 136:	9000 998d 	tjl	454 <main>

0000013a <END>:
 13a:	87fe      	tj.n	13a <END>

0000013c <DAT0>:
 13c:	00000012 	tandeq	r0, r0, r2, lsl r0
 140:	00000013 	tandeq	r0, r0, r3, lsl r0
 144:	00848ec0 	taddeq	r8, r4, r0, asr #29
 148:	00850000 	taddeq	r0, r5, r0
 14c:	00848d40 	taddeq	r8, r4, r0, asr #26
 150:	00849061 	taddeq	r9, r4, r1, rrx
 154:	0080060c 	taddeq	r0, r0, ip, lsl #12
 158:	00844000 	taddeq	r4, r4, r0
 15c:	00844100 	taddeq	r4, r4, r0, lsl #2
 160:	00000040 	tandeq	r0, r0, r0, asr #32

00000164 <DATA_I>:
 164:	000100ec 	tandeq	r0, r1, ip, ror #1
 168:	00848900 	taddeq	r8, r4, r0, lsl #18
 16c:	00848d3c 	taddeq	r8, r4, ip, lsr sp

00000170 <FLL_D>:
 170:	ffffffff 	undefined instruction 0xffffffff
 174:	00848900 	taddeq	r8, r4, r0, lsl #18
 178:	00848920 	taddeq	r8, r4, r0, lsr #18
 17c:	00842c68 	taddeq	r2, r4, r8, ror #24
 180:	008439ac 	taddeq	r3, r4, ip, lsr #19
 184:	00002c68 	tandeq	r2, r0, r8, ror #24
 188:	0000039b 	tmuleq	r0, fp, r3

0000018c <DEBUG_GPIO>:
 18c:	0080058a 	taddeq	r0, r0, sl, lsl #11

00000190 <BOOT_SEL_D>:
 190:	0080063e 	taddeq	r0, r0, lr, lsr r6

00000194 <FLASH_RECOVER>:
 194:	0080000c 	taddeq	r0, r0, ip
 198:	46c0      	tnop			; (mov r8, r8)
 19a:	46c0      	tnop			; (mov r8, r8)
 19c:	46c0      	tnop			; (mov r8, r8)
 19e:	46c0      	tnop			; (mov r8, r8)

000001a0 <__irq>:
 1a0:	6500      	tpush	{lr}
 1a2:	64ff      	tpush	{r0, r1, r2, r3, r4, r5, r6, r7}
 1a4:	6bd8      	tmrss	r0
 1a6:	0641      	tmov	r1, r8
 1a8:	064a      	tmov	r2, r9
 1aa:	0653      	tmov	r3, sl
 1ac:	065c      	tmov	r4, fp
 1ae:	0665      	tmov	r5, ip
 1b0:	643f      	tpush	{r0, r1, r2, r3, r4, r5}
 1b2:	9000 994b 	tjl	44c <irq_handler>
 1b6:	6c3f      	tpop	{r0, r1, r2, r3, r4, r5}
 1b8:	0688      	tmov	r8, r1
 1ba:	0691      	tmov	r9, r2
 1bc:	069a      	tmov	sl, r3
 1be:	06a3      	tmov	fp, r4
 1c0:	06ac      	tmov	ip, r5
 1c2:	6bd0      	tmssr	r0
 1c4:	6cff      	tpop	{r0, r1, r2, r3, r4, r5, r6, r7}
 1c6:	6900      	treti	{pc}

000001c8 <ASMEND>:
 1c8:	46c0      	tnop			; (mov r8, r8)
 1ca:	46c0      	tnop			; (mov r8, r8)
 1cc:	46c0      	tnop			; (mov r8, r8)
 1ce:	46c0      	tnop			; (mov r8, r8)

Disassembly of section .ram_code:

000001d0 <__modsi3>:
__modsi3():
     1d0:	a203      	tmovs	r2, #3
     1d2:	8005      	tj.n	1e0 <div>

000001d4 <__divsi3>:
__divsi3():
     1d4:	a201      	tmovs	r2, #1
     1d6:	8003      	tj.n	1e0 <div>

000001d8 <__umodsi3>:
__umodsi3():
     1d8:	a202      	tmovs	r2, #2
     1da:	8001      	tj.n	1e0 <div>

000001dc <__udivsi3>:
__udivsi3():
     1dc:	a200      	tmovs	r2, #0
     1de:	87ff      	tj.n	1e0 <div>

000001e0 <div>:
div():
     1e0:	6bcb      	tmrcs	r3
     1e2:	6418      	tpush	{r3, r4}
     1e4:	a480      	tmovs	r4, #128	; 0x80
     1e6:	0323      	tors	r3, r4
     1e8:	6bc3      	tmcsr	r3
     1ea:	0b09      	tloadr	r3, [pc, #36]	; (210 <div+0x30>)
     1ec:	5018      	tstorer	r0, [r3, #0]
     1ee:	b304      	tadds	r3, #4
     1f0:	5019      	tstorer	r1, [r3, #0]
     1f2:	bb08      	tsubs	r3, #8
     1f4:	401a      	tstorerb	r2, [r3, #0]
     1f6:	4818      	tloadrb	r0, [r3, #0]
     1f8:	a800      	tcmp	r0, #0
     1fa:	c1fc      	tjne.n	1f6 <div+0x16>
     1fc:	aa01      	tcmp	r2, #1
     1fe:	c902      	tjls.n	206 <div+0x26>
     200:	b308      	tadds	r3, #8
     202:	5818      	tloadr	r0, [r3, #0]
     204:	8001      	tj.n	20a <div+0x2a>
     206:	b304      	tadds	r3, #4
     208:	5818      	tloadr	r0, [r3, #0]
     20a:	6c18      	tpop	{r3, r4}
     20c:	6bc3      	tmcsr	r3
     20e:	0770      	tjex	lr
     210:	00800664 	taddeq	r0, r0, r4, ror #12
     214:	00800660 	taddeq	r0, r0, r0, ror #12
     218:	00800668 	taddeq	r0, r0, r8, ror #12
     21c:	46c0      	tnop			; (mov r8, r8)
     21e:	46c0      	tnop			; (mov r8, r8)

00000220 <mz_mul2>:
mz_mul2():
     220:	64f0      	tpush	{r4, r5, r6, r7}
     222:	0644      	tmov	r4, r8
     224:	064d      	tmov	r5, r9
     226:	0656      	tmov	r6, sl
     228:	065f      	tmov	r7, fp
     22a:	64f0      	tpush	{r4, r5, r6, r7}
     22c:	0690      	tmov	r8, r2
     22e:	a201      	tmovs	r2, #1
     230:	0692      	tmov	sl, r2
     232:	ba09      	tsubs	r2, #9
     234:	0691      	tmov	r9, r2
     236:	a200      	tmovs	r2, #0
     238:	a200      	tmovs	r2, #0
     23a:	0e01      	tloadr	r6, [pc, #4]	; (240 <mz_mul2+0x20>)
     23c:	0693      	tmov	fp, r2
     23e:	804c      	tj.n	2da <MZ_MUL2_LOOP>
     240:	008006fc 	undefined instruction 0x008006fc

00000244 <MZ_MUL2_START>:
     244:	035c      	tmuls	r4, r3
     246:	5807      	tloadr	r7, [r0, #0]
     248:	e8a4      	tadds	r4, r4, r2
     24a:	0192      	tsubcs	r2, r2
     24c:	e9e4      	tadds	r4, r4, r7
     24e:	5837      	tloadr	r7, [r6, #0]
     250:	0452      	tadd	r2, sl
     252:	d010      	tstorem	r0!, {r4}
     254:	017a      	taddcs	r2, r7
     256:	035d      	tmuls	r5, r3
     258:	5807      	tloadr	r7, [r0, #0]
     25a:	e8ad      	tadds	r5, r5, r2
     25c:	0192      	tsubcs	r2, r2
     25e:	e9ed      	tadds	r5, r5, r7
     260:	5837      	tloadr	r7, [r6, #0]
     262:	0452      	tadd	r2, sl
     264:	d020      	tstorem	r0!, {r5}
     266:	d930      	tloadm	r1!, {r4, r5}
     268:	017a      	taddcs	r2, r7
     26a:	035c      	tmuls	r4, r3
     26c:	5807      	tloadr	r7, [r0, #0]
     26e:	e8a4      	tadds	r4, r4, r2
     270:	0192      	tsubcs	r2, r2
     272:	e9e4      	tadds	r4, r4, r7
     274:	5837      	tloadr	r7, [r6, #0]
     276:	0452      	tadd	r2, sl
     278:	d010      	tstorem	r0!, {r4}
     27a:	017a      	taddcs	r2, r7
     27c:	035d      	tmuls	r5, r3
     27e:	5807      	tloadr	r7, [r0, #0]
     280:	e8ad      	tadds	r5, r5, r2
     282:	0192      	tsubcs	r2, r2
     284:	e9ed      	tadds	r5, r5, r7
     286:	5837      	tloadr	r7, [r6, #0]
     288:	0452      	tadd	r2, sl
     28a:	d020      	tstorem	r0!, {r5}
     28c:	d930      	tloadm	r1!, {r4, r5}
     28e:	017a      	taddcs	r2, r7
     290:	035c      	tmuls	r4, r3
     292:	5807      	tloadr	r7, [r0, #0]
     294:	e8a4      	tadds	r4, r4, r2
     296:	0192      	tsubcs	r2, r2
     298:	e9e4      	tadds	r4, r4, r7
     29a:	5837      	tloadr	r7, [r6, #0]
     29c:	0452      	tadd	r2, sl
     29e:	d010      	tstorem	r0!, {r4}
     2a0:	017a      	taddcs	r2, r7
     2a2:	035d      	tmuls	r5, r3
     2a4:	5807      	tloadr	r7, [r0, #0]
     2a6:	e8ad      	tadds	r5, r5, r2
     2a8:	0192      	tsubcs	r2, r2
     2aa:	e9ed      	tadds	r5, r5, r7
     2ac:	5837      	tloadr	r7, [r6, #0]
     2ae:	0452      	tadd	r2, sl
     2b0:	d020      	tstorem	r0!, {r5}
     2b2:	d930      	tloadm	r1!, {r4, r5}
     2b4:	017a      	taddcs	r2, r7
     2b6:	035c      	tmuls	r4, r3
     2b8:	5807      	tloadr	r7, [r0, #0]
     2ba:	e8a4      	tadds	r4, r4, r2
     2bc:	0192      	tsubcs	r2, r2
     2be:	e9e4      	tadds	r4, r4, r7
     2c0:	5837      	tloadr	r7, [r6, #0]
     2c2:	0452      	tadd	r2, sl
     2c4:	d010      	tstorem	r0!, {r4}
     2c6:	017a      	taddcs	r2, r7
     2c8:	035d      	tmuls	r5, r3
     2ca:	5807      	tloadr	r7, [r0, #0]
     2cc:	e8ad      	tadds	r5, r5, r2
     2ce:	0192      	tsubcs	r2, r2
     2d0:	e9ed      	tadds	r5, r5, r7
     2d2:	5837      	tloadr	r7, [r6, #0]
     2d4:	0452      	tadd	r2, sl
     2d6:	d020      	tstorem	r0!, {r5}
     2d8:	017a      	taddcs	r2, r7

000002da <MZ_MUL2_LOOP>:
     2da:	d930      	tloadm	r1!, {r4, r5}
     2dc:	04c8      	tadd	r8, r9
     2de:	05d8      	tcmp	r8, fp
     2e0:	cab0      	tjge.n	244 <MZ_MUL2_START>
     2e2:	0645      	tmov	r5, r8
     2e4:	b508      	tadds	r5, #8
     2e6:	b908      	tsubs	r1, #8
     2e8:	8008      	tj.n	2fc <MZ_MUL2_LOOP2>

000002ea <MZ_MUL2_START2>:
     2ea:	035c      	tmuls	r4, r3
     2ec:	5807      	tloadr	r7, [r0, #0]
     2ee:	e8a4      	tadds	r4, r4, r2
     2f0:	0192      	tsubcs	r2, r2
     2f2:	e9e4      	tadds	r4, r4, r7
     2f4:	5837      	tloadr	r7, [r6, #0]
     2f6:	0452      	tadd	r2, sl
     2f8:	d010      	tstorem	r0!, {r4}
     2fa:	017a      	taddcs	r2, r7

000002fc <MZ_MUL2_LOOP2>:
     2fc:	d910      	tloadm	r1!, {r4}
     2fe:	bd01      	tsubs	r5, #1
     300:	ad00      	tcmp	r5, #0
     302:	caf2      	tjge.n	2ea <MZ_MUL2_START2>

00000304 <MZ_MUL2_END>:
     304:	d004      	tstorem	r0!, {r2}
     306:	6cf0      	tpop	{r4, r5, r6, r7}
     308:	06a0      	tmov	r8, r4
     30a:	06a9      	tmov	r9, r5
     30c:	06b2      	tmov	sl, r6
     30e:	06bb      	tmov	fp, r7
     310:	6cf0      	tpop	{r4, r5, r6, r7}
     312:	0770      	tjex	lr
     314:	06c0      	tmov	r8, r8
     316:	46c0      	tnop			; (mov r8, r8)

00000318 <blt_packet_crc24_opt>:
blt_packet_crc24_opt():
     318:	65f8      	tpush	{r3, r4, r5, r6, r7, lr}
     31a:	0645      	tmov	r5, r8
     31c:	6420      	tpush	{r5}
     31e:	ec0d      	tadds	r5, r1, #0
     320:	0241      	tnegs	r1, r0
     322:	a403      	tmovs	r4, #3
     324:	0021      	tands	r1, r4
     326:	ea6d      	tsubs	r5, r5, r1
     328:	ca01      	tjge.n	32e <CRC24_SAVE_WORD_NUM>
     32a:	e949      	tadds	r1, r1, r5
     32c:	a500      	tmovs	r5, #0

0000032e <CRC24_SAVE_WORD_NUM>:
     32e:	06a8      	tmov	r8, r5
     330:	ec04      	tadds	r4, r0, #0
     332:	a000      	tmovs	r0, #0
     334:	a73c      	tmovs	r7, #60	; 0x3c

00000336 <CRC24_BYTE_LOOP>:
     336:	0288      	tcmp	r0, r1
     338:	c00d      	tjeq.n	356 <CRC24_BYTE_END>
     33a:	1c26      	tloadrb	r6, [r4, r0]
     33c:	0056      	txors	r6, r2
     33e:	f0b5      	tshftls	r5, r6, #2
     340:	003d      	tands	r5, r7
     342:	18ed      	tloadr	r5, [r5, r3]
     344:	e112      	tasrs	r2, r2, #4
     346:	f8b6      	tshftrs	r6, r6, #2
     348:	006a      	txors	r2, r5
     34a:	003e      	tands	r6, r7
     34c:	18f6      	tloadr	r6, [r6, r3]
     34e:	e112      	tasrs	r2, r2, #4
     350:	b001      	tadds	r0, #1
     352:	0072      	txors	r2, r6
     354:	c1ef      	tjne.n	336 <CRC24_BYTE_LOOP>

00000356 <CRC24_BYTE_END>:
     356:	0641      	tmov	r1, r8
     358:	a900      	tcmp	r1, #0
     35a:	c03b      	tjeq.n	3d4 <CRC24_END>
     35c:	a500      	tmovs	r5, #0
     35e:	06a8      	tmov	r8, r5
     360:	e824      	tadds	r4, r4, r0
     362:	a000      	tmovs	r0, #0

00000364 <CRC24_WORD_LOOP>:
     364:	b904      	tsubs	r1, #4
     366:	cb33      	tjlt.n	3d0 <CRC24_WORD_END>
     368:	5820      	tloadr	r0, [r4, #0]
     36a:	b404      	tadds	r4, #4
     36c:	f006      	tshftls	r6, r0, #0

0000036e <CRC24_WORD_nib0>:
     36e:	0056      	txors	r6, r2
     370:	f0b5      	tshftls	r5, r6, #2
     372:	003d      	tands	r5, r7
     374:	18ed      	tloadr	r5, [r5, r3]
     376:	e112      	tasrs	r2, r2, #4
     378:	f8b6      	tshftrs	r6, r6, #2
     37a:	003e      	tands	r6, r7
     37c:	18f6      	tloadr	r6, [r6, r3]
     37e:	006a      	txors	r2, r5

00000380 <CRC24_WORD_nib1>:
     380:	e112      	tasrs	r2, r2, #4
     382:	fa05      	tshftrs	r5, r0, #8
     384:	0072      	txors	r2, r6

00000386 <CRC24_WORD_nib2>:
     386:	0055      	txors	r5, r2
     388:	f0ae      	tshftls	r6, r5, #2
     38a:	003e      	tands	r6, r7
     38c:	18f6      	tloadr	r6, [r6, r3]
     38e:	e112      	tasrs	r2, r2, #4
     390:	f8ad      	tshftrs	r5, r5, #2
     392:	003d      	tands	r5, r7
     394:	18ed      	tloadr	r5, [r5, r3]
     396:	0072      	txors	r2, r6

00000398 <CRC24_WORD_nib3>:
     398:	e112      	tasrs	r2, r2, #4
     39a:	fc06      	tshftrs	r6, r0, #16
     39c:	006a      	txors	r2, r5

0000039e <CRC24_WORD_nib4>:
     39e:	0056      	txors	r6, r2
     3a0:	f0b5      	tshftls	r5, r6, #2
     3a2:	003d      	tands	r5, r7
     3a4:	18ed      	tloadr	r5, [r5, r3]
     3a6:	e112      	tasrs	r2, r2, #4
     3a8:	f8b6      	tshftrs	r6, r6, #2
     3aa:	003e      	tands	r6, r7
     3ac:	18f6      	tloadr	r6, [r6, r3]
     3ae:	006a      	txors	r2, r5

000003b0 <CRC24_WORD_nib5>:
     3b0:	e112      	tasrs	r2, r2, #4
     3b2:	fe05      	tshftrs	r5, r0, #24
     3b4:	0072      	txors	r2, r6

000003b6 <CRC24_WORD_nib6>:
     3b6:	0055      	txors	r5, r2
     3b8:	f0ae      	tshftls	r6, r5, #2
     3ba:	003e      	tands	r6, r7
     3bc:	18f6      	tloadr	r6, [r6, r3]
     3be:	e112      	tasrs	r2, r2, #4
     3c0:	f8ad      	tshftrs	r5, r5, #2
     3c2:	003d      	tands	r5, r7
     3c4:	18ed      	tloadr	r5, [r5, r3]
     3c6:	0072      	txors	r2, r6

000003c8 <CRC24_WORD_nib7>:
     3c8:	e112      	tasrs	r2, r2, #4
     3ca:	a000      	tmovs	r0, #0
     3cc:	006a      	txors	r2, r5
     3ce:	87c9      	tj.n	364 <CRC24_WORD_LOOP>

000003d0 <CRC24_WORD_END>:
     3d0:	b104      	tadds	r1, #4
     3d2:	87b0      	tj.n	336 <CRC24_BYTE_LOOP>

000003d4 <CRC24_END>:
     3d4:	ec10      	tadds	r0, r2, #0
     3d6:	6c20      	tpop	{r5}
     3d8:	06a8      	tmov	r8, r5
     3da:	6df8      	tpop	{r3, r4, r5, r6, r7, pc}
     3dc:	06c0      	tmov	r8, r8
     3de:	46c0      	tnop			; (mov r8, r8)

000003e0 <user_set_rf_power>:
user_set_rf_power():
     3e0:	6500      	tpush	{lr}
     3e2:	a0bf      	tmovs	r0, #191	; 0xbf
     3e4:	9000 9ec0 	tjl	1168 <rf_set_power_level_index>
     3e8:	6d00      	tpop	{pc}
     3ea:	46c0      	tnop			; (mov r8, r8)

000003ec <proc_keyboard>:
proc_keyboard():
     3ec:	6510      	tpush	{r4, lr}
     3ee:	6082      	tsub	sp, #8
     3f0:	0910      	tloadr	r1, [pc, #64]	; (434 <proc_keyboard+0x48>)
     3f2:	5808      	tloadr	r0, [r1, #0]
     3f4:	0a10      	tloadr	r2, [pc, #64]	; (438 <proc_keyboard+0x4c>)
     3f6:	59d3      	tloadr	r3, [r2, #28]
     3f8:	eac0      	tsubs	r0, r0, r3
     3fa:	a3fa      	tmovs	r3, #250	; 0xfa
     3fc:	f25b      	tshftls	r3, r3, #9
     3fe:	0298      	tcmp	r0, r3
     400:	c801      	tjhi.n	406 <proc_keyboard+0x1a>
     402:	6002      	tadd	sp, #8
     404:	6d10      	tpop	{r4, pc}
     406:	580b      	tloadr	r3, [r1, #0]
     408:	51d3      	tstorer	r3, [r2, #28]
     40a:	a200      	tmovs	r2, #0
     40c:	0b0b      	tloadr	r3, [pc, #44]	; (43c <proc_keyboard+0x50>)
     40e:	409a      	tstorerb	r2, [r3, #2]
     410:	0668      	tmov	r0, sp
     412:	9008 9b81 	tjl	8b18 <kb_key_pressed>
     416:	0b0a      	tloadr	r3, [pc, #40]	; (440 <proc_keyboard+0x54>)
     418:	5018      	tstorer	r0, [r3, #0]
     41a:	a800      	tcmp	r0, #0
     41c:	c0f1      	tjeq.n	402 <proc_keyboard+0x16>
     41e:	a000      	tmovs	r0, #0
     420:	a101      	tmovs	r1, #1
     422:	066a      	tmov	r2, sp
     424:	9008 9bfc 	tjl	8c20 <kb_scan_key_value>
     428:	a800      	tcmp	r0, #0
     42a:	c0ea      	tjeq.n	402 <proc_keyboard+0x16>
     42c:	9007 9ed0 	tjl	81d0 <key_change_proc>
     430:	87e7      	tj.n	402 <proc_keyboard+0x16>
     432:	46c0      	tnop			; (mov r8, r8)
     434:	00800740 	taddeq	r0, r0, r0, asr #14
     438:	00842c70 	taddeq	r2, r4, r0, ror ip
     43c:	00848f68 	taddeq	r8, r4, r8, ror #30
     440:	00848f40 	taddeq	r8, r4, r0, asr #30

00000444 <blt_pm_proc>:
blt_pm_proc():
     444:	0770      	tjex	lr
     446:	46c0      	tnop			; (mov r8, r8)

00000448 <user_init_deepRetn>:
user_init_deepRetn():
     448:	0770      	tjex	lr
     44a:	46c0      	tnop			; (mov r8, r8)

0000044c <irq_handler>:
irq_handler():
     44c:	6500      	tpush	{lr}
     44e:	9001 98c5 	tjl	15dc <irq_blt_sdk_handler>
     452:	6d00      	tpop	{pc}

00000454 <main>:
main():
     454:	65f0      	tpush	{r4, r5, r6, r7, lr}
     456:	6081      	tsub	sp, #4
     458:	0a41      	tloadr	r2, [pc, #260]	; (560 <main+0x10c>)
     45a:	0b42      	tloadr	r3, [pc, #264]	; (564 <main+0x110>)
     45c:	501a      	tstorer	r2, [r3, #0]
     45e:	0a42      	tloadr	r2, [pc, #264]	; (568 <main+0x114>)
     460:	0b42      	tloadr	r3, [pc, #264]	; (56c <main+0x118>)
     462:	501a      	tstorer	r2, [r3, #0]
     464:	0c42      	tloadr	r4, [pc, #264]	; (570 <main+0x11c>)
     466:	a301      	tmovs	r3, #1
     468:	40a3      	tstorerb	r3, [r4, #2]
     46a:	9000 9aff 	tjl	a6c <cpu_wakeup_init>
     46e:	0b41      	tloadr	r3, [pc, #260]	; (574 <main+0x120>)
     470:	481f      	tloadrb	r7, [r3, #0]
     472:	a002      	tmovs	r0, #2
     474:	9000 9e64 	tjl	1140 <rf_drv_init>
     478:	0278      	tnegs	r0, r7
     47a:	0178      	taddcs	r0, r7
     47c:	9000 99cc 	tjl	818 <gpio_init>
     480:	a043      	tmovs	r0, #67	; 0x43
     482:	9000 98c7 	tjl	614 <clock_init>
     486:	af00      	tcmp	r7, #0
     488:	c045      	tjeq.n	516 <main+0xc2>
     48a:	4823      	tloadrb	r3, [r4, #0]
     48c:	ab00      	tcmp	r3, #0
     48e:	c132      	tjne.n	4f6 <main+0xa2>
     490:	0e39      	tloadr	r6, [pc, #228]	; (578 <main+0x124>)
     492:	5833      	tloadr	r3, [r6, #0]
     494:	ab00      	tcmp	r3, #0
     496:	c00f      	tjeq.n	4b8 <main+0x64>
     498:	481c      	tloadrb	r4, [r3, #0]
     49a:	acff      	tcmp	r4, #255	; 0xff
     49c:	c00c      	tjeq.n	4b8 <main+0x64>
     49e:	a08a      	tmovs	r0, #138	; 0x8a
     4a0:	9000 9878 	tjl	594 <analog_read>
     4a4:	a33f      	tmovs	r3, #63	; 0x3f
     4a6:	ec01      	tadds	r1, r0, #0
     4a8:	0399      	tbclrs	r1, r3
     4aa:	0023      	tands	r3, r4
     4ac:	0319      	tors	r1, r3
     4ae:	f609      	tshftls	r1, r1, #24
     4b0:	fe09      	tshftrs	r1, r1, #24
     4b2:	a08a      	tmovs	r0, #138	; 0x8a
     4b4:	9000 988e 	tjl	5d4 <analog_write>
     4b8:	5832      	tloadr	r2, [r6, #0]
     4ba:	a3e0      	tmovs	r3, #224	; 0xe0
     4bc:	f05b      	tshftls	r3, r3, #1
     4be:	1cd4      	tloadrb	r4, [r2, r3]
     4c0:	acff      	tcmp	r4, #255	; 0xff
     4c2:	c11a      	tjne.n	4fa <main+0xa6>
     4c4:	0b2d      	tloadr	r3, [pc, #180]	; (57c <main+0x128>)
     4c6:	581a      	tloadr	r2, [r3, #0]
     4c8:	0b2d      	tloadr	r3, [pc, #180]	; (580 <main+0x12c>)
     4ca:	029a      	tcmp	r2, r3
     4cc:	c026      	tjeq.n	51c <main+0xc8>
     4ce:	066d      	tmov	r5, sp
     4d0:	a300      	tmovs	r3, #0
     4d2:	3300      	tstorer	r3, [sp, #0]
     4d4:	0c2b      	tloadr	r4, [pc, #172]	; (584 <main+0x130>)
     4d6:	48a3      	tloadrb	r3, [r4, #2]
     4d8:	48e2      	tloadrb	r2, [r4, #3]
     4da:	f212      	tshftls	r2, r2, #8
     4dc:	031a      	tors	r2, r3
     4de:	c126      	tjne.n	52e <main+0xda>
     4e0:	af00      	tcmp	r7, #0
     4e2:	c021      	tjeq.n	528 <main+0xd4>
     4e4:	97ff 9fb0 	tjl	448 <user_init_deepRetn>
     4e8:	0b27      	tloadr	r3, [pc, #156]	; (588 <main+0x134>)
     4ea:	481a      	tloadrb	r2, [r3, #0]
     4ec:	a201      	tmovs	r2, #1
     4ee:	401a      	tstorerb	r2, [r3, #0]
     4f0:	9007 9fac 	tjl	844c <main_loop>
     4f4:	87fc      	tj.n	4f0 <main+0x9c>
     4f6:	0e20      	tloadr	r6, [pc, #128]	; (578 <main+0x124>)
     4f8:	87de      	tj.n	4b8 <main+0x64>
     4fa:	a00c      	tmovs	r0, #12
     4fc:	9000 984a 	tjl	594 <analog_read>
     500:	a307      	tmovs	r3, #7
     502:	ec01      	tadds	r1, r0, #0
     504:	0399      	tbclrs	r1, r3
     506:	0023      	tands	r3, r4
     508:	0319      	tors	r1, r3
     50a:	f609      	tshftls	r1, r1, #24
     50c:	fe09      	tshftrs	r1, r1, #24
     50e:	a00c      	tmovs	r0, #12
     510:	9000 9860 	tjl	5d4 <analog_write>
     514:	87db      	tj.n	4ce <main+0x7a>
     516:	9007 9d73 	tjl	8000 <blc_readFlashSize_autoConfigCustomFlashSector>
     51a:	87b6      	tj.n	48a <main+0x36>
     51c:	a00c      	tmovs	r0, #12
     51e:	9000 9839 	tjl	594 <analog_read>
     522:	a307      	tmovs	r3, #7
     524:	ec01      	tadds	r1, r0, #0
     526:	87ef      	tj.n	508 <main+0xb4>
     528:	9007 9e9c 	tjl	8264 <user_init_normal>
     52c:	87dc      	tj.n	4e8 <main+0x94>
     52e:	5830      	tloadr	r0, [r6, #0]
     530:	b0c0      	tadds	r0, #192	; 0xc0
     532:	0b16      	tloadr	r3, [pc, #88]	; (58c <main+0x138>)
     534:	581b      	tloadr	r3, [r3, #0]
     536:	a104      	tmovs	r1, #4
     538:	066a      	tmov	r2, sp
     53a:	9000 9829 	tjl	590 <main+0x13c>
     53e:	48ab      	tloadrb	r3, [r5, #2]
     540:	abff      	tcmp	r3, #255	; 0xff
     542:	c008      	tjeq.n	556 <main+0x102>
     544:	48ea      	tloadrb	r2, [r5, #3]
     546:	e89b      	tadds	r3, r3, r2
     548:	a2e6      	tmovs	r2, #230	; 0xe6
     54a:	f092      	tshftls	r2, r2, #2
     54c:	e89b      	tadds	r3, r3, r2
     54e:	4023      	tstorerb	r3, [r4, #0]
     550:	fa1b      	tshftrs	r3, r3, #8
     552:	4063      	tstorerb	r3, [r4, #1]
     554:	87c4      	tj.n	4e0 <main+0x8c>
     556:	48ea      	tloadrb	r2, [r5, #3]
     558:	aaff      	tcmp	r2, #255	; 0xff
     55a:	c1f3      	tjne.n	544 <main+0xf0>
     55c:	87c0      	tj.n	4e0 <main+0x8c>
     55e:	46c0      	tnop			; (mov r8, r8)
     560:	00000bd9 	undefined instruction 0x00000bd9
     564:	00848f90 	umulleq	r8, r4, r0, pc
     568:	00001059 	tandeq	r1, r0, r9, asr r0
     56c:	00848f8c 	taddeq	r8, r4, ip, lsl #31
     570:	00843150 	taddeq	r3, r4, r0, asr r1
     574:	00848f88 	taddeq	r8, r4, r8, lsl #31
     578:	00842c6c 	taddeq	r2, r4, ip, ror #24
     57c:	00843140 	taddeq	r3, r4, r0, asr #2
     580:	0100325e 	tnandeq	r0, lr, asr r2
     584:	0084312c 	taddeq	r3, r4, ip, lsr #2
     588:	00800643 	taddeq	r0, r0, r3, asr #12
     58c:	00843134 	taddeq	r3, r4, r4, lsr r1
     590:	0718      	tjex	r3
     592:	46c0      	tnop			; (mov r8, r8)

00000594 <analog_read>:
analog_read():
     594:	6510      	tpush	{r4, lr}
     596:	f600      	tshftls	r0, r0, #24
     598:	fe00      	tshftrs	r0, r0, #24
     59a:	0b0a      	tloadr	r3, [pc, #40]	; (5c4 <analog_read+0x30>)
     59c:	481c      	tloadrb	r4, [r3, #0]
     59e:	a200      	tmovs	r2, #0
     5a0:	401a      	tstorerb	r2, [r3, #0]
     5a2:	0b09      	tloadr	r3, [pc, #36]	; (5c8 <analog_read+0x34>)
     5a4:	4018      	tstorerb	r0, [r3, #0]
     5a6:	0909      	tloadr	r1, [pc, #36]	; (5cc <analog_read+0x38>)
     5a8:	a340      	tmovs	r3, #64	; 0x40
     5aa:	400b      	tstorerb	r3, [r1, #0]
     5ac:	a201      	tmovs	r2, #1
     5ae:	480b      	tloadrb	r3, [r1, #0]
     5b0:	0013      	tands	r3, r2
     5b2:	c1fc      	tjne.n	5ae <analog_read+0x1a>
     5b4:	0a06      	tloadr	r2, [pc, #24]	; (5d0 <analog_read+0x3c>)
     5b6:	4810      	tloadrb	r0, [r2, #0]
     5b8:	b201      	tadds	r2, #1
     5ba:	4013      	tstorerb	r3, [r2, #0]
     5bc:	0b01      	tloadr	r3, [pc, #4]	; (5c4 <analog_read+0x30>)
     5be:	401c      	tstorerb	r4, [r3, #0]
     5c0:	6d10      	tpop	{r4, pc}
     5c2:	46c0      	tnop			; (mov r8, r8)
     5c4:	00800643 	taddeq	r0, r0, r3, asr #12
     5c8:	008000b8 	tstorerheq	r0, [r0], r8
     5cc:	008000ba 	tstorerheq	r0, [r0], sl
     5d0:	008000b9 	tstorerheq	r0, [r0], r9

000005d4 <analog_write>:
analog_write():
     5d4:	6510      	tpush	{r4, lr}
     5d6:	f600      	tshftls	r0, r0, #24
     5d8:	fe00      	tshftrs	r0, r0, #24
     5da:	f609      	tshftls	r1, r1, #24
     5dc:	fe09      	tshftrs	r1, r1, #24
     5de:	0b0a      	tloadr	r3, [pc, #40]	; (608 <analog_write+0x34>)
     5e0:	481c      	tloadrb	r4, [r3, #0]
     5e2:	a200      	tmovs	r2, #0
     5e4:	401a      	tstorerb	r2, [r3, #0]
     5e6:	0b09      	tloadr	r3, [pc, #36]	; (60c <analog_write+0x38>)
     5e8:	4018      	tstorerb	r0, [r3, #0]
     5ea:	b301      	tadds	r3, #1
     5ec:	4019      	tstorerb	r1, [r3, #0]
     5ee:	0908      	tloadr	r1, [pc, #32]	; (610 <analog_write+0x3c>)
     5f0:	a360      	tmovs	r3, #96	; 0x60
     5f2:	400b      	tstorerb	r3, [r1, #0]
     5f4:	a201      	tmovs	r2, #1
     5f6:	480b      	tloadrb	r3, [r1, #0]
     5f8:	0013      	tands	r3, r2
     5fa:	c1fc      	tjne.n	5f6 <analog_write+0x22>
     5fc:	0a04      	tloadr	r2, [pc, #16]	; (610 <analog_write+0x3c>)
     5fe:	4013      	tstorerb	r3, [r2, #0]
     600:	0b01      	tloadr	r3, [pc, #4]	; (608 <analog_write+0x34>)
     602:	401c      	tstorerb	r4, [r3, #0]
     604:	6d10      	tpop	{r4, pc}
     606:	46c0      	tnop			; (mov r8, r8)
     608:	00800643 	taddeq	r0, r0, r3, asr #12
     60c:	008000b8 	tstorerheq	r0, [r0], r8
     610:	008000ba 	tstorerheq	r0, [r0], sl

00000614 <clock_init>:
clock_init():
     614:	6500      	tpush	{lr}
     616:	f600      	tshftls	r0, r0, #24
     618:	fe00      	tshftrs	r0, r0, #24
     61a:	0b06      	tloadr	r3, [pc, #24]	; (634 <clock_init+0x20>)
     61c:	4018      	tstorerb	r0, [r3, #0]
     61e:	0b06      	tloadr	r3, [pc, #24]	; (638 <clock_init+0x24>)
     620:	4018      	tstorerb	r0, [r3, #0]
     622:	a820      	tcmp	r0, #32
     624:	c000      	tjeq.n	628 <clock_init+0x14>
     626:	6d00      	tpop	{pc}
     628:	a00c      	tmovs	r0, #12
     62a:	a1c6      	tmovs	r1, #198	; 0xc6
     62c:	97ff 9fd2 	tjl	5d4 <analog_write>
     630:	87f9      	tj.n	626 <clock_init+0x12>
     632:	46c0      	tnop			; (mov r8, r8)
     634:	00800066 	taddeq	r0, r0, r6, rrx
     638:	00843130 	taddeq	r3, r4, r0, lsr r1

0000063c <flash_send_addr>:
flash_send_addr():
     63c:	f202      	tshftls	r2, r0, #8
     63e:	fe12      	tshftrs	r2, r2, #24
     640:	0b0c      	tloadr	r3, [pc, #48]	; (674 <flash_send_addr+0x38>)
     642:	401a      	tstorerb	r2, [r3, #0]
     644:	090c      	tloadr	r1, [pc, #48]	; (678 <flash_send_addr+0x3c>)
     646:	a210      	tmovs	r2, #16
     648:	480b      	tloadrb	r3, [r1, #0]
     64a:	021a      	tnand	r2, r3
     64c:	c1fc      	tjne.n	648 <flash_send_addr+0xc>
     64e:	f402      	tshftls	r2, r0, #16
     650:	fe12      	tshftrs	r2, r2, #24
     652:	0b08      	tloadr	r3, [pc, #32]	; (674 <flash_send_addr+0x38>)
     654:	401a      	tstorerb	r2, [r3, #0]
     656:	0908      	tloadr	r1, [pc, #32]	; (678 <flash_send_addr+0x3c>)
     658:	a210      	tmovs	r2, #16
     65a:	480b      	tloadrb	r3, [r1, #0]
     65c:	021a      	tnand	r2, r3
     65e:	c1fc      	tjne.n	65a <flash_send_addr+0x1e>
     660:	f600      	tshftls	r0, r0, #24
     662:	fe00      	tshftrs	r0, r0, #24
     664:	0b03      	tloadr	r3, [pc, #12]	; (674 <flash_send_addr+0x38>)
     666:	4018      	tstorerb	r0, [r3, #0]
     668:	0903      	tloadr	r1, [pc, #12]	; (678 <flash_send_addr+0x3c>)
     66a:	a210      	tmovs	r2, #16
     66c:	480b      	tloadrb	r3, [r1, #0]
     66e:	021a      	tnand	r2, r3
     670:	c1fc      	tjne.n	66c <flash_send_addr+0x30>
     672:	0770      	tjex	lr
     674:	0080000c 	taddeq	r0, r0, ip
     678:	0080000d 	taddeq	r0, r0, sp

0000067c <flash_send_cmd>:
flash_send_cmd():
     67c:	6530      	tpush	{r4, r5, lr}
     67e:	ec05      	tadds	r5, r0, #0
     680:	0c07      	tloadr	r4, [pc, #28]	; (6a0 <flash_send_cmd+0x24>)
     682:	a301      	tmovs	r3, #1
     684:	4023      	tstorerb	r3, [r4, #0]
     686:	a001      	tmovs	r0, #1
     688:	9000 993a 	tjl	900 <sleep_us>
     68c:	a300      	tmovs	r3, #0
     68e:	4023      	tstorerb	r3, [r4, #0]
     690:	0b04      	tloadr	r3, [pc, #16]	; (6a4 <flash_send_cmd+0x28>)
     692:	401d      	tstorerb	r5, [r3, #0]
     694:	a210      	tmovs	r2, #16
     696:	4823      	tloadrb	r3, [r4, #0]
     698:	021a      	tnand	r2, r3
     69a:	c1fc      	tjne.n	696 <flash_send_cmd+0x1a>
     69c:	6d30      	tpop	{r4, r5, pc}
     69e:	46c0      	tnop			; (mov r8, r8)
     6a0:	0080000d 	taddeq	r0, r0, sp
     6a4:	0080000c 	taddeq	r0, r0, ip

000006a8 <flash_wait_done>:
flash_wait_done():
     6a8:	6570      	tpush	{r4, r5, r6, lr}
     6aa:	a064      	tmovs	r0, #100	; 0x64
     6ac:	9000 9928 	tjl	900 <sleep_us>
     6b0:	a005      	tmovs	r0, #5
     6b2:	97ff 9fe3 	tjl	67c <flash_send_cmd>
     6b6:	080a      	tloadr	r0, [pc, #40]	; (6e0 <flash_wait_done+0x38>)
     6b8:	0c0a      	tloadr	r4, [pc, #40]	; (6e4 <flash_wait_done+0x3c>)
     6ba:	a600      	tmovs	r6, #0
     6bc:	090a      	tloadr	r1, [pc, #40]	; (6e8 <flash_wait_done+0x40>)
     6be:	a210      	tmovs	r2, #16
     6c0:	a501      	tmovs	r5, #1
     6c2:	4026      	tstorerb	r6, [r4, #0]
     6c4:	480b      	tloadrb	r3, [r1, #0]
     6c6:	021a      	tnand	r2, r3
     6c8:	c1fc      	tjne.n	6c4 <flash_wait_done+0x1c>
     6ca:	4823      	tloadrb	r3, [r4, #0]
     6cc:	021d      	tnand	r5, r3
     6ce:	c002      	tjeq.n	6d6 <flash_wait_done+0x2e>
     6d0:	b801      	tsubs	r0, #1
     6d2:	a800      	tcmp	r0, #0
     6d4:	c1f5      	tjne.n	6c2 <flash_wait_done+0x1a>
     6d6:	a201      	tmovs	r2, #1
     6d8:	0b03      	tloadr	r3, [pc, #12]	; (6e8 <flash_wait_done+0x40>)
     6da:	401a      	tstorerb	r2, [r3, #0]
     6dc:	6d70      	tpop	{r4, r5, r6, pc}
     6de:	46c0      	tnop			; (mov r8, r8)
     6e0:	00989680 	taddseq	r9, r8, r0, lsl #13
     6e4:	0080000c 	taddeq	r0, r0, ip
     6e8:	0080000d 	taddeq	r0, r0, sp

000006ec <flash_mspi_read_ram>:
flash_mspi_read_ram():
     6ec:	65f0      	tpush	{r4, r5, r6, r7, lr}
     6ee:	0657      	tmov	r7, sl
     6f0:	0646      	tmov	r6, r8
     6f2:	64c0      	tpush	{r6, r7}
     6f4:	068a      	tmov	sl, r1
     6f6:	3e07      	tloadr	r6, [sp, #28]
     6f8:	3c08      	tloadr	r4, [sp, #32]
     6fa:	f600      	tshftls	r0, r0, #24
     6fc:	fe00      	tshftrs	r0, r0, #24
     6fe:	f612      	tshftls	r2, r2, #24
     700:	fe17      	tshftrs	r7, r2, #24
     702:	f61d      	tshftls	r5, r3, #24
     704:	fe2d      	tshftrs	r5, r5, #24
     706:	0b22      	tloadr	r3, [pc, #136]	; (790 <flash_mspi_read_ram+0xa4>)
     708:	481a      	tloadrb	r2, [r3, #0]
     70a:	0690      	tmov	r8, r2
     70c:	a200      	tmovs	r2, #0
     70e:	401a      	tstorerb	r2, [r3, #0]
     710:	97ff 9fb4 	tjl	67c <flash_send_cmd>
     714:	af00      	tcmp	r7, #0
     716:	c136      	tjne.n	786 <flash_mspi_read_ram+0x9a>
     718:	ad00      	tcmp	r5, #0
     71a:	c00d      	tjeq.n	738 <flash_mspi_read_ram+0x4c>
     71c:	a000      	tmovs	r0, #0
     71e:	0a1d      	tloadr	r2, [pc, #116]	; (794 <flash_mspi_read_ram+0xa8>)
     720:	0694      	tmov	ip, r2
     722:	a700      	tmovs	r7, #0
     724:	091c      	tloadr	r1, [pc, #112]	; (798 <flash_mspi_read_ram+0xac>)
     726:	a210      	tmovs	r2, #16
     728:	0663      	tmov	r3, ip
     72a:	401f      	tstorerb	r7, [r3, #0]
     72c:	480b      	tloadrb	r3, [r1, #0]
     72e:	021a      	tnand	r2, r3
     730:	c1fc      	tjne.n	72c <flash_mspi_read_ram+0x40>
     732:	b001      	tadds	r0, #1
     734:	02a8      	tcmp	r0, r5
     736:	cbf7      	tjlt.n	728 <flash_mspi_read_ram+0x3c>
     738:	a200      	tmovs	r2, #0
     73a:	0b16      	tloadr	r3, [pc, #88]	; (794 <flash_mspi_read_ram+0xa8>)
     73c:	401a      	tstorerb	r2, [r3, #0]
     73e:	0816      	tloadr	r0, [pc, #88]	; (798 <flash_mspi_read_ram+0xac>)
     740:	a110      	tmovs	r1, #16
     742:	0a15      	tloadr	r2, [pc, #84]	; (798 <flash_mspi_read_ram+0xac>)
     744:	4803      	tloadrb	r3, [r0, #0]
     746:	0219      	tnand	r1, r3
     748:	c1fb      	tjne.n	742 <flash_mspi_read_ram+0x56>
     74a:	a30a      	tmovs	r3, #10
     74c:	4013      	tstorerb	r3, [r2, #0]
     74e:	a110      	tmovs	r1, #16
     750:	4813      	tloadrb	r3, [r2, #0]
     752:	0219      	tnand	r1, r3
     754:	c1fc      	tjne.n	750 <flash_mspi_read_ram+0x64>
     756:	ac00      	tcmp	r4, #0
     758:	c00b      	tjeq.n	772 <flash_mspi_read_ram+0x86>
     75a:	a000      	tmovs	r0, #0
     75c:	0d0d      	tloadr	r5, [pc, #52]	; (794 <flash_mspi_read_ram+0xa8>)
     75e:	090e      	tloadr	r1, [pc, #56]	; (798 <flash_mspi_read_ram+0xac>)
     760:	a210      	tmovs	r2, #16
     762:	482b      	tloadrb	r3, [r5, #0]
     764:	1433      	tstorerb	r3, [r6, r0]
     766:	480b      	tloadrb	r3, [r1, #0]
     768:	021a      	tnand	r2, r3
     76a:	c1fc      	tjne.n	766 <flash_mspi_read_ram+0x7a>
     76c:	b001      	tadds	r0, #1
     76e:	02a0      	tcmp	r0, r4
     770:	c1f7      	tjne.n	762 <flash_mspi_read_ram+0x76>
     772:	a201      	tmovs	r2, #1
     774:	0b08      	tloadr	r3, [pc, #32]	; (798 <flash_mspi_read_ram+0xac>)
     776:	401a      	tstorerb	r2, [r3, #0]
     778:	0b05      	tloadr	r3, [pc, #20]	; (790 <flash_mspi_read_ram+0xa4>)
     77a:	0642      	tmov	r2, r8
     77c:	401a      	tstorerb	r2, [r3, #0]
     77e:	6c0c      	tpop	{r2, r3}
     780:	0690      	tmov	r8, r2
     782:	069a      	tmov	sl, r3
     784:	6df0      	tpop	{r4, r5, r6, r7, pc}
     786:	0650      	tmov	r0, sl
     788:	97ff 9f58 	tjl	63c <flash_send_addr>
     78c:	87c4      	tj.n	718 <flash_mspi_read_ram+0x2c>
     78e:	46c0      	tnop			; (mov r8, r8)
     790:	00800643 	taddeq	r0, r0, r3, asr #12
     794:	0080000c 	taddeq	r0, r0, ip
     798:	0080000d 	taddeq	r0, r0, sp

0000079c <flash_mspi_write_ram>:
flash_mspi_write_ram():
     79c:	65f0      	tpush	{r4, r5, r6, r7, lr}
     79e:	0657      	tmov	r7, sl
     7a0:	0646      	tmov	r6, r8
     7a2:	64c0      	tpush	{r6, r7}
     7a4:	068a      	tmov	sl, r1
     7a6:	ec1d      	tadds	r5, r3, #0
     7a8:	3c07      	tloadr	r4, [sp, #28]
     7aa:	f600      	tshftls	r0, r0, #24
     7ac:	fe06      	tshftrs	r6, r0, #24
     7ae:	f612      	tshftls	r2, r2, #24
     7b0:	fe17      	tshftrs	r7, r2, #24
     7b2:	0b16      	tloadr	r3, [pc, #88]	; (80c <flash_mspi_write_ram+0x70>)
     7b4:	481a      	tloadrb	r2, [r3, #0]
     7b6:	0690      	tmov	r8, r2
     7b8:	a200      	tmovs	r2, #0
     7ba:	401a      	tstorerb	r2, [r3, #0]
     7bc:	a006      	tmovs	r0, #6
     7be:	97ff 9f5d 	tjl	67c <flash_send_cmd>
     7c2:	ec30      	tadds	r0, r6, #0
     7c4:	97ff 9f5a 	tjl	67c <flash_send_cmd>
     7c8:	af00      	tcmp	r7, #0
     7ca:	c11b      	tjne.n	804 <flash_mspi_write_ram+0x68>
     7cc:	ac00      	tcmp	r4, #0
     7ce:	c00d      	tjeq.n	7ec <flash_mspi_write_ram+0x50>
     7d0:	a300      	tmovs	r3, #0
     7d2:	a000      	tmovs	r0, #0
     7d4:	0e0e      	tloadr	r6, [pc, #56]	; (810 <flash_mspi_write_ram+0x74>)
     7d6:	090f      	tloadr	r1, [pc, #60]	; (814 <flash_mspi_write_ram+0x78>)
     7d8:	a210      	tmovs	r2, #16
     7da:	1ceb      	tloadrb	r3, [r5, r3]
     7dc:	4033      	tstorerb	r3, [r6, #0]
     7de:	480b      	tloadrb	r3, [r1, #0]
     7e0:	021a      	tnand	r2, r3
     7e2:	c1fc      	tjne.n	7de <flash_mspi_write_ram+0x42>
     7e4:	b001      	tadds	r0, #1
     7e6:	ec03      	tadds	r3, r0, #0
     7e8:	02a0      	tcmp	r0, r4
     7ea:	c1f6      	tjne.n	7da <flash_mspi_write_ram+0x3e>
     7ec:	a201      	tmovs	r2, #1
     7ee:	0b09      	tloadr	r3, [pc, #36]	; (814 <flash_mspi_write_ram+0x78>)
     7f0:	401a      	tstorerb	r2, [r3, #0]
     7f2:	97ff 9f59 	tjl	6a8 <flash_wait_done>
     7f6:	0b05      	tloadr	r3, [pc, #20]	; (80c <flash_mspi_write_ram+0x70>)
     7f8:	0642      	tmov	r2, r8
     7fa:	401a      	tstorerb	r2, [r3, #0]
     7fc:	6c0c      	tpop	{r2, r3}
     7fe:	0690      	tmov	r8, r2
     800:	069a      	tmov	sl, r3
     802:	6df0      	tpop	{r4, r5, r6, r7, pc}
     804:	0650      	tmov	r0, sl
     806:	97ff 9f19 	tjl	63c <flash_send_addr>
     80a:	87df      	tj.n	7cc <flash_mspi_write_ram+0x30>
     80c:	00800643 	taddeq	r0, r0, r3, asr #12
     810:	0080000c 	taddeq	r0, r0, ip
     814:	0080000d 	taddeq	r0, r0, sp

00000818 <gpio_init>:
gpio_init():
     818:	6570      	tpush	{r4, r5, r6, lr}
     81a:	ec06      	tadds	r6, r0, #0
     81c:	0a2c      	tloadr	r2, [pc, #176]	; (8d0 <gpio_init+0xb8>)
     81e:	0b2d      	tloadr	r3, [pc, #180]	; (8d4 <gpio_init+0xbc>)
     820:	501a      	tstorer	r2, [r3, #0]
     822:	0a2d      	tloadr	r2, [pc, #180]	; (8d8 <gpio_init+0xc0>)
     824:	b304      	tadds	r3, #4
     826:	501a      	tstorer	r2, [r3, #0]
     828:	a0bd      	tmovs	r0, #189	; 0xbd
     82a:	a13c      	tmovs	r1, #60	; 0x3c
     82c:	97ff 9ed2 	tjl	5d4 <analog_write>
     830:	a5ff      	tmovs	r5, #255	; 0xff
     832:	0b2a      	tloadr	r3, [pc, #168]	; (8dc <gpio_init+0xc4>)
     834:	401d      	tstorerb	r5, [r3, #0]
     836:	a400      	tmovs	r4, #0
     838:	b301      	tadds	r3, #1
     83a:	401c      	tstorerb	r4, [r3, #0]
     83c:	a0bf      	tmovs	r0, #191	; 0xbf
     83e:	a1ff      	tmovs	r1, #255	; 0xff
     840:	97ff 9ec8 	tjl	5d4 <analog_write>
     844:	0b26      	tloadr	r3, [pc, #152]	; (8e0 <gpio_init+0xc8>)
     846:	401d      	tstorerb	r5, [r3, #0]
     848:	a0c0      	tmovs	r0, #192	; 0xc0
     84a:	a100      	tmovs	r1, #0
     84c:	97ff 9ec2 	tjl	5d4 <analog_write>
     850:	0b24      	tloadr	r3, [pc, #144]	; (8e4 <gpio_init+0xcc>)
     852:	401d      	tstorerb	r5, [r3, #0]
     854:	b301      	tadds	r3, #1
     856:	401c      	tstorerb	r4, [r3, #0]
     858:	a0c2      	tmovs	r0, #194	; 0xc2
     85a:	a1ff      	tmovs	r1, #255	; 0xff
     85c:	97ff 9eba 	tjl	5d4 <analog_write>
     860:	0b21      	tloadr	r3, [pc, #132]	; (8e8 <gpio_init+0xd0>)
     862:	401d      	tstorerb	r5, [r3, #0]
     864:	a3c3      	tmovs	r3, #195	; 0xc3
     866:	f41b      	tshftls	r3, r3, #16
     868:	0a20      	tloadr	r2, [pc, #128]	; (8ec <gpio_init+0xd4>)
     86a:	5013      	tstorer	r3, [r2, #0]
     86c:	0a20      	tloadr	r2, [pc, #128]	; (8f0 <gpio_init+0xd8>)
     86e:	0b21      	tloadr	r3, [pc, #132]	; (8f4 <gpio_init+0xdc>)
     870:	501a      	tstorer	r2, [r3, #0]
     872:	a30f      	tmovs	r3, #15
     874:	0a20      	tloadr	r2, [pc, #128]	; (8f8 <gpio_init+0xe0>)
     876:	4013      	tstorerb	r3, [r2, #0]
     878:	b201      	tadds	r2, #1
     87a:	4013      	tstorerb	r3, [r2, #0]
     87c:	b201      	tadds	r2, #1
     87e:	4014      	tstorerb	r4, [r2, #0]
     880:	b202      	tadds	r2, #2
     882:	4013      	tstorerb	r3, [r2, #0]
     884:	0b1d      	tloadr	r3, [pc, #116]	; (8fc <gpio_init+0xe4>)
     886:	401c      	tstorerb	r4, [r3, #0]
     888:	ae00      	tcmp	r6, #0
     88a:	c01f      	tjeq.n	8cc <gpio_init+0xb4>
     88c:	a00e      	tmovs	r0, #14
     88e:	a100      	tmovs	r1, #0
     890:	97ff 9ea0 	tjl	5d4 <analog_write>
     894:	a00f      	tmovs	r0, #15
     896:	a140      	tmovs	r1, #64	; 0x40
     898:	97ff 9e9c 	tjl	5d4 <analog_write>
     89c:	a010      	tmovs	r0, #16
     89e:	a1f0      	tmovs	r1, #240	; 0xf0
     8a0:	97ff 9e98 	tjl	5d4 <analog_write>
     8a4:	a011      	tmovs	r0, #17
     8a6:	a10a      	tmovs	r1, #10
     8a8:	97ff 9e94 	tjl	5d4 <analog_write>
     8ac:	a012      	tmovs	r0, #18
     8ae:	a100      	tmovs	r1, #0
     8b0:	97ff 9e90 	tjl	5d4 <analog_write>
     8b4:	a013      	tmovs	r0, #19
     8b6:	a100      	tmovs	r1, #0
     8b8:	97ff 9e8c 	tjl	5d4 <analog_write>
     8bc:	a014      	tmovs	r0, #20
     8be:	a100      	tmovs	r1, #0
     8c0:	97ff 9e88 	tjl	5d4 <analog_write>
     8c4:	a015      	tmovs	r0, #21
     8c6:	a100      	tmovs	r1, #0
     8c8:	97ff 9e84 	tjl	5d4 <analog_write>
     8cc:	6d70      	tpop	{r4, r5, r6, pc}
     8ce:	46c0      	tnop			; (mov r8, r8)
     8d0:	00ff8000 	trsubcseq	r8, pc, r0
     8d4:	00800580 	taddeq	r0, r0, r0, lsl #11
     8d8:	007fff00 	trsubseq	pc, pc, r0, lsl #30
     8dc:	0080058a 	taddeq	r0, r0, sl, lsl #11
     8e0:	0080058e 	taddeq	r0, r0, lr, lsl #11
     8e4:	00800592 	umulleq	r0, r0, r2, r5
     8e8:	00800596 	umulleq	r0, r0, r6, r5
     8ec:	00800598 	umulleq	r0, r0, r8, r5
     8f0:	00ffff00 	trsubcseq	pc, pc, r0, lsl #30
     8f4:	0080059c 	umulleq	r0, r0, ip, r5
     8f8:	008005a1 	taddeq	r0, r0, r1, lsr #11
     8fc:	008005a6 	taddeq	r0, r0, r6, lsr #11

00000900 <sleep_us>:
sleep_us():
     900:	0a03      	tloadr	r2, [pc, #12]	; (910 <sleep_us+0x10>)
     902:	5811      	tloadr	r1, [r2, #0]
     904:	f100      	tshftls	r0, r0, #4
     906:	5813      	tloadr	r3, [r2, #0]
     908:	ea5b      	tsubs	r3, r3, r1
     90a:	0298      	tcmp	r0, r3
     90c:	c2fb      	tjcs.n	906 <sleep_us+0x6>
     90e:	0770      	tjex	lr
     910:	00800740 	taddeq	r0, r0, r0, asr #14

00000914 <sleep_start>:
sleep_start():
     914:	65f0      	tpush	{r4, r5, r6, r7, lr}
     916:	0647      	tmov	r7, r8
     918:	6480      	tpush	{r7}
     91a:	6081      	tsub	sp, #4
     91c:	a034      	tmovs	r0, #52	; 0x34
     91e:	a187      	tmovs	r1, #135	; 0x87
     920:	97ff 9e58 	tjl	5d4 <analog_write>
     924:	a300      	tmovs	r3, #0
     926:	0a22      	tloadr	r2, [pc, #136]	; (9b0 <sleep_start+0x9c>)
     928:	4013      	tstorerb	r3, [r2, #0]
     92a:	a1b9      	tmovs	r1, #185	; 0xb9
     92c:	ba01      	tsubs	r2, #1
     92e:	4011      	tstorerb	r1, [r2, #0]
     930:	3300      	tstorer	r3, [sp, #0]
     932:	3b00      	tloadr	r3, [sp, #0]
     934:	ab01      	tcmp	r3, #1
     936:	c805      	tjhi.n	944 <sleep_start+0x30>
     938:	3b00      	tloadr	r3, [sp, #0]
     93a:	b301      	tadds	r3, #1
     93c:	3300      	tstorer	r3, [sp, #0]
     93e:	3b00      	tloadr	r3, [sp, #0]
     940:	ab01      	tcmp	r3, #1
     942:	c9f9      	tjls.n	938 <sleep_start+0x24>
     944:	0f1a      	tloadr	r7, [pc, #104]	; (9b0 <sleep_start+0x9c>)
     946:	a301      	tmovs	r3, #1
     948:	403b      	tstorerb	r3, [r7, #0]
     94a:	0e1a      	tloadr	r6, [pc, #104]	; (9b4 <sleep_start+0xa0>)
     94c:	a400      	tmovs	r4, #0
     94e:	4034      	tstorerb	r4, [r6, #0]
     950:	a082      	tmovs	r0, #130	; 0x82
     952:	a10c      	tmovs	r1, #12
     954:	97ff 9e3e 	tjl	5d4 <analog_write>
     958:	0b17      	tloadr	r3, [pc, #92]	; (9b8 <sleep_start+0xa4>)
     95a:	481d      	tloadrb	r5, [r3, #0]
     95c:	f22d      	tshftls	r5, r5, #8
     95e:	0b17      	tloadr	r3, [pc, #92]	; (9bc <sleep_start+0xa8>)
     960:	e8ed      	tadds	r5, r5, r3
     962:	582b      	tloadr	r3, [r5, #0]
     964:	0698      	tmov	r8, r3
     966:	0b16      	tloadr	r3, [pc, #88]	; (9c0 <sleep_start+0xac>)
     968:	502b      	tstorer	r3, [r5, #0]
     96a:	97ff 9b59 	tjl	20 <start_suspend>
     96e:	0643      	tmov	r3, r8
     970:	502b      	tstorer	r3, [r5, #0]
     972:	a082      	tmovs	r0, #130	; 0x82
     974:	a164      	tmovs	r1, #100	; 0x64
     976:	97ff 9e2d 	tjl	5d4 <analog_write>
     97a:	a30f      	tmovs	r3, #15
     97c:	4033      	tstorerb	r3, [r6, #0]
     97e:	403c      	tstorerb	r4, [r7, #0]
     980:	a2ab      	tmovs	r2, #171	; 0xab
     982:	0b10      	tloadr	r3, [pc, #64]	; (9c4 <sleep_start+0xb0>)
     984:	401a      	tstorerb	r2, [r3, #0]
     986:	3400      	tstorer	r4, [sp, #0]
     988:	3b00      	tloadr	r3, [sp, #0]
     98a:	ab01      	tcmp	r3, #1
     98c:	c805      	tjhi.n	99a <sleep_start+0x86>
     98e:	3b00      	tloadr	r3, [sp, #0]
     990:	b301      	tadds	r3, #1
     992:	3300      	tstorer	r3, [sp, #0]
     994:	3b00      	tloadr	r3, [sp, #0]
     996:	ab01      	tcmp	r3, #1
     998:	c9f9      	tjls.n	98e <sleep_start+0x7a>
     99a:	a201      	tmovs	r2, #1
     99c:	0b04      	tloadr	r3, [pc, #16]	; (9b0 <sleep_start+0x9c>)
     99e:	401a      	tstorerb	r2, [r3, #0]
     9a0:	a034      	tmovs	r0, #52	; 0x34
     9a2:	a180      	tmovs	r1, #128	; 0x80
     9a4:	97ff 9e16 	tjl	5d4 <analog_write>
     9a8:	6001      	tadd	sp, #4
     9aa:	6c04      	tpop	{r2}
     9ac:	0690      	tmov	r8, r2
     9ae:	6df0      	tpop	{r4, r5, r6, r7, pc}
     9b0:	0080000d 	taddeq	r0, r0, sp
     9b4:	008005a1 	taddeq	r0, r0, r1, lsr #11
     9b8:	0080060d 	taddeq	r0, r0, sp, lsl #12
     9bc:	00840058 	taddeq	r0, r4, r8, asr r0
     9c0:	06c006c0 	tstorerbeq	r0, [r0], r0, asr #13
     9c4:	0080000c 	taddeq	r0, r0, ip

000009c8 <start_reboot>:
start_reboot():
     9c8:	6500      	tpush	{lr}
     9ca:	0b0b      	tloadr	r3, [pc, #44]	; (9f8 <start_reboot+0x30>)
     9cc:	495b      	tloadrb	r3, [r3, #5]
     9ce:	ab00      	tcmp	r3, #0
     9d0:	c108      	tjne.n	9e4 <start_reboot+0x1c>
     9d2:	9008 9a0d 	tjl	8df0 <irq_disable>
     9d6:	0809      	tloadr	r0, [pc, #36]	; (9fc <start_reboot+0x34>)
     9d8:	97ff 9f92 	tjl	900 <sleep_us>
     9dc:	a220      	tmovs	r2, #32
     9de:	0b08      	tloadr	r3, [pc, #32]	; (a00 <start_reboot+0x38>)
     9e0:	401a      	tstorerb	r2, [r3, #0]
     9e2:	87fe      	tj.n	9e2 <start_reboot+0x1a>
     9e4:	a03c      	tmovs	r0, #60	; 0x3c
     9e6:	97ff 9dd5 	tjl	594 <analog_read>
     9ea:	a1fe      	tmovs	r1, #254	; 0xfe
     9ec:	0001      	tands	r1, r0
     9ee:	a03c      	tmovs	r0, #60	; 0x3c
     9f0:	97ff 9df0 	tjl	5d4 <analog_write>
     9f4:	87ed      	tj.n	9d2 <start_reboot+0xa>
     9f6:	46c0      	tnop			; (mov r8, r8)
     9f8:	0084314c 	taddeq	r3, r4, ip, asr #2
     9fc:	000032c8 	tandeq	r3, r0, r8, asr #5
     a00:	0080006f 	taddeq	r0, r0, pc, rrx

00000a04 <cpu_get_32k_tick>:
cpu_get_32k_tick():
     a04:	65f0      	tpush	{r4, r5, r6, r7, lr}
     a06:	a228      	tmovs	r2, #40	; 0x28
     a08:	0b15      	tloadr	r3, [pc, #84]	; (a60 <cpu_get_32k_tick+0x5c>)
     a0a:	401a      	tstorerb	r2, [r3, #0]
     a0c:	a400      	tmovs	r4, #0
     a0e:	a500      	tmovs	r5, #0
     a10:	0a14      	tloadr	r2, [pc, #80]	; (a64 <cpu_get_32k_tick+0x60>)
     a12:	a108      	tmovs	r1, #8
     a14:	a708      	tmovs	r7, #8
     a16:	0e14      	tloadr	r6, [pc, #80]	; (a68 <cpu_get_32k_tick+0x64>)
     a18:	4017      	tstorerb	r7, [r2, #0]
     a1a:	06c0      	tmov	r8, r8
     a1c:	06c0      	tmov	r8, r8
     a1e:	06c0      	tmov	r8, r8
     a20:	06c0      	tmov	r8, r8
     a22:	06c0      	tmov	r8, r8
     a24:	06c0      	tmov	r8, r8
     a26:	06c0      	tmov	r8, r8
     a28:	06c0      	tmov	r8, r8
     a2a:	06c0      	tmov	r8, r8
     a2c:	06c0      	tmov	r8, r8
     a2e:	06c0      	tmov	r8, r8
     a30:	06c0      	tmov	r8, r8
     a32:	06c0      	tmov	r8, r8
     a34:	06c0      	tmov	r8, r8
     a36:	06c0      	tmov	r8, r8
     a38:	06c0      	tmov	r8, r8
     a3a:	4813      	tloadrb	r3, [r2, #0]
     a3c:	0219      	tnand	r1, r3
     a3e:	c1fc      	tjne.n	a3a <cpu_get_32k_tick+0x36>
     a40:	5830      	tloadr	r0, [r6, #0]
     a42:	ac00      	tcmp	r4, #0
     a44:	c006      	tjeq.n	a54 <cpu_get_32k_tick+0x50>
     a46:	eb43      	tsubs	r3, r0, r5
     a48:	ab01      	tcmp	r3, #1
     a4a:	c907      	tjls.n	a5c <cpu_get_32k_tick+0x58>
     a4c:	ec2b      	tadds	r3, r5, #0
     a4e:	0043      	txors	r3, r0
     a50:	ab01      	tcmp	r3, #1
     a52:	c002      	tjeq.n	a5a <cpu_get_32k_tick+0x56>
     a54:	b401      	tadds	r4, #1
     a56:	ec05      	tadds	r5, r0, #0
     a58:	87de      	tj.n	a18 <cpu_get_32k_tick+0x14>
     a5a:	ec28      	tadds	r0, r5, #0
     a5c:	6df0      	tpop	{r4, r5, r6, r7, pc}
     a5e:	46c0      	tnop			; (mov r8, r8)
     a60:	0080074c 	taddeq	r0, r0, ip, asr #14
     a64:	0080074f 	taddeq	r0, r0, pc, asr #14
     a68:	00800754 	taddeq	r0, r0, r4, asr r7

00000a6c <cpu_wakeup_init>:
cpu_wakeup_init():
     a6c:	6510      	tpush	{r4, lr}
     a6e:	a300      	tmovs	r3, #0
     a70:	0a4b      	tloadr	r2, [pc, #300]	; (ba0 <cpu_wakeup_init+0x134>)
     a72:	4013      	tstorerb	r3, [r2, #0]
     a74:	b201      	tadds	r2, #1
     a76:	4013      	tstorerb	r3, [r2, #0]
     a78:	b201      	tadds	r2, #1
     a7a:	4013      	tstorerb	r3, [r2, #0]
     a7c:	a3ff      	tmovs	r3, #255	; 0xff
     a7e:	b201      	tadds	r2, #1
     a80:	4013      	tstorerb	r3, [r2, #0]
     a82:	b201      	tadds	r2, #1
     a84:	4013      	tstorerb	r3, [r2, #0]
     a86:	b201      	tadds	r2, #1
     a88:	4013      	tstorerb	r3, [r2, #0]
     a8a:	a082      	tmovs	r0, #130	; 0x82
     a8c:	a164      	tmovs	r1, #100	; 0x64
     a8e:	97ff 9da1 	tjl	5d4 <analog_write>
     a92:	a034      	tmovs	r0, #52	; 0x34
     a94:	a180      	tmovs	r1, #128	; 0x80
     a96:	97ff 9d9d 	tjl	5d4 <analog_write>
     a9a:	a00b      	tmovs	r0, #11
     a9c:	a138      	tmovs	r1, #56	; 0x38
     a9e:	97ff 9d99 	tjl	5d4 <analog_write>
     aa2:	a08c      	tmovs	r0, #140	; 0x8c
     aa4:	a102      	tmovs	r1, #2
     aa6:	97ff 9d95 	tjl	5d4 <analog_write>
     aaa:	a002      	tmovs	r0, #2
     aac:	a1a2      	tmovs	r1, #162	; 0xa2
     aae:	97ff 9d91 	tjl	5d4 <analog_write>
     ab2:	a027      	tmovs	r0, #39	; 0x27
     ab4:	a100      	tmovs	r1, #0
     ab6:	97ff 9d8d 	tjl	5d4 <analog_write>
     aba:	a028      	tmovs	r0, #40	; 0x28
     abc:	a100      	tmovs	r1, #0
     abe:	97ff 9d89 	tjl	5d4 <analog_write>
     ac2:	a029      	tmovs	r0, #41	; 0x29
     ac4:	a100      	tmovs	r1, #0
     ac6:	97ff 9d85 	tjl	5d4 <analog_write>
     aca:	a02a      	tmovs	r0, #42	; 0x2a
     acc:	a100      	tmovs	r1, #0
     ace:	97ff 9d81 	tjl	5d4 <analog_write>
     ad2:	0b34      	tloadr	r3, [pc, #208]	; (ba4 <cpu_wakeup_init+0x138>)
     ad4:	0a34      	tloadr	r2, [pc, #208]	; (ba8 <cpu_wakeup_init+0x13c>)
     ad6:	5013      	tstorer	r3, [r2, #0]
     ad8:	b204      	tadds	r2, #4
     ada:	5013      	tstorer	r3, [r2, #0]
     adc:	a204      	tmovs	r2, #4
     ade:	0b33      	tloadr	r3, [pc, #204]	; (bac <cpu_wakeup_init+0x140>)
     ae0:	401a      	tstorerb	r2, [r3, #0]
     ae2:	a3fa      	tmovs	r3, #250	; 0xfa
     ae4:	f15b      	tshftls	r3, r3, #5
     ae6:	0a32      	tloadr	r2, [pc, #200]	; (bb0 <cpu_wakeup_init+0x144>)
     ae8:	2013      	tstorerh	r3, [r2, #0]
     aea:	0b32      	tloadr	r3, [pc, #200]	; (bb4 <cpu_wakeup_init+0x148>)
     aec:	481b      	tloadrb	r3, [r3, #0]
     aee:	ab01      	tcmp	r3, #1
     af0:	c04e      	tjeq.n	b90 <cpu_wakeup_init+0x124>
     af2:	a001      	tmovs	r0, #1
     af4:	a14c      	tmovs	r1, #76	; 0x4c
     af6:	97ff 9d6d 	tjl	5d4 <analog_write>
     afa:	0b2f      	tloadr	r3, [pc, #188]	; (bb8 <cpu_wakeup_init+0x14c>)
     afc:	495b      	tloadrb	r3, [r3, #5]
     afe:	ab00      	tcmp	r3, #0
     b00:	c138      	tjne.n	b74 <cpu_wakeup_init+0x108>
     b02:	a07f      	tmovs	r0, #127	; 0x7f
     b04:	97ff 9d46 	tjl	594 <analog_read>
     b08:	a301      	tmovs	r3, #1
     b0a:	0203      	tnand	r3, r0
     b0c:	c129      	tjne.n	b62 <cpu_wakeup_init+0xf6>
     b0e:	0c2b      	tloadr	r4, [pc, #172]	; (bbc <cpu_wakeup_init+0x150>)
     b10:	4023      	tstorerb	r3, [r4, #0]
     b12:	a044      	tmovs	r0, #68	; 0x44
     b14:	97ff 9d3e 	tjl	594 <analog_read>
     b18:	40a0      	tstorerb	r0, [r4, #2]
     b1a:	a044      	tmovs	r0, #68	; 0x44
     b1c:	97ff 9d3a 	tjl	594 <analog_read>
     b20:	a30a      	tmovs	r3, #10
     b22:	0018      	tands	r0, r3
     b24:	a808      	tcmp	r0, #8
     b26:	c038      	tjeq.n	b9a <cpu_wakeup_init+0x12e>
     b28:	97ff 9f6c 	tjl	a04 <cpu_get_32k_tick>
     b2c:	0b24      	tloadr	r3, [pc, #144]	; (bc0 <cpu_wakeup_init+0x154>)
     b2e:	581b      	tloadr	r3, [r3, #0]
     b30:	9000 9850 	tjl	bd4 <cpu_wakeup_init+0x168>
     b34:	0b23      	tloadr	r3, [pc, #140]	; (bc4 <cpu_wakeup_init+0x158>)
     b36:	5018      	tstorer	r0, [r3, #0]
     b38:	b30c      	tadds	r3, #12
     b3a:	a200      	tmovs	r2, #0
     b3c:	401a      	tstorerb	r2, [r3, #0]
     b3e:	a292      	tmovs	r2, #146	; 0x92
     b40:	401a      	tstorerb	r2, [r3, #0]
     b42:	a201      	tmovs	r2, #1
     b44:	b303      	tadds	r3, #3
     b46:	401a      	tstorerb	r2, [r3, #0]
     b48:	a300      	tmovs	r3, #0
     b4a:	0a1f      	tloadr	r2, [pc, #124]	; (bc8 <cpu_wakeup_init+0x15c>)
     b4c:	4013      	tstorerb	r3, [r2, #0]
     b4e:	b201      	tadds	r2, #1
     b50:	4013      	tstorerb	r3, [r2, #0]
     b52:	0b1e      	tloadr	r3, [pc, #120]	; (bcc <cpu_wakeup_init+0x160>)
     b54:	4819      	tloadrb	r1, [r3, #0]
     b56:	a20c      	tmovs	r2, #12
     b58:	030a      	tors	r2, r1
     b5a:	f612      	tshftls	r2, r2, #24
     b5c:	fe12      	tshftrs	r2, r2, #24
     b5e:	401a      	tstorerb	r2, [r3, #0]
     b60:	6d10      	tpop	{r4, pc}
     b62:	0c16      	tloadr	r4, [pc, #88]	; (bbc <cpu_wakeup_init+0x150>)
     b64:	4822      	tloadrb	r2, [r4, #0]
     b66:	aa00      	tcmp	r2, #0
     b68:	c1d3      	tjne.n	b12 <cpu_wakeup_init+0xa6>
     b6a:	0a19      	tloadr	r2, [pc, #100]	; (bd0 <cpu_wakeup_init+0x164>)
     b6c:	4013      	tstorerb	r3, [r2, #0]
     b6e:	9008 99b7 	tjl	8ee0 <cpu_wakeup_no_deepretn_back_init>
     b72:	87e9      	tj.n	b48 <cpu_wakeup_init+0xdc>
     b74:	a026      	tmovs	r0, #38	; 0x26
     b76:	97ff 9d0d 	tjl	594 <analog_read>
     b7a:	a800      	tcmp	r0, #0
     b7c:	c1c1      	tjne.n	b02 <cpu_wakeup_init+0x96>
     b7e:	a03c      	tmovs	r0, #60	; 0x3c
     b80:	97ff 9d08 	tjl	594 <analog_read>
     b84:	a1fe      	tmovs	r1, #254	; 0xfe
     b86:	0001      	tands	r1, r0
     b88:	a03c      	tmovs	r0, #60	; 0x3c
     b8a:	97ff 9d23 	tjl	5d4 <analog_write>
     b8e:	87b8      	tj.n	b02 <cpu_wakeup_init+0x96>
     b90:	a001      	tmovs	r0, #1
     b92:	a13c      	tmovs	r1, #60	; 0x3c
     b94:	97ff 9d1e 	tjl	5d4 <analog_write>
     b98:	87af      	tj.n	afa <cpu_wakeup_init+0x8e>
     b9a:	a301      	tmovs	r3, #1
     b9c:	4063      	tstorerb	r3, [r4, #1]
     b9e:	87c3      	tj.n	b28 <cpu_wakeup_init+0xbc>
     ba0:	00800060 	taddeq	r0, r0, r0, rrx
     ba4:	04040404 	tstorereq	r0, [r4], #-1028	; 0x404
     ba8:	00800c40 	taddeq	r0, r0, r0, asr #24
     bac:	00800c48 	taddeq	r0, r0, r8, asr #24
     bb0:	00800750 	taddeq	r0, r0, r0, asr r7
     bb4:	0080007d 	taddeq	r0, r0, sp, ror r0
     bb8:	0084314c 	taddeq	r3, r4, ip, asr #2
     bbc:	00848f88 	taddeq	r8, r4, r8, lsl #31
     bc0:	00848f8c 	taddeq	r8, r4, ip, lsl #31
     bc4:	00800740 	taddeq	r0, r0, r0, asr #14
     bc8:	00800c20 	taddeq	r0, r0, r0, lsr #24
     bcc:	008005b5 	undefined instruction 0x008005b5
     bd0:	0080074f 	taddeq	r0, r0, pc, asr #14
     bd4:	0718      	tjex	r3
     bd6:	46c0      	tnop			; (mov r8, r8)

00000bd8 <cpu_sleep_wakeup_32k_rc>:
cpu_sleep_wakeup_32k_rc():
     bd8:	65f0      	tpush	{r4, r5, r6, r7, lr}
     bda:	065f      	tmov	r7, fp
     bdc:	0656      	tmov	r6, sl
     bde:	064d      	tmov	r5, r9
     be0:	0644      	tmov	r4, r8
     be2:	64f0      	tpush	{r4, r5, r6, r7}
     be4:	6087      	tsub	sp, #28
     be6:	0690      	tmov	r8, r2
     be8:	f600      	tshftls	r0, r0, #24
     bea:	fe00      	tshftrs	r0, r0, #24
     bec:	0683      	tmov	fp, r0
     bee:	f409      	tshftls	r1, r1, #16
     bf0:	fc09      	tshftrs	r1, r1, #16
     bf2:	068a      	tmov	sl, r1
     bf4:	a340      	tmovs	r3, #64	; 0x40
     bf6:	0acd      	tloadr	r2, [pc, #820]	; (f2c <cpu_sleep_wakeup_32k_rc+0x354>)
     bf8:	2812      	tloadrh	r2, [r2, #0]
     bfa:	0691      	tmov	r9, r2
     bfc:	0ccc      	tloadr	r4, [pc, #816]	; (f30 <cpu_sleep_wakeup_32k_rc+0x358>)
     bfe:	2022      	tstorerh	r2, [r4, #0]
     c00:	0ecc      	tloadr	r6, [pc, #816]	; (f34 <cpu_sleep_wakeup_32k_rc+0x35c>)
     c02:	5835      	tloadr	r5, [r6, #0]
     c04:	0019      	tands	r1, r3
     c06:	3102      	tstorer	r1, [sp, #8]
     c08:	c012      	tjeq.n	c30 <cpu_sleep_wakeup_32k_rc+0x58>
     c0a:	0641      	tmov	r1, r8
     c0c:	eb4d      	tsubs	r5, r1, r5
     c0e:	a3e0      	tmovs	r3, #224	; 0xe0
     c10:	f61b      	tshftls	r3, r3, #24
     c12:	029d      	tcmp	r5, r3
     c14:	c900      	tjls.n	c18 <cpu_sleep_wakeup_32k_rc+0x40>
     c16:	8165      	tj.n	ee4 <cpu_sleep_wakeup_32k_rc+0x30c>
     c18:	0bc7      	tloadr	r3, [pc, #796]	; (f38 <cpu_sleep_wakeup_32k_rc+0x360>)
     c1a:	029d      	tcmp	r5, r3
     c1c:	c800      	tjhi.n	c20 <cpu_sleep_wakeup_32k_rc+0x48>
     c1e:	81a5      	tj.n	f6c <cpu_sleep_wakeup_32k_rc+0x394>
     c20:	a3ff      	tmovs	r3, #255	; 0xff
     c22:	f51b      	tshftls	r3, r3, #20
     c24:	029d      	tcmp	r5, r3
     c26:	c800      	tjhi.n	c2a <cpu_sleep_wakeup_32k_rc+0x52>
     c28:	8158      	tj.n	edc <cpu_sleep_wakeup_32k_rc+0x304>
     c2a:	a201      	tmovs	r2, #1
     c2c:	0bc3      	tloadr	r3, [pc, #780]	; (f3c <cpu_sleep_wakeup_32k_rc+0x364>)
     c2e:	401a      	tstorerb	r2, [r3, #0]
     c30:	0dc3      	tloadr	r5, [pc, #780]	; (f40 <cpu_sleep_wakeup_32k_rc+0x368>)
     c32:	482b      	tloadrb	r3, [r5, #0]
     c34:	3301      	tstorer	r3, [sp, #4]
     c36:	a300      	tmovs	r3, #0
     c38:	402b      	tstorerb	r3, [r5, #0]
     c3a:	0bc2      	tloadr	r3, [pc, #776]	; (f44 <cpu_sleep_wakeup_32k_rc+0x36c>)
     c3c:	581b      	tloadr	r3, [r3, #0]
     c3e:	ab00      	tcmp	r3, #0
     c40:	c00f      	tjeq.n	c62 <cpu_sleep_wakeup_32k_rc+0x8a>
     c42:	9000 9a07 	tjl	1054 <cpu_sleep_wakeup_32k_rc+0x47c>
     c46:	a800      	tcmp	r0, #0
     c48:	c10b      	tjne.n	c62 <cpu_sleep_wakeup_32k_rc+0x8a>
     c4a:	066a      	tmov	r2, sp
     c4c:	ed13      	tadds	r3, r2, #4
     c4e:	481a      	tloadrb	r2, [r3, #0]
     c50:	402a      	tstorerb	r2, [r5, #0]
     c52:	a008      	tmovs	r0, #8
     c54:	6007      	tadd	sp, #28
     c56:	6c3c      	tpop	{r2, r3, r4, r5}
     c58:	0690      	tmov	r8, r2
     c5a:	0699      	tmov	r9, r3
     c5c:	06a2      	tmov	sl, r4
     c5e:	06ab      	tmov	fp, r5
     c60:	6df0      	tpop	{r4, r5, r6, r7, pc}
     c62:	0bb4      	tloadr	r3, [pc, #720]	; (f34 <cpu_sleep_wakeup_32k_rc+0x35c>)
     c64:	581b      	tloadr	r3, [r3, #0]
     c66:	0eb8      	tloadr	r6, [pc, #736]	; (f48 <cpu_sleep_wakeup_32k_rc+0x370>)
     c68:	a08c      	tmovs	r0, #140	; 0x8c
     c6a:	f080      	tshftls	r0, r0, #2
     c6c:	e81b      	tadds	r3, r3, r0
     c6e:	5033      	tstorer	r3, [r6, #0]
     c70:	97ff 9ec8 	tjl	a04 <cpu_get_32k_tick>
     c74:	0fb5      	tloadr	r7, [pc, #724]	; (f4c <cpu_sleep_wakeup_32k_rc+0x374>)
     c76:	5038      	tstorer	r0, [r7, #0]
     c78:	0db5      	tloadr	r5, [pc, #724]	; (f50 <cpu_sleep_wakeup_32k_rc+0x378>)
     c7a:	a300      	tmovs	r3, #0
     c7c:	50ab      	tstorer	r3, [r5, #8]
     c7e:	0651      	tmov	r1, sl
     c80:	f449      	tshftls	r1, r1, #17
     c82:	c500      	tjpl.n	c86 <cpu_sleep_wakeup_32k_rc+0xae>
     c84:	8126      	tj.n	ed4 <cpu_sleep_wakeup_32k_rc+0x2fc>
     c86:	0652      	tmov	r2, sl
     c88:	f412      	tshftls	r2, r2, #16
     c8a:	3204      	tstorer	r2, [sp, #16]
     c8c:	aa00      	tcmp	r2, #0
     c8e:	ca00      	tjge.n	c92 <cpu_sleep_wakeup_32k_rc+0xba>
     c90:	81ad      	tj.n	fee <cpu_sleep_wakeup_32k_rc+0x416>
     c92:	a300      	tmovs	r3, #0
     c94:	059b      	tcmp	fp, r3
     c96:	c000      	tjeq.n	c9a <cpu_sleep_wakeup_32k_rc+0xc2>
     c98:	80e7      	tj.n	e6a <cpu_sleep_wakeup_32k_rc+0x292>
     c9a:	09ae      	tloadr	r1, [pc, #696]	; (f54 <cpu_sleep_wakeup_32k_rc+0x37c>)
     c9c:	ec0a      	tadds	r2, r1, #0
     c9e:	0442      	tadd	r2, r8
     ca0:	3205      	tstorer	r2, [sp, #20]
     ca2:	0653      	tmov	r3, sl
     ca4:	f619      	tshftls	r1, r3, #24
     ca6:	fe09      	tshftrs	r1, r1, #24
     ca8:	a026      	tmovs	r0, #38	; 0x26
     caa:	97ff 9c93 	tjl	5d4 <analog_write>
     cae:	a044      	tmovs	r0, #68	; 0x44
     cb0:	a10f      	tmovs	r1, #15
     cb2:	97ff 9c8f 	tjl	5d4 <analog_write>
     cb6:	0ba8      	tloadr	r3, [pc, #672]	; (f58 <cpu_sleep_wakeup_32k_rc+0x380>)
     cb8:	481a      	tloadrb	r2, [r3, #0]
     cba:	3206      	tstorer	r2, [sp, #24]
     cbc:	0658      	tmov	r0, fp
     cbe:	4018      	tstorerb	r0, [r3, #0]
     cc0:	a004      	tmovs	r0, #4
     cc2:	a148      	tmovs	r1, #72	; 0x48
     cc4:	97ff 9c86 	tjl	5d4 <analog_write>
     cc8:	a07e      	tmovs	r0, #126	; 0x7e
     cca:	a100      	tmovs	r1, #0
     ccc:	97ff 9c82 	tjl	5d4 <analog_write>
     cd0:	a104      	tmovs	r1, #4
     cd2:	3100      	tstorer	r1, [sp, #0]
     cd4:	a29e      	tmovs	r2, #158	; 0x9e
     cd6:	0692      	tmov	sl, r2
     cd8:	a300      	tmovs	r3, #0
     cda:	3303      	tstorer	r3, [sp, #12]
     cdc:	a15e      	tmovs	r1, #94	; 0x5e
     cde:	a02b      	tmovs	r0, #43	; 0x2b
     ce0:	97ff 9c78 	tjl	5d4 <analog_write>
     ce4:	3a02      	tloadr	r2, [sp, #8]
     ce6:	0251      	tnegs	r1, r2
     ce8:	0151      	taddcs	r1, r2
     cea:	0653      	tmov	r3, sl
     cec:	0319      	tors	r1, r3
     cee:	a02c      	tmovs	r0, #44	; 0x2c
     cf0:	97ff 9c70 	tjl	5d4 <analog_write>
     cf4:	a007      	tmovs	r0, #7
     cf6:	97ff 9c4d 	tjl	594 <analog_read>
     cfa:	a307      	tmovs	r3, #7
     cfc:	0398      	tbclrs	r0, r3
     cfe:	3900      	tloadr	r1, [sp, #0]
     d00:	0308      	tors	r0, r1
     d02:	f601      	tshftls	r1, r0, #24
     d04:	fe09      	tshftrs	r1, r1, #24
     d06:	a007      	tmovs	r0, #7
     d08:	97ff 9c64 	tjl	5d4 <analog_write>
     d0c:	3a03      	tloadr	r2, [sp, #12]
     d0e:	aa00      	tcmp	r2, #0
     d10:	c100      	tjne.n	d14 <cpu_sleep_wakeup_32k_rc+0x13c>
     d12:	80f9      	tj.n	f08 <cpu_sleep_wakeup_32k_rc+0x330>
     d14:	a07f      	tmovs	r0, #127	; 0x7f
     d16:	a100      	tmovs	r1, #0
     d18:	97ff 9c5c 	tjl	5d4 <analog_write>
     d1c:	064b      	tmov	r3, r9
     d1e:	f85b      	tshftrs	r3, r3, #1
     d20:	0699      	tmov	r9, r3
     d22:	a1fa      	tmovs	r1, #250	; 0xfa
     d24:	f209      	tshftls	r1, r1, #8
     d26:	ec08      	tadds	r0, r1, #0
     d28:	0448      	tadd	r0, r9
     d2a:	2821      	tloadrh	r1, [r4, #0]
     d2c:	97ff 9a52 	tjl	1d4 <__divsi3>
     d30:	a17f      	tmovs	r1, #127	; 0x7f
     d32:	ea09      	tsubs	r1, r1, r0
     d34:	f609      	tshftls	r1, r1, #24
     d36:	fe09      	tshftrs	r1, r1, #24
     d38:	a020      	tmovs	r0, #32
     d3a:	97ff 9c4b 	tjl	5d4 <analog_write>
     d3e:	a2fa      	tmovs	r2, #250	; 0xfa
     d40:	f252      	tshftls	r2, r2, #9
     d42:	ec10      	tadds	r0, r2, #0
     d44:	0448      	tadd	r0, r9
     d46:	2821      	tloadrh	r1, [r4, #0]
     d48:	97ff 9a44 	tjl	1d4 <__divsi3>
     d4c:	03c1      	tmovns	r1, r0
     d4e:	f609      	tshftls	r1, r1, #24
     d50:	fe09      	tshftrs	r1, r1, #24
     d52:	a01f      	tmovs	r0, #31
     d54:	97ff 9c3e 	tjl	5d4 <analog_write>
     d58:	0b78      	tloadr	r3, [pc, #480]	; (f3c <cpu_sleep_wakeup_32k_rc+0x364>)
     d5a:	069a      	tmov	sl, r3
     d5c:	4818      	tloadrb	r0, [r3, #0]
     d5e:	3000      	tstorer	r0, [sp, #0]
     d60:	a800      	tcmp	r0, #0
     d62:	c100      	tjne.n	d66 <cpu_sleep_wakeup_32k_rc+0x18e>
     d64:	80c4      	tj.n	ef0 <cpu_sleep_wakeup_32k_rc+0x318>
     d66:	5830      	tloadr	r0, [r6, #0]
     d68:	3905      	tloadr	r1, [sp, #20]
     d6a:	ea08      	tsubs	r0, r1, r0
     d6c:	2821      	tloadrh	r1, [r4, #0]
     d6e:	97ff 9a35 	tjl	1dc <__udivsi3>
     d72:	f100      	tshftls	r0, r0, #4
     d74:	583b      	tloadr	r3, [r7, #0]
     d76:	e8c3      	tadds	r3, r0, r3
     d78:	3303      	tstorer	r3, [sp, #12]
     d7a:	3b04      	tloadr	r3, [sp, #16]
     d7c:	ab00      	tcmp	r3, #0
     d7e:	ca00      	tjge.n	d82 <cpu_sleep_wakeup_32k_rc+0x1aa>
     d80:	8116      	tj.n	fb0 <cpu_sleep_wakeup_32k_rc+0x3d8>
     d82:	a22c      	tmovs	r2, #44	; 0x2c
     d84:	0b75      	tloadr	r3, [pc, #468]	; (f5c <cpu_sleep_wakeup_32k_rc+0x384>)
     d86:	401a      	tstorerb	r2, [r3, #0]
     d88:	b308      	tadds	r3, #8
     d8a:	3803      	tloadr	r0, [sp, #12]
     d8c:	5018      	tstorer	r0, [r3, #0]
     d8e:	0974      	tloadr	r1, [pc, #464]	; (f60 <cpu_sleep_wakeup_32k_rc+0x388>)
     d90:	a308      	tmovs	r3, #8
     d92:	400b      	tstorerb	r3, [r1, #0]
     d94:	06c0      	tmov	r8, r8
     d96:	06c0      	tmov	r8, r8
     d98:	06c0      	tmov	r8, r8
     d9a:	06c0      	tmov	r8, r8
     d9c:	06c0      	tmov	r8, r8
     d9e:	06c0      	tmov	r8, r8
     da0:	06c0      	tmov	r8, r8
     da2:	06c0      	tmov	r8, r8
     da4:	06c0      	tmov	r8, r8
     da6:	06c0      	tmov	r8, r8
     da8:	06c0      	tmov	r8, r8
     daa:	06c0      	tmov	r8, r8
     dac:	06c0      	tmov	r8, r8
     dae:	06c0      	tmov	r8, r8
     db0:	06c0      	tmov	r8, r8
     db2:	06c0      	tmov	r8, r8
     db4:	a208      	tmovs	r2, #8
     db6:	480b      	tloadrb	r3, [r1, #0]
     db8:	021a      	tnand	r2, r3
     dba:	c1fc      	tjne.n	db6 <cpu_sleep_wakeup_32k_rc+0x1de>
     dbc:	a220      	tmovs	r2, #32
     dbe:	0b67      	tloadr	r3, [pc, #412]	; (f5c <cpu_sleep_wakeup_32k_rc+0x384>)
     dc0:	401a      	tstorerb	r2, [r3, #0]
     dc2:	a044      	tmovs	r0, #68	; 0x44
     dc4:	97ff 9be6 	tjl	594 <analog_read>
     dc8:	f701      	tshftls	r1, r0, #28
     dca:	c100      	tjne.n	dce <cpu_sleep_wakeup_32k_rc+0x1f6>
     dcc:	80e0      	tj.n	f90 <cpu_sleep_wakeup_32k_rc+0x3b8>
     dce:	a280      	tmovs	r2, #128	; 0x80
     dd0:	0593      	tcmp	fp, r2
     dd2:	c100      	tjne.n	dd6 <cpu_sleep_wakeup_32k_rc+0x1fe>
     dd4:	8127      	tj.n	1026 <cpu_sleep_wakeup_32k_rc+0x44e>
     dd6:	97ff 9e15 	tjl	a04 <cpu_get_32k_tick>
     dda:	58ab      	tloadr	r3, [r5, #8]
     ddc:	ab03      	tcmp	r3, #3
     dde:	c100      	tjne.n	de2 <cpu_sleep_wakeup_32k_rc+0x20a>
     de0:	80d9      	tj.n	f96 <cpu_sleep_wakeup_32k_rc+0x3be>
     de2:	0652      	tmov	r2, sl
     de4:	4813      	tloadrb	r3, [r2, #0]
     de6:	ab00      	tcmp	r3, #0
     de8:	c100      	tjne.n	dec <cpu_sleep_wakeup_32k_rc+0x214>
     dea:	8095      	tj.n	f18 <cpu_sleep_wakeup_32k_rc+0x340>
     dec:	583b      	tloadr	r3, [r7, #0]
     dee:	eac0      	tsubs	r0, r0, r3
     df0:	f900      	tshftrs	r0, r0, #4
     df2:	2823      	tloadrh	r3, [r4, #0]
     df4:	0343      	tmuls	r3, r0
     df6:	5832      	tloadr	r2, [r6, #0]
     df8:	e89b      	tadds	r3, r3, r2
     dfa:	5033      	tstorer	r3, [r6, #0]
     dfc:	b341      	tadds	r3, #65	; 0x41
     dfe:	b3ff      	tadds	r3, #255	; 0xff
     e00:	0c4c      	tloadr	r4, [pc, #304]	; (f34 <cpu_sleep_wakeup_32k_rc+0x35c>)
     e02:	5023      	tstorer	r3, [r4, #0]
     e04:	0b55      	tloadr	r3, [pc, #340]	; (f5c <cpu_sleep_wakeup_32k_rc+0x384>)
     e06:	a200      	tmovs	r2, #0
     e08:	401a      	tstorerb	r2, [r3, #0]
     e0a:	06c0      	tmov	r8, r8
     e0c:	06c0      	tmov	r8, r8
     e0e:	06c0      	tmov	r8, r8
     e10:	06c0      	tmov	r8, r8
     e12:	06c0      	tmov	r8, r8
     e14:	06c0      	tmov	r8, r8
     e16:	a292      	tmovs	r2, #146	; 0x92
     e18:	401a      	tstorerb	r2, [r3, #0]
     e1a:	06c0      	tmov	r8, r8
     e1c:	06c0      	tmov	r8, r8
     e1e:	06c0      	tmov	r8, r8
     e20:	06c0      	tmov	r8, r8
     e22:	a201      	tmovs	r2, #1
     e24:	b303      	tadds	r3, #3
     e26:	401a      	tstorerb	r2, [r3, #0]
     e28:	0b4b      	tloadr	r3, [pc, #300]	; (f58 <cpu_sleep_wakeup_32k_rc+0x380>)
     e2a:	0668      	tmov	r0, sp
     e2c:	a118      	tmovs	r1, #24
     e2e:	1c08      	tloadrb	r0, [r1, r0]
     e30:	4018      	tstorerb	r0, [r3, #0]
     e32:	a044      	tmovs	r0, #68	; 0x44
     e34:	97ff 9bae 	tjl	594 <analog_read>
     e38:	ec01      	tadds	r1, r0, #0
     e3a:	f782      	tshftls	r2, r0, #30
     e3c:	c509      	tjpl.n	e52 <cpu_sleep_wakeup_32k_rc+0x27a>
     e3e:	3b02      	tloadr	r3, [sp, #8]
     e40:	ab00      	tcmp	r3, #0
     e42:	c006      	tjeq.n	e52 <cpu_sleep_wakeup_32k_rc+0x27a>
     e44:	a280      	tmovs	r2, #128	; 0x80
     e46:	f5d2      	tshftls	r2, r2, #23
     e48:	0640      	tmov	r0, r8
     e4a:	5823      	tloadr	r3, [r4, #0]
     e4c:	ea1b      	tsubs	r3, r3, r0
     e4e:	0293      	tcmp	r3, r2
     e50:	c8fb      	tjhi.n	e4a <cpu_sleep_wakeup_32k_rc+0x272>
     e52:	0b3b      	tloadr	r3, [pc, #236]	; (f40 <cpu_sleep_wakeup_32k_rc+0x368>)
     e54:	0668      	tmov	r0, sp
     e56:	ed02      	tadds	r2, r0, #4
     e58:	4810      	tloadrb	r0, [r2, #0]
     e5a:	4018      	tstorerb	r0, [r3, #0]
     e5c:	a080      	tmovs	r0, #128	; 0x80
     e5e:	a900      	tcmp	r1, #0
     e60:	c100      	tjne.n	e64 <cpu_sleep_wakeup_32k_rc+0x28c>
     e62:	86f7      	tj.n	c54 <cpu_sleep_wakeup_32k_rc+0x7c>
     e64:	f5c0      	tshftls	r0, r0, #23
     e66:	0308      	tors	r0, r1
     e68:	86f4      	tj.n	c54 <cpu_sleep_wakeup_32k_rc+0x7c>
     e6a:	083e      	tloadr	r0, [pc, #248]	; (f64 <cpu_sleep_wakeup_32k_rc+0x38c>)
     e6c:	ec01      	tadds	r1, r0, #0
     e6e:	0441      	tadd	r1, r8
     e70:	3105      	tstorer	r1, [sp, #20]
     e72:	0652      	tmov	r2, sl
     e74:	f611      	tshftls	r1, r2, #24
     e76:	fe09      	tshftrs	r1, r1, #24
     e78:	a026      	tmovs	r0, #38	; 0x26
     e7a:	97ff 9bab 	tjl	5d4 <analog_write>
     e7e:	a044      	tmovs	r0, #68	; 0x44
     e80:	a10f      	tmovs	r1, #15
     e82:	97ff 9ba7 	tjl	5d4 <analog_write>
     e86:	0b34      	tloadr	r3, [pc, #208]	; (f58 <cpu_sleep_wakeup_32k_rc+0x380>)
     e88:	481a      	tloadrb	r2, [r3, #0]
     e8a:	3206      	tstorer	r2, [sp, #24]
     e8c:	a200      	tmovs	r2, #0
     e8e:	401a      	tstorerb	r2, [r3, #0]
     e90:	a37f      	tmovs	r3, #127	; 0x7f
     e92:	0658      	tmov	r0, fp
     e94:	0018      	tands	r0, r3
     e96:	3003      	tstorer	r0, [sp, #12]
     e98:	c100      	tjne.n	e9c <cpu_sleep_wakeup_32k_rc+0x2c4>
     e9a:	80b6      	tj.n	100a <cpu_sleep_wakeup_32k_rc+0x432>
     e9c:	a002      	tmovs	r0, #2
     e9e:	97ff 9b79 	tjl	594 <analog_read>
     ea2:	a307      	tmovs	r3, #7
     ea4:	0398      	tbclrs	r0, r3
     ea6:	a305      	tmovs	r3, #5
     ea8:	0303      	tors	r3, r0
     eaa:	f619      	tshftls	r1, r3, #24
     eac:	fe09      	tshftrs	r1, r1, #24
     eae:	a002      	tmovs	r0, #2
     eb0:	97ff 9b90 	tjl	5d4 <analog_write>
     eb4:	a101      	tmovs	r1, #1
     eb6:	3100      	tstorer	r1, [sp, #0]
     eb8:	a240      	tmovs	r2, #64	; 0x40
     eba:	0692      	tmov	sl, r2
     ebc:	a07e      	tmovs	r0, #126	; 0x7e
     ebe:	0659      	tmov	r1, fp
     ec0:	97ff 9b88 	tjl	5d4 <analog_write>
     ec4:	a31e      	tmovs	r3, #30
     ec6:	0651      	tmov	r1, sl
     ec8:	030b      	tors	r3, r1
     eca:	f61b      	tshftls	r3, r3, #24
     ecc:	fe1b      	tshftrs	r3, r3, #24
     ece:	069a      	tmov	sl, r3
     ed0:	a1de      	tmovs	r1, #222	; 0xde
     ed2:	8704      	tj.n	cde <cpu_sleep_wakeup_32k_rc+0x106>
     ed4:	5833      	tloadr	r3, [r6, #0]
     ed6:	502b      	tstorer	r3, [r5, #0]
     ed8:	5068      	tstorer	r0, [r5, #4]
     eda:	86d4      	tj.n	c86 <cpu_sleep_wakeup_32k_rc+0xae>
     edc:	a200      	tmovs	r2, #0
     ede:	0b17      	tloadr	r3, [pc, #92]	; (f3c <cpu_sleep_wakeup_32k_rc+0x364>)
     ee0:	401a      	tstorerb	r2, [r3, #0]
     ee2:	86a5      	tj.n	c30 <cpu_sleep_wakeup_32k_rc+0x58>
     ee4:	a044      	tmovs	r0, #68	; 0x44
     ee6:	97ff 9b55 	tjl	594 <analog_read>
     eea:	a30f      	tmovs	r3, #15
     eec:	0018      	tands	r0, r3
     eee:	86b1      	tj.n	c54 <cpu_sleep_wakeup_32k_rc+0x7c>
     ef0:	5830      	tloadr	r0, [r6, #0]
     ef2:	3a05      	tloadr	r2, [sp, #20]
     ef4:	ea10      	tsubs	r0, r2, r0
     ef6:	f100      	tshftls	r0, r0, #4
     ef8:	0448      	tadd	r0, r9
     efa:	2821      	tloadrh	r1, [r4, #0]
     efc:	97ff 996e 	tjl	1dc <__udivsi3>
     f00:	583b      	tloadr	r3, [r7, #0]
     f02:	e8c3      	tadds	r3, r0, r3
     f04:	3303      	tstorer	r3, [sp, #12]
     f06:	8738      	tj.n	d7a <cpu_sleep_wakeup_32k_rc+0x1a2>
     f08:	a208      	tmovs	r2, #8
     f0a:	0b17      	tloadr	r3, [pc, #92]	; (f68 <cpu_sleep_wakeup_32k_rc+0x390>)
     f0c:	401a      	tstorerb	r2, [r3, #0]
     f0e:	a07f      	tmovs	r0, #127	; 0x7f
     f10:	a101      	tmovs	r1, #1
     f12:	97ff 9b5f 	tjl	5d4 <analog_write>
     f16:	8701      	tj.n	d1c <cpu_sleep_wakeup_32k_rc+0x144>
     f18:	583b      	tloadr	r3, [r7, #0]
     f1a:	eac0      	tsubs	r0, r0, r3
     f1c:	2823      	tloadrh	r3, [r4, #0]
     f1e:	0343      	tmuls	r3, r0
     f20:	f91b      	tshftrs	r3, r3, #4
     f22:	5832      	tloadr	r2, [r6, #0]
     f24:	e89b      	tadds	r3, r3, r2
     f26:	5033      	tstorer	r3, [r6, #0]
     f28:	8768      	tj.n	dfc <cpu_sleep_wakeup_32k_rc+0x224>
     f2a:	46c0      	tnop			; (mov r8, r8)
     f2c:	00800750 	taddeq	r0, r0, r0, asr r7
     f30:	00843156 	taddeq	r3, r4, r6, asr r1
     f34:	00800740 	taddeq	r0, r0, r0, asr #14
     f38:	00005dbf 	undefined instruction 0x00005dbf
     f3c:	00843158 	taddeq	r3, r4, r8, asr r1
     f40:	00800643 	taddeq	r0, r0, r3, asr #12
     f44:	0084314c 	taddeq	r3, r4, ip, asr #2
     f48:	0084315c 	taddeq	r3, r4, ip, asr r1
     f4c:	00843160 	taddeq	r3, r4, r0, ror #2
     f50:	00843168 	taddeq	r3, r4, r8, ror #2
     f54:	ffffb1e0 	undefined instruction 0xffffb1e0
     f58:	00800066 	taddeq	r0, r0, r6, rrx
     f5c:	0080074c 	taddeq	r0, r0, ip, asr #14
     f60:	0080074f 	taddeq	r0, r0, pc, asr #14
     f64:	ffffbb40 	undefined instruction 0xffffbb40
     f68:	00800602 	taddeq	r0, r0, r2, lsl #12
     f6c:	5834      	tloadr	r4, [r6, #0]
     f6e:	a044      	tmovs	r0, #68	; 0x44
     f70:	a10f      	tmovs	r1, #15
     f72:	97ff 9b2f 	tjl	5d4 <analog_write>
     f76:	a70f      	tmovs	r7, #15
     f78:	a044      	tmovs	r0, #68	; 0x44
     f7a:	97ff 9b0b 	tjl	594 <analog_read>
     f7e:	0038      	tands	r0, r7
     f80:	5833      	tloadr	r3, [r6, #0]
     f82:	eb1b      	tsubs	r3, r3, r4
     f84:	029d      	tcmp	r5, r3
     f86:	c800      	tjhi.n	f8a <cpu_sleep_wakeup_32k_rc+0x3b2>
     f88:	8664      	tj.n	c54 <cpu_sleep_wakeup_32k_rc+0x7c>
     f8a:	a800      	tcmp	r0, #0
     f8c:	c0f4      	tjeq.n	f78 <cpu_sleep_wakeup_32k_rc+0x3a0>
     f8e:	8661      	tj.n	c54 <cpu_sleep_wakeup_32k_rc+0x7c>
     f90:	97ff 9cc0 	tjl	914 <sleep_start>
     f94:	871b      	tj.n	dce <cpu_sleep_wakeup_32k_rc+0x1f6>
     f96:	0651      	tmov	r1, sl
     f98:	480b      	tloadrb	r3, [r1, #0]
     f9a:	ab00      	tcmp	r3, #0
     f9c:	c03a      	tjeq.n	1014 <cpu_sleep_wakeup_32k_rc+0x43c>
     f9e:	586b      	tloadr	r3, [r5, #4]
     fa0:	eac0      	tsubs	r0, r0, r3
     fa2:	f900      	tshftrs	r0, r0, #4
     fa4:	2822      	tloadrh	r2, [r4, #0]
     fa6:	0342      	tmuls	r2, r0
     fa8:	582b      	tloadr	r3, [r5, #0]
     faa:	e8d3      	tadds	r3, r2, r3
     fac:	5033      	tstorer	r3, [r6, #0]
     fae:	8725      	tj.n	dfc <cpu_sleep_wakeup_32k_rc+0x224>
     fb0:	58ab      	tloadr	r3, [r5, #8]
     fb2:	ab00      	tcmp	r3, #0
     fb4:	c100      	tjne.n	fb8 <cpu_sleep_wakeup_32k_rc+0x3e0>
     fb6:	86e4      	tj.n	d82 <cpu_sleep_wakeup_32k_rc+0x1aa>
     fb8:	3800      	tloadr	r0, [sp, #0]
     fba:	a800      	tcmp	r0, #0
     fbc:	c039      	tjeq.n	1032 <cpu_sleep_wakeup_32k_rc+0x45a>
     fbe:	5828      	tloadr	r0, [r5, #0]
     fc0:	3905      	tloadr	r1, [sp, #20]
     fc2:	ea08      	tsubs	r0, r1, r0
     fc4:	2821      	tloadrh	r1, [r4, #0]
     fc6:	97ff 9909 	tjl	1dc <__udivsi3>
     fca:	f100      	tshftls	r0, r0, #4
     fcc:	586b      	tloadr	r3, [r5, #4]
     fce:	e8c0      	tadds	r0, r0, r3
     fd0:	583b      	tloadr	r3, [r7, #0]
     fd2:	eac3      	tsubs	r3, r0, r3
     fd4:	ab06      	tcmp	r3, #6
     fd6:	cc00      	tjgt.n	fda <cpu_sleep_wakeup_32k_rc+0x402>
     fd8:	86d3      	tj.n	d82 <cpu_sleep_wakeup_32k_rc+0x1aa>
     fda:	3b03      	tloadr	r3, [sp, #12]
     fdc:	b380      	tadds	r3, #128	; 0x80
     fde:	ea1b      	tsubs	r3, r3, r0
     fe0:	abff      	tcmp	r3, #255	; 0xff
     fe2:	c900      	tjls.n	fe6 <cpu_sleep_wakeup_32k_rc+0x40e>
     fe4:	86cd      	tj.n	d82 <cpu_sleep_wakeup_32k_rc+0x1aa>
     fe6:	a303      	tmovs	r3, #3
     fe8:	50ab      	tstorer	r3, [r5, #8]
     fea:	3003      	tstorer	r0, [sp, #12]
     fec:	86c9      	tj.n	d82 <cpu_sleep_wakeup_32k_rc+0x1aa>
     fee:	582b      	tloadr	r3, [r5, #0]
     ff0:	ab00      	tcmp	r3, #0
     ff2:	c100      	tjne.n	ff6 <cpu_sleep_wakeup_32k_rc+0x41e>
     ff4:	864d      	tj.n	c92 <cpu_sleep_wakeup_32k_rc+0xba>
     ff6:	0a14      	tloadr	r2, [pc, #80]	; (1048 <cpu_sleep_wakeup_32k_rc+0x470>)
     ff8:	5812      	tloadr	r2, [r2, #0]
     ffa:	ead3      	tsubs	r3, r2, r3
     ffc:	0a13      	tloadr	r2, [pc, #76]	; (104c <cpu_sleep_wakeup_32k_rc+0x474>)
     ffe:	0293      	tcmp	r3, r2
    1000:	c900      	tjls.n	1004 <cpu_sleep_wakeup_32k_rc+0x42c>
    1002:	8646      	tj.n	c92 <cpu_sleep_wakeup_32k_rc+0xba>
    1004:	a301      	tmovs	r3, #1
    1006:	50ab      	tstorer	r3, [r5, #8]
    1008:	8643      	tj.n	c92 <cpu_sleep_wakeup_32k_rc+0xba>
    100a:	a305      	tmovs	r3, #5
    100c:	3300      	tstorer	r3, [sp, #0]
    100e:	a0c0      	tmovs	r0, #192	; 0xc0
    1010:	0682      	tmov	sl, r0
    1012:	8753      	tj.n	ebc <cpu_sleep_wakeup_32k_rc+0x2e4>
    1014:	586a      	tloadr	r2, [r5, #4]
    1016:	ea80      	tsubs	r0, r0, r2
    1018:	2822      	tloadrh	r2, [r4, #0]
    101a:	0342      	tmuls	r2, r0
    101c:	f912      	tshftrs	r2, r2, #4
    101e:	582b      	tloadr	r3, [r5, #0]
    1020:	e8d3      	tadds	r3, r2, r3
    1022:	5033      	tstorer	r3, [r6, #0]
    1024:	86ea      	tj.n	dfc <cpu_sleep_wakeup_32k_rc+0x224>
    1026:	9008 9805 	tjl	9034 <soft_reboot_dly13ms_use24mRC>
    102a:	a220      	tmovs	r2, #32
    102c:	0b08      	tloadr	r3, [pc, #32]	; (1050 <cpu_sleep_wakeup_32k_rc+0x478>)
    102e:	401a      	tstorerb	r2, [r3, #0]
    1030:	86d1      	tj.n	dd6 <cpu_sleep_wakeup_32k_rc+0x1fe>
    1032:	582b      	tloadr	r3, [r5, #0]
    1034:	3a05      	tloadr	r2, [sp, #20]
    1036:	ead0      	tsubs	r0, r2, r3
    1038:	f100      	tshftls	r0, r0, #4
    103a:	0448      	tadd	r0, r9
    103c:	2821      	tloadrh	r1, [r4, #0]
    103e:	97ff 98cd 	tjl	1dc <__udivsi3>
    1042:	586b      	tloadr	r3, [r5, #4]
    1044:	e8c0      	tadds	r0, r0, r3
    1046:	87c3      	tj.n	fd0 <cpu_sleep_wakeup_32k_rc+0x3f8>
    1048:	00800740 	taddeq	r0, r0, r0, asr #14
    104c:	03ffffff 	tmovnseq	pc, #1020	; 0x3fc
    1050:	0080006f 	taddeq	r0, r0, pc, rrx
    1054:	0718      	tjex	r3
    1056:	46c0      	tnop			; (mov r8, r8)

00001058 <pm_tim_recover_32k_rc>:
pm_tim_recover_32k_rc():
    1058:	0b13      	tloadr	r3, [pc, #76]	; (10a8 <pm_tim_recover_32k_rc+0x50>)
    105a:	589a      	tloadr	r2, [r3, #8]
    105c:	aa03      	tcmp	r2, #3
    105e:	c019      	tjeq.n	1094 <pm_tim_recover_32k_rc+0x3c>
    1060:	0b12      	tloadr	r3, [pc, #72]	; (10ac <pm_tim_recover_32k_rc+0x54>)
    1062:	481b      	tloadrb	r3, [r3, #0]
    1064:	ab00      	tcmp	r3, #0
    1066:	c10a      	tjne.n	107e <pm_tim_recover_32k_rc+0x26>
    1068:	0b11      	tloadr	r3, [pc, #68]	; (10b0 <pm_tim_recover_32k_rc+0x58>)
    106a:	581b      	tloadr	r3, [r3, #0]
    106c:	eac0      	tsubs	r0, r0, r3
    106e:	0b11      	tloadr	r3, [pc, #68]	; (10b4 <pm_tim_recover_32k_rc+0x5c>)
    1070:	281b      	tloadrh	r3, [r3, #0]
    1072:	0358      	tmuls	r0, r3
    1074:	f900      	tshftrs	r0, r0, #4
    1076:	0b10      	tloadr	r3, [pc, #64]	; (10b8 <pm_tim_recover_32k_rc+0x60>)
    1078:	581b      	tloadr	r3, [r3, #0]
    107a:	e8c0      	tadds	r0, r0, r3
    107c:	0770      	tjex	lr
    107e:	0b0c      	tloadr	r3, [pc, #48]	; (10b0 <pm_tim_recover_32k_rc+0x58>)
    1080:	581b      	tloadr	r3, [r3, #0]
    1082:	eac0      	tsubs	r0, r0, r3
    1084:	f900      	tshftrs	r0, r0, #4
    1086:	0b0b      	tloadr	r3, [pc, #44]	; (10b4 <pm_tim_recover_32k_rc+0x5c>)
    1088:	281b      	tloadrh	r3, [r3, #0]
    108a:	0358      	tmuls	r0, r3
    108c:	0b0a      	tloadr	r3, [pc, #40]	; (10b8 <pm_tim_recover_32k_rc+0x60>)
    108e:	581b      	tloadr	r3, [r3, #0]
    1090:	e8c0      	tadds	r0, r0, r3
    1092:	87f3      	tj.n	107c <pm_tim_recover_32k_rc+0x24>
    1094:	585a      	tloadr	r2, [r3, #4]
    1096:	ea80      	tsubs	r0, r0, r2
    1098:	0a06      	tloadr	r2, [pc, #24]	; (10b4 <pm_tim_recover_32k_rc+0x5c>)
    109a:	2812      	tloadrh	r2, [r2, #0]
    109c:	0350      	tmuls	r0, r2
    109e:	f900      	tshftrs	r0, r0, #4
    10a0:	581b      	tloadr	r3, [r3, #0]
    10a2:	e8c0      	tadds	r0, r0, r3
    10a4:	87ea      	tj.n	107c <pm_tim_recover_32k_rc+0x24>
    10a6:	46c0      	tnop			; (mov r8, r8)
    10a8:	00843168 	taddeq	r3, r4, r8, ror #2
    10ac:	00843158 	taddeq	r3, r4, r8, asr r1
    10b0:	00843160 	taddeq	r3, r4, r0, ror #2
    10b4:	00843156 	taddeq	r3, r4, r6, asr r1
    10b8:	0084315c 	taddeq	r3, r4, ip, asr r1

000010bc <rf_ble_1m_param_init>:
rf_ble_1m_param_init():
    10bc:	a29b      	tmovs	r2, #155	; 0x9b
    10be:	0b19      	tloadr	r3, [pc, #100]	; (1124 <rf_ble_1m_param_init+0x68>)
    10c0:	401a      	tstorerb	r2, [r3, #0]
    10c2:	a219      	tmovs	r2, #25
    10c4:	b301      	tadds	r3, #1
    10c6:	401a      	tstorerb	r2, [r3, #0]
    10c8:	a30e      	tmovs	r3, #14
    10ca:	0a17      	tloadr	r2, [pc, #92]	; (1128 <rf_ble_1m_param_init+0x6c>)
    10cc:	4013      	tstorerb	r3, [r2, #0]
    10ce:	a145      	tmovs	r1, #69	; 0x45
    10d0:	ba05      	tsubs	r2, #5
    10d2:	4011      	tstorerb	r1, [r2, #0]
    10d4:	a17b      	tmovs	r1, #123	; 0x7b
    10d6:	b201      	tadds	r2, #1
    10d8:	4011      	tstorerb	r1, [r2, #0]
    10da:	a108      	tmovs	r1, #8
    10dc:	b202      	tadds	r2, #2
    10de:	4011      	tstorerb	r1, [r2, #0]
    10e0:	ba2f      	tsubs	r2, #47	; 0x2f
    10e2:	4013      	tstorerb	r3, [r2, #0]
    10e4:	a209      	tmovs	r2, #9
    10e6:	0b11      	tloadr	r3, [pc, #68]	; (112c <rf_ble_1m_param_init+0x70>)
    10e8:	401a      	tstorerb	r2, [r3, #0]
    10ea:	a201      	tmovs	r2, #1
    10ec:	0b10      	tloadr	r3, [pc, #64]	; (1130 <rf_ble_1m_param_init+0x74>)
    10ee:	401a      	tstorerb	r2, [r3, #0]
    10f0:	a246      	tmovs	r2, #70	; 0x46
    10f2:	b301      	tadds	r3, #1
    10f4:	401a      	tstorerb	r2, [r3, #0]
    10f6:	a2f5      	tmovs	r2, #245	; 0xf5
    10f8:	b302      	tadds	r3, #2
    10fa:	401a      	tstorerb	r2, [r3, #0]
    10fc:	a236      	tmovs	r2, #54	; 0x36
    10fe:	b32c      	tadds	r3, #44	; 0x2c
    1100:	401a      	tstorerb	r2, [r3, #0]
    1102:	0a0c      	tloadr	r2, [pc, #48]	; (1134 <rf_ble_1m_param_init+0x78>)
    1104:	b330      	tadds	r3, #48	; 0x30
    1106:	501a      	tstorer	r2, [r3, #0]
    1108:	0a0b      	tloadr	r2, [pc, #44]	; (1138 <rf_ble_1m_param_init+0x7c>)
    110a:	b304      	tadds	r3, #4
    110c:	201a      	tstorerh	r2, [r3, #0]
    110e:	a300      	tmovs	r3, #0
    1110:	0a0a      	tloadr	r2, [pc, #40]	; (113c <rf_ble_1m_param_init+0x80>)
    1112:	4013      	tstorerb	r3, [r2, #0]
    1114:	a150      	tmovs	r1, #80	; 0x50
    1116:	b206      	tadds	r2, #6
    1118:	4011      	tstorerb	r1, [r2, #0]
    111a:	b202      	tadds	r2, #2
    111c:	4013      	tstorerb	r3, [r2, #0]
    111e:	b202      	tadds	r2, #2
    1120:	4013      	tstorerb	r3, [r2, #0]
    1122:	0770      	tjex	lr
    1124:	008012d2 	undefined instruction 0x008012d2
    1128:	0080127b 	taddeq	r1, r0, fp, ror r2
    112c:	0080124b 	taddeq	r1, r0, fp, asr #4
    1130:	00800401 	taddeq	r0, r0, r1, lsl #8
    1134:	5f4f4434 	tservpl	0x004f4434
    1138:	0000766b 	tandeq	r7, r0, fp, ror #12
    113c:	00800f06 	taddeq	r0, r0, r6, lsl #30

00001140 <rf_drv_init>:
rf_drv_init():
    1140:	6510      	tpush	{r4, lr}
    1142:	f404      	tshftls	r4, r0, #16
    1144:	fc24      	tshftrs	r4, r4, #16
    1146:	97ff 9fb9 	tjl	10bc <rf_ble_1m_param_init>
    114a:	0b05      	tloadr	r3, [pc, #20]	; (1160 <rf_drv_init+0x20>)
    114c:	4819      	tloadrb	r1, [r3, #0]
    114e:	a20c      	tmovs	r2, #12
    1150:	030a      	tors	r2, r1
    1152:	f612      	tshftls	r2, r2, #24
    1154:	fe12      	tshftrs	r2, r2, #24
    1156:	401a      	tstorerb	r2, [r3, #0]
    1158:	0b02      	tloadr	r3, [pc, #8]	; (1164 <rf_drv_init+0x24>)
    115a:	201c      	tstorerh	r4, [r3, #0]
    115c:	6d10      	tpop	{r4, pc}
    115e:	46c0      	tnop			; (mov r8, r8)
    1160:	00800c20 	taddeq	r0, r0, r0, lsr #24
    1164:	00843174 	taddeq	r3, r4, r4, ror r1

00001168 <rf_set_power_level_index>:
rf_set_power_level_index():
    1168:	6530      	tpush	{r4, r5, lr}
    116a:	f600      	tshftls	r0, r0, #24
    116c:	fe03      	tshftrs	r3, r0, #24
    116e:	a800      	tcmp	r0, #0
    1170:	cb1b      	tjlt.n	11aa <rf_set_power_level_index+0x42>
    1172:	0a12      	tloadr	r2, [pc, #72]	; (11bc <rf_set_power_level_index+0x54>)
    1174:	4811      	tloadrb	r1, [r2, #0]
    1176:	a040      	tmovs	r0, #64	; 0x40
    1178:	0381      	tbclrs	r1, r0
    117a:	4011      	tstorerb	r1, [r2, #0]
    117c:	a13f      	tmovs	r1, #63	; 0x3f
    117e:	0019      	tands	r1, r3
    1180:	f609      	tshftls	r1, r1, #24
    1182:	0a0f      	tloadr	r2, [pc, #60]	; (11c0 <rf_set_power_level_index+0x58>)
    1184:	4810      	tloadrb	r0, [r2, #0]
    1186:	fc4c      	tshftrs	r4, r1, #17
    1188:	a57f      	tmovs	r5, #127	; 0x7f
    118a:	0028      	tands	r0, r5
    118c:	0320      	tors	r0, r4
    118e:	f600      	tshftls	r0, r0, #24
    1190:	fe00      	tshftrs	r0, r0, #24
    1192:	4010      	tstorerb	r0, [r2, #0]
    1194:	b201      	tadds	r2, #1
    1196:	4814      	tloadrb	r4, [r2, #0]
    1198:	fe48      	tshftrs	r0, r1, #25
    119a:	a11f      	tmovs	r1, #31
    119c:	038c      	tbclrs	r4, r1
    119e:	ec21      	tadds	r1, r4, #0
    11a0:	0301      	tors	r1, r0
    11a2:	4011      	tstorerb	r1, [r2, #0]
    11a4:	0a07      	tloadr	r2, [pc, #28]	; (11c4 <rf_set_power_level_index+0x5c>)
    11a6:	4013      	tstorerb	r3, [r2, #0]
    11a8:	6d30      	tpop	{r4, r5, pc}
    11aa:	0a04      	tloadr	r2, [pc, #16]	; (11bc <rf_set_power_level_index+0x54>)
    11ac:	4810      	tloadrb	r0, [r2, #0]
    11ae:	a140      	tmovs	r1, #64	; 0x40
    11b0:	0301      	tors	r1, r0
    11b2:	f609      	tshftls	r1, r1, #24
    11b4:	fe09      	tshftrs	r1, r1, #24
    11b6:	4011      	tstorerb	r1, [r2, #0]
    11b8:	87e0      	tj.n	117c <rf_set_power_level_index+0x14>
    11ba:	46c0      	tnop			; (mov r8, r8)
    11bc:	00801225 	taddeq	r1, r0, r5, lsr #4
    11c0:	00801226 	taddeq	r1, r0, r6, lsr #4
    11c4:	00848f28 	taddeq	r8, r4, r8, lsr #30

000011c8 <rf_start_stx>:
rf_start_stx():
    11c8:	0b08      	tloadr	r3, [pc, #32]	; (11ec <rf_start_stx+0x24>)
    11ca:	5019      	tstorer	r1, [r3, #0]
    11cc:	bb02      	tsubs	r3, #2
    11ce:	4819      	tloadrb	r1, [r3, #0]
    11d0:	a204      	tmovs	r2, #4
    11d2:	030a      	tors	r2, r1
    11d4:	f612      	tshftls	r2, r2, #24
    11d6:	fe12      	tshftrs	r2, r2, #24
    11d8:	401a      	tstorerb	r2, [r3, #0]
    11da:	a285      	tmovs	r2, #133	; 0x85
    11dc:	bb16      	tsubs	r3, #22
    11de:	401a      	tstorerb	r2, [r3, #0]
    11e0:	f400      	tshftls	r0, r0, #16
    11e2:	fc00      	tshftrs	r0, r0, #16
    11e4:	0b02      	tloadr	r3, [pc, #8]	; (11f0 <rf_start_stx+0x28>)
    11e6:	2018      	tstorerh	r0, [r3, #0]
    11e8:	0770      	tjex	lr
    11ea:	46c0      	tnop			; (mov r8, r8)
    11ec:	01000f18 	tnandeq	r0, r8, lsl pc
    11f0:	01000c0c 	tnandeq	r0, ip, lsl #24

000011f4 <rf_set_ble_channel>:
rf_set_ble_channel():
    11f4:	6510      	tpush	{r4, lr}
    11f6:	f600      	tshftls	r0, r0, #24
    11f8:	e603      	tasrs	r3, r0, #24
    11fa:	fe00      	tshftrs	r0, r0, #24
    11fc:	0a2c      	tloadr	r2, [pc, #176]	; (12b0 <rf_set_ble_channel+0xbc>)
    11fe:	4010      	tstorerb	r0, [r2, #0]
    1200:	ab0a      	tcmp	r3, #10
    1202:	cc1b      	tjgt.n	123c <rf_set_ble_channel+0x48>
    1204:	b002      	tadds	r0, #2
    1206:	f600      	tshftls	r0, r0, #24
    1208:	e600      	tasrs	r0, r0, #24
    120a:	f640      	tshftls	r0, r0, #25
    120c:	e600      	tasrs	r0, r0, #24
    120e:	a296      	tmovs	r2, #150	; 0x96
    1210:	f112      	tshftls	r2, r2, #4
    1212:	e883      	tadds	r3, r0, r2
    1214:	b277      	tadds	r2, #119	; 0x77
    1216:	0293      	tcmp	r3, r2
    1218:	cd1d      	tjle.n	1256 <rf_set_ble_channel+0x62>
    121a:	ee84      	tsubs	r4, r0, #2
    121c:	f5e4      	tshftls	r4, r4, #23
    121e:	fe24      	tshftrs	r4, r4, #24
    1220:	a204      	tmovs	r2, #4
    1222:	0b24      	tloadr	r3, [pc, #144]	; (12b4 <rf_set_ble_channel+0xc0>)
    1224:	4818      	tloadrb	r0, [r3, #0]
    1226:	a13f      	tmovs	r1, #63	; 0x3f
    1228:	0388      	tbclrs	r0, r1
    122a:	0320      	tors	r0, r4
    122c:	4018      	tstorerb	r0, [r3, #0]
    122e:	b301      	tadds	r3, #1
    1230:	4819      	tloadrb	r1, [r3, #0]
    1232:	a03c      	tmovs	r0, #60	; 0x3c
    1234:	0381      	tbclrs	r1, r0
    1236:	030a      	tors	r2, r1
    1238:	401a      	tstorerb	r2, [r3, #0]
    123a:	6d10      	tpop	{r4, pc}
    123c:	ab24      	tcmp	r3, #36	; 0x24
    123e:	cc24      	tjgt.n	128a <rf_set_ble_channel+0x96>
    1240:	b003      	tadds	r0, #3
    1242:	f600      	tshftls	r0, r0, #24
    1244:	e600      	tasrs	r0, r0, #24
    1246:	f640      	tshftls	r0, r0, #25
    1248:	e600      	tasrs	r0, r0, #24
    124a:	a296      	tmovs	r2, #150	; 0x96
    124c:	f112      	tshftls	r2, r2, #4
    124e:	e883      	tadds	r3, r0, r2
    1250:	b277      	tadds	r2, #119	; 0x77
    1252:	0293      	tcmp	r3, r2
    1254:	cce1      	tjgt.n	121a <rf_set_ble_channel+0x26>
    1256:	ee84      	tsubs	r4, r0, #2
    1258:	f5e4      	tshftls	r4, r4, #23
    125a:	fe24      	tshftrs	r4, r4, #24
    125c:	a208      	tmovs	r2, #8
    125e:	0916      	tloadr	r1, [pc, #88]	; (12b8 <rf_set_ble_channel+0xc4>)
    1260:	028b      	tcmp	r3, r1
    1262:	ccde      	tjgt.n	1222 <rf_set_ble_channel+0x2e>
    1264:	a19a      	tmovs	r1, #154	; 0x9a
    1266:	f109      	tshftls	r1, r1, #4
    1268:	a20c      	tmovs	r2, #12
    126a:	028b      	tcmp	r3, r1
    126c:	ccd9      	tjgt.n	1222 <rf_set_ble_channel+0x2e>
    126e:	a210      	tmovs	r2, #16
    1270:	0912      	tloadr	r1, [pc, #72]	; (12bc <rf_set_ble_channel+0xc8>)
    1272:	028b      	tcmp	r3, r1
    1274:	ccd5      	tjgt.n	1222 <rf_set_ble_channel+0x2e>
    1276:	a214      	tmovs	r2, #20
    1278:	b91e      	tsubs	r1, #30
    127a:	028b      	tcmp	r3, r1
    127c:	ccd1      	tjgt.n	1222 <rf_set_ble_channel+0x2e>
    127e:	a21c      	tmovs	r2, #28
    1280:	b919      	tsubs	r1, #25
    1282:	028b      	tcmp	r3, r1
    1284:	cdcd      	tjle.n	1222 <rf_set_ble_channel+0x2e>
    1286:	a218      	tmovs	r2, #24
    1288:	87cb      	tj.n	1222 <rf_set_ble_channel+0x2e>
    128a:	ab25      	tcmp	r3, #37	; 0x25
    128c:	c00a      	tjeq.n	12a4 <rf_set_ble_channel+0xb0>
    128e:	ab26      	tcmp	r3, #38	; 0x26
    1290:	c00b      	tjeq.n	12aa <rf_set_ble_channel+0xb6>
    1292:	a427      	tmovs	r4, #39	; 0x27
    1294:	a39b      	tmovs	r3, #155	; 0x9b
    1296:	f11b      	tshftls	r3, r3, #4
    1298:	a19a      	tmovs	r1, #154	; 0x9a
    129a:	f109      	tshftls	r1, r1, #4
    129c:	a20c      	tmovs	r2, #12
    129e:	028b      	tcmp	r3, r1
    12a0:	cde5      	tjle.n	126e <rf_set_ble_channel+0x7a>
    12a2:	87be      	tj.n	1222 <rf_set_ble_channel+0x2e>
    12a4:	a400      	tmovs	r4, #0
    12a6:	0b06      	tloadr	r3, [pc, #24]	; (12c0 <rf_set_ble_channel+0xcc>)
    12a8:	87dc      	tj.n	1264 <rf_set_ble_channel+0x70>
    12aa:	a40c      	tmovs	r4, #12
    12ac:	0b05      	tloadr	r3, [pc, #20]	; (12c4 <rf_set_ble_channel+0xd0>)
    12ae:	87d9      	tj.n	1264 <rf_set_ble_channel+0x70>
    12b0:	0100040d 	tnandeq	r0, sp, lsl #8
    12b4:	00801228 	taddeq	r1, r0, r8, lsr #4
    12b8:	000009be 	undefined instruction 0x000009be
    12bc:	00000982 	tandeq	r0, r0, r2, lsl #19
    12c0:	00000962 	tandeq	r0, r0, r2, ror #18
    12c4:	0000097a 	tandeq	r0, r0, sl, ror r9

000012c8 <rand>:
rand():
    12c8:	6510      	tpush	{r4, lr}
    12ca:	0b0b      	tloadr	r3, [pc, #44]	; (12f8 <rand+0x30>)
    12cc:	5819      	tloadr	r1, [r3, #0]
    12ce:	f40a      	tshftls	r2, r1, #16
    12d0:	fc12      	tshftrs	r2, r2, #16
    12d2:	080a      	tloadr	r0, [pc, #40]	; (12fc <rand+0x34>)
    12d4:	0342      	tmuls	r2, r0
    12d6:	fc09      	tshftrs	r1, r1, #16
    12d8:	e852      	tadds	r2, r2, r1
    12da:	501a      	tstorer	r2, [r3, #0]
    12dc:	5858      	tloadr	r0, [r3, #4]
    12de:	f401      	tshftls	r1, r0, #16
    12e0:	fc09      	tshftrs	r1, r1, #16
    12e2:	0c07      	tloadr	r4, [pc, #28]	; (1300 <rand+0x38>)
    12e4:	0361      	tmuls	r1, r4
    12e6:	fc00      	tshftrs	r0, r0, #16
    12e8:	e809      	tadds	r1, r1, r0
    12ea:	5059      	tstorer	r1, [r3, #4]
    12ec:	0b05      	tloadr	r3, [pc, #20]	; (1304 <rand+0x3c>)
    12ee:	581b      	tloadr	r3, [r3, #0]
    12f0:	f408      	tshftls	r0, r1, #16
    12f2:	e880      	tadds	r0, r0, r2
    12f4:	0058      	txors	r0, r3
    12f6:	6d10      	tpop	{r4, pc}
    12f8:	00843178 	taddeq	r3, r4, r8, ror r1
    12fc:	00004650 	tandeq	r4, r0, r0, asr r6
    1300:	00009069 	tandeq	r9, r0, r9, rrx
    1304:	00800740 	taddeq	r0, r0, r0, asr #14

00001308 <blt_event_callback_func>:
blt_event_callback_func():
    1308:	6510      	tpush	{r4, lr}
    130a:	f600      	tshftls	r0, r0, #24
    130c:	fe00      	tshftrs	r0, r0, #24
    130e:	0b0b      	tloadr	r3, [pc, #44]	; (133c <blt_event_callback_func+0x34>)
    1310:	5a9c      	tloadr	r4, [r3, #40]	; 0x28
    1312:	ac00      	tcmp	r4, #0
    1314:	c004      	tjeq.n	1320 <blt_event_callback_func+0x18>
    1316:	a301      	tmovs	r3, #1
    1318:	0083      	tshftls	r3, r0
    131a:	021c      	tnand	r4, r3
    131c:	c108      	tjne.n	1330 <blt_event_callback_func+0x28>
    131e:	6d10      	tpop	{r4, pc}
    1320:	f084      	tshftls	r4, r0, #2
    1322:	e91b      	tadds	r3, r3, r4
    1324:	5adb      	tloadr	r3, [r3, #44]	; 0x2c
    1326:	ab00      	tcmp	r3, #0
    1328:	c0f9      	tjeq.n	131e <blt_event_callback_func+0x16>
    132a:	9000 9809 	tjl	1340 <blt_event_callback_func+0x38>
    132e:	87f6      	tj.n	131e <blt_event_callback_func+0x16>
    1330:	a380      	tmovs	r3, #128	; 0x80
    1332:	f45b      	tshftls	r3, r3, #17
    1334:	0318      	tors	r0, r3
    1336:	900a 99f3 	tjl	b720 <blc_hci_send_event>
    133a:	87f0      	tj.n	131e <blt_event_callback_func+0x16>
    133c:	00843180 	taddeq	r3, r4, r0, lsl #3
    1340:	0718      	tjex	r3
    1342:	46c0      	tnop			; (mov r8, r8)

00001344 <irq_blc_ll_rx>:
irq_blc_ll_rx():
    1344:	65f0      	tpush	{r4, r5, r6, r7, lr}
    1346:	0657      	tmov	r7, sl
    1348:	064e      	tmov	r6, r9
    134a:	0645      	tmov	r5, r8
    134c:	64e0      	tpush	{r5, r6, r7}
    134e:	6081      	tsub	sp, #4
    1350:	0d83      	tloadr	r5, [pc, #524]	; (1560 <irq_blc_ll_rx+0x21c>)
    1352:	49ae      	tloadrb	r6, [r5, #6]
    1354:	28a8      	tloadrh	r0, [r5, #4]
    1356:	b801      	tsubs	r0, #1
    1358:	582a      	tloadr	r2, [r5, #0]
    135a:	ec34      	tadds	r4, r6, #0
    135c:	0004      	tands	r4, r0
    135e:	0354      	tmuls	r4, r2
    1360:	0b80      	tloadr	r3, [pc, #512]	; (1564 <irq_blc_ll_rx+0x220>)
    1362:	e8e4      	tadds	r4, r4, r3
    1364:	ec71      	tadds	r1, r6, #1
    1366:	f609      	tshftls	r1, r1, #24
    1368:	fe09      	tshftrs	r1, r1, #24
    136a:	41a9      	tstorerb	r1, [r5, #6]
    136c:	0001      	tands	r1, r0
    136e:	0351      	tmuls	r1, r2
    1370:	e8c9      	tadds	r1, r1, r3
    1372:	f40a      	tshftls	r2, r1, #16
    1374:	fc12      	tshftrs	r2, r2, #16
    1376:	0b7c      	tloadr	r3, [pc, #496]	; (1568 <irq_blc_ll_rx+0x224>)
    1378:	201a      	tstorerh	r2, [r3, #0]
    137a:	a201      	tmovs	r2, #1
    137c:	0b7b      	tloadr	r3, [pc, #492]	; (156c <irq_blc_ll_rx+0x228>)
    137e:	201a      	tstorerh	r2, [r3, #0]
    1380:	0b7b      	tloadr	r3, [pc, #492]	; (1570 <irq_blc_ll_rx+0x22c>)
    1382:	581b      	tloadr	r3, [r3, #0]
    1384:	069a      	tmov	sl, r3
    1386:	a300      	tmovs	r3, #0
    1388:	40a3      	tstorerb	r3, [r4, #2]
    138a:	0e7a      	tloadr	r6, [pc, #488]	; (1574 <irq_blc_ll_rx+0x230>)
    138c:	4bb3      	tloadrb	r3, [r6, #14]
    138e:	ab06      	tcmp	r3, #6
    1390:	c02f      	tjeq.n	13f2 <irq_blc_ll_rx+0xae>
    1392:	5823      	tloadr	r3, [r4, #0]
    1394:	4962      	tloadrb	r2, [r4, #5]
    1396:	0690      	tmov	r8, r2
    1398:	a00d      	tmovs	r0, #13
    139a:	ec02      	tadds	r2, r0, #0
    139c:	0442      	tadd	r2, r8
    139e:	0293      	tcmp	r3, r2
    13a0:	c03a      	tjeq.n	1418 <irq_blc_ll_rx+0xd4>
    13a2:	a300      	tmovs	r3, #0
    13a4:	0698      	tmov	r8, r3
    13a6:	0f74      	tloadr	r7, [pc, #464]	; (1578 <irq_blc_ll_rx+0x234>)
    13a8:	493b      	tloadrb	r3, [r7, #4]
    13aa:	b301      	tadds	r3, #1
    13ac:	413b      	tstorerb	r3, [r7, #4]
    13ae:	0b73      	tloadr	r3, [pc, #460]	; (157c <irq_blc_ll_rx+0x238>)
    13b0:	581b      	tloadr	r3, [r3, #0]
    13b2:	ab00      	tcmp	r3, #0
    13b4:	c001      	tjeq.n	13ba <irq_blc_ll_rx+0x76>
    13b6:	9000 98f3 	tjl	15a0 <irq_blc_ll_rx+0x25c>
    13ba:	a100      	tmovs	r1, #0
    13bc:	0588      	tcmp	r8, r1
    13be:	c106      	tjne.n	13ce <irq_blc_ll_rx+0x8a>
    13c0:	49ab      	tloadrb	r3, [r5, #6]
    13c2:	bb01      	tsubs	r3, #1
    13c4:	41ab      	tstorerb	r3, [r5, #6]
    13c6:	f422      	tshftls	r2, r4, #16
    13c8:	fc12      	tshftrs	r2, r2, #16
    13ca:	0b67      	tloadr	r3, [pc, #412]	; (1568 <irq_blc_ll_rx+0x224>)
    13cc:	201a      	tstorerh	r2, [r3, #0]
    13ce:	4963      	tloadrb	r3, [r4, #5]
    13d0:	e8e3      	tadds	r3, r4, r3
    13d2:	4bdb      	tloadrb	r3, [r3, #15]
    13d4:	4932      	tloadrb	r2, [r6, #4]
    13d6:	aa00      	tcmp	r2, #0
    13d8:	c002      	tjeq.n	13e0 <irq_blc_ll_rx+0x9c>
    13da:	4932      	tloadrb	r2, [r6, #4]
    13dc:	e89b      	tadds	r3, r3, r2
    13de:	f85b      	tshftrs	r3, r3, #1
    13e0:	4133      	tstorerb	r3, [r6, #4]
    13e2:	a301      	tmovs	r3, #1
    13e4:	4023      	tstorerb	r3, [r4, #0]
    13e6:	6001      	tadd	sp, #4
    13e8:	6c1c      	tpop	{r2, r3, r4}
    13ea:	0690      	tmov	r8, r2
    13ec:	0699      	tmov	r9, r3
    13ee:	06a2      	tmov	sl, r4
    13f0:	6df0      	tpop	{r4, r5, r6, r7, pc}
    13f2:	0b63      	tloadr	r3, [pc, #396]	; (1580 <irq_blc_ll_rx+0x23c>)
    13f4:	485b      	tloadrb	r3, [r3, #1]
    13f6:	ab03      	tcmp	r3, #3
    13f8:	c02e      	tjeq.n	1458 <irq_blc_ll_rx+0x114>
    13fa:	a32f      	tmovs	r3, #47	; 0x2f
    13fc:	0a61      	tloadr	r2, [pc, #388]	; (1584 <irq_blc_ll_rx+0x240>)
    13fe:	1cd2      	tloadrb	r2, [r2, r3]
    1400:	aa00      	tcmp	r2, #0
    1402:	c024      	tjeq.n	144e <irq_blc_ll_rx+0x10a>
    1404:	0b60      	tloadr	r3, [pc, #384]	; (1588 <irq_blc_ll_rx+0x244>)
    1406:	4818      	tloadrb	r0, [r3, #0]
    1408:	bb01      	tsubs	r3, #1
    140a:	481b      	tloadrb	r3, [r3, #0]
    140c:	0298      	tcmp	r0, r3
    140e:	c01e      	tjeq.n	144e <irq_blc_ll_rx+0x10a>
    1410:	f1d2      	tshftls	r2, r2, #7
    1412:	085e      	tloadr	r0, [pc, #376]	; (158c <irq_blc_ll_rx+0x248>)
    1414:	e812      	tadds	r2, r2, r0
    1416:	801b      	tj.n	1450 <irq_blc_ll_rx+0x10c>
    1418:	e8e3      	tadds	r3, r4, r3
    141a:	48db      	tloadrb	r3, [r3, #3]
    141c:	f7da      	tshftls	r2, r3, #31
    141e:	c412      	tjmi.n	1446 <irq_blc_ll_rx+0x102>
    1420:	4b73      	tloadrb	r3, [r6, #13]
    1422:	ab04      	tcmp	r3, #4
    1424:	c038      	tjeq.n	1498 <irq_blc_ll_rx+0x154>
    1426:	4b73      	tloadrb	r3, [r6, #13]
    1428:	f798      	tshftls	r0, r3, #30
    142a:	c017      	tjeq.n	145c <irq_blc_ll_rx+0x118>
    142c:	0b58      	tloadr	r3, [pc, #352]	; (1590 <irq_blc_ll_rx+0x24c>)
    142e:	581b      	tloadr	r3, [r3, #0]
    1430:	ab00      	tcmp	r3, #0
    1432:	c01c      	tjeq.n	146e <irq_blc_ll_rx+0x12a>
    1434:	ec20      	tadds	r0, r4, #0
    1436:	0652      	tmov	r2, sl
    1438:	9000 98b2 	tjl	15a0 <irq_blc_ll_rx+0x25c>
    143c:	f600      	tshftls	r0, r0, #24
    143e:	fe00      	tshftrs	r0, r0, #24
    1440:	0680      	tmov	r8, r0
    1442:	0f4d      	tloadr	r7, [pc, #308]	; (1578 <irq_blc_ll_rx+0x234>)
    1444:	8010      	tj.n	1468 <irq_blc_ll_rx+0x124>
    1446:	a000      	tmovs	r0, #0
    1448:	0680      	tmov	r8, r0
    144a:	0f4b      	tloadr	r7, [pc, #300]	; (1578 <irq_blc_ll_rx+0x234>)
    144c:	87ac      	tj.n	13a8 <irq_blc_ll_rx+0x64>
    144e:	0a4f      	tloadr	r2, [pc, #316]	; (158c <irq_blc_ll_rx+0x248>)
    1450:	0452      	tadd	r2, sl
    1452:	0b50      	tloadr	r3, [pc, #320]	; (1594 <irq_blc_ll_rx+0x250>)
    1454:	501a      	tstorer	r2, [r3, #0]
    1456:	879c      	tj.n	1392 <irq_blc_ll_rx+0x4e>
    1458:	0a4f      	tloadr	r2, [pc, #316]	; (1598 <irq_blc_ll_rx+0x254>)
    145a:	87f9      	tj.n	1450 <irq_blc_ll_rx+0x10c>
    145c:	4b73      	tloadrb	r3, [r6, #13]
    145e:	ab08      	tcmp	r3, #8
    1460:	c009      	tjeq.n	1476 <irq_blc_ll_rx+0x132>
    1462:	a000      	tmovs	r0, #0
    1464:	0680      	tmov	r8, r0
    1466:	0f44      	tloadr	r7, [pc, #272]	; (1578 <irq_blc_ll_rx+0x234>)
    1468:	a300      	tmovs	r3, #0
    146a:	4273      	tstorerb	r3, [r6, #9]
    146c:	879c      	tj.n	13a8 <irq_blc_ll_rx+0x64>
    146e:	a300      	tmovs	r3, #0
    1470:	0698      	tmov	r8, r3
    1472:	0f41      	tloadr	r7, [pc, #260]	; (1578 <irq_blc_ll_rx+0x234>)
    1474:	87f8      	tj.n	1468 <irq_blc_ll_rx+0x124>
    1476:	4bb3      	tloadrb	r3, [r6, #14]
    1478:	ab06      	tcmp	r3, #6
    147a:	c019      	tjeq.n	14b0 <irq_blc_ll_rx+0x16c>
    147c:	4bb3      	tloadrb	r3, [r6, #14]
    147e:	ab04      	tcmp	r3, #4
    1480:	c016      	tjeq.n	14b0 <irq_blc_ll_rx+0x16c>
    1482:	0b43      	tloadr	r3, [pc, #268]	; (1590 <irq_blc_ll_rx+0x24c>)
    1484:	581b      	tloadr	r3, [r3, #0]
    1486:	ab00      	tcmp	r3, #0
    1488:	c03e      	tjeq.n	1508 <irq_blc_ll_rx+0x1c4>
    148a:	4bb2      	tloadrb	r2, [r6, #14]
    148c:	aa07      	tcmp	r2, #7
    148e:	c0d1      	tjeq.n	1434 <irq_blc_ll_rx+0xf0>
    1490:	a200      	tmovs	r2, #0
    1492:	0690      	tmov	r8, r2
    1494:	0f38      	tloadr	r7, [pc, #224]	; (1578 <irq_blc_ll_rx+0x234>)
    1496:	87e7      	tj.n	1468 <irq_blc_ll_rx+0x124>
    1498:	0b40      	tloadr	r3, [pc, #256]	; (159c <irq_blc_ll_rx+0x258>)
    149a:	581b      	tloadr	r3, [r3, #0]
    149c:	ab00      	tcmp	r3, #0
    149e:	c0f7      	tjeq.n	1490 <irq_blc_ll_rx+0x14c>
    14a0:	ec20      	tadds	r0, r4, #0
    14a2:	0651      	tmov	r1, sl
    14a4:	9000 987c 	tjl	15a0 <irq_blc_ll_rx+0x25c>
    14a8:	a300      	tmovs	r3, #0
    14aa:	0698      	tmov	r8, r3
    14ac:	0f32      	tloadr	r7, [pc, #200]	; (1578 <irq_blc_ll_rx+0x234>)
    14ae:	87db      	tj.n	1468 <irq_blc_ll_rx+0x124>
    14b0:	0a34      	tloadr	r2, [pc, #208]	; (1584 <irq_blc_ll_rx+0x240>)
    14b2:	0691      	tmov	r9, r2
    14b4:	5bd3      	tloadr	r3, [r2, #60]	; 0x3c
    14b6:	ab00      	tcmp	r3, #0
    14b8:	c0e3      	tjeq.n	1482 <irq_blc_ll_rx+0x13e>
    14ba:	4a32      	tloadrb	r2, [r6, #8]
    14bc:	aa00      	tcmp	r2, #0
    14be:	c11d      	tjne.n	14fc <irq_blc_ll_rx+0x1b8>
    14c0:	0f2d      	tloadr	r7, [pc, #180]	; (1578 <irq_blc_ll_rx+0x234>)
    14c2:	49a9      	tloadrb	r1, [r5, #6]
    14c4:	49ea      	tloadrb	r2, [r5, #7]
    14c6:	ea89      	tsubs	r1, r1, r2
    14c8:	a23f      	tmovs	r2, #63	; 0x3f
    14ca:	0011      	tands	r1, r2
    14cc:	28aa      	tloadrh	r2, [r5, #4]
    14ce:	0291      	tcmp	r1, r2
    14d0:	cb06      	tjlt.n	14e0 <irq_blc_ll_rx+0x19c>
    14d2:	a201      	tmovs	r2, #1
    14d4:	4272      	tstorerb	r2, [r6, #9]
    14d6:	0648      	tmov	r0, r9
    14d8:	58c1      	tloadr	r1, [r0, #12]
    14da:	a240      	tmovs	r2, #64	; 0x40
    14dc:	030a      	tors	r2, r1
    14de:	50c2      	tstorer	r2, [r0, #12]
    14e0:	a18c      	tmovs	r1, #140	; 0x8c
    14e2:	0588      	tcmp	r8, r1
    14e4:	c802      	tjhi.n	14ec <irq_blc_ll_rx+0x1a8>
    14e6:	4a72      	tloadrb	r2, [r6, #9]
    14e8:	aa00      	tcmp	r2, #0
    14ea:	c011      	tjeq.n	1510 <irq_blc_ll_rx+0x1cc>
    14ec:	ec20      	tadds	r0, r4, #0
    14ee:	0651      	tmov	r1, sl
    14f0:	9000 9856 	tjl	15a0 <irq_blc_ll_rx+0x25c>
    14f4:	f600      	tshftls	r0, r0, #24
    14f6:	fe00      	tshftrs	r0, r0, #24
    14f8:	0680      	tmov	r8, r0
    14fa:	87b5      	tj.n	1468 <irq_blc_ll_rx+0x124>
    14fc:	4a32      	tloadrb	r2, [r6, #8]
    14fe:	0f1e      	tloadr	r7, [pc, #120]	; (1578 <irq_blc_ll_rx+0x234>)
    1500:	4939      	tloadrb	r1, [r7, #4]
    1502:	0291      	tcmp	r1, r2
    1504:	c2e5      	tjcs.n	14d2 <irq_blc_ll_rx+0x18e>
    1506:	87dc      	tj.n	14c2 <irq_blc_ll_rx+0x17e>
    1508:	a100      	tmovs	r1, #0
    150a:	0688      	tmov	r8, r1
    150c:	0f1a      	tloadr	r7, [pc, #104]	; (1578 <irq_blc_ll_rx+0x234>)
    150e:	87ab      	tj.n	1468 <irq_blc_ll_rx+0x124>
    1510:	ed20      	tadds	r0, r4, #4
    1512:	a202      	tmovs	r2, #2
    1514:	ec11      	tadds	r1, r2, #0
    1516:	0441      	tadd	r1, r8
    1518:	064b      	tmov	r3, r9
    151a:	5c1b      	tloadr	r3, [r3, #64]	; 0x40
    151c:	069c      	tmov	ip, r3
    151e:	a244      	tmovs	r2, #68	; 0x44
    1520:	ec13      	tadds	r3, r2, #0
    1522:	044b      	tadd	r3, r9
    1524:	0662      	tmov	r2, ip
    1526:	97fe 9ef7 	tjl	318 <blt_packet_crc24_opt>
    152a:	3000      	tstorer	r0, [sp, #0]
    152c:	066b      	tmov	r3, sp
    152e:	a006      	tmovs	r0, #6
    1530:	ec01      	tadds	r1, r0, #0
    1532:	0441      	tadd	r1, r8
    1534:	481a      	tloadrb	r2, [r3, #0]
    1536:	0694      	tmov	ip, r2
    1538:	1c60      	tloadrb	r0, [r4, r1]
    153a:	a201      	tmovs	r2, #1
    153c:	0584      	tcmp	ip, r0
    153e:	c003      	tjeq.n	1548 <irq_blc_ll_rx+0x204>
    1540:	4272      	tstorerb	r2, [r6, #9]
    1542:	0649      	tmov	r1, r9
    1544:	5bcb      	tloadr	r3, [r1, #60]	; 0x3c
    1546:	87d1      	tj.n	14ec <irq_blc_ll_rx+0x1a8>
    1548:	e861      	tadds	r1, r4, r1
    154a:	4858      	tloadrb	r0, [r3, #1]
    154c:	0684      	tmov	ip, r0
    154e:	4848      	tloadrb	r0, [r1, #1]
    1550:	0584      	tcmp	ip, r0
    1552:	c1f5      	tjne.n	1540 <irq_blc_ll_rx+0x1fc>
    1554:	489a      	tloadrb	r2, [r3, #2]
    1556:	488b      	tloadrb	r3, [r1, #2]
    1558:	ead2      	tsubs	r2, r2, r3
    155a:	ee53      	tsubs	r3, r2, #1
    155c:	019a      	tsubcs	r2, r3
    155e:	87ef      	tj.n	1540 <irq_blc_ll_rx+0x1fc>
    1560:	00842e90 	umulleq	r2, r4, r0, lr
    1564:	00842c90 	umulleq	r2, r4, r0, ip
    1568:	00800c08 	taddeq	r0, r0, r8, lsl #24
    156c:	00800f20 	taddeq	r0, r0, r0, lsr #30
    1570:	00800740 	taddeq	r0, r0, r0, asr #14
    1574:	00843180 	taddeq	r3, r4, r0, lsl #3
    1578:	00843360 	taddeq	r3, r4, r0, ror #6
    157c:	00848f2c 	taddeq	r8, r4, ip, lsr #30
    1580:	008433ec 	taddeq	r3, r4, ip, ror #7
    1584:	00843200 	taddeq	r3, r4, r0, lsl #4
    1588:	00800c2b 	taddeq	r0, r0, fp, lsr #24
    158c:	00008340 	tandeq	r8, r0, r0, asr #6
    1590:	00848f30 	taddeq	r8, r4, r0, lsr pc
    1594:	00800744 	taddeq	r0, r0, r4, asr #14
    1598:	00014b40 	tandeq	r4, r1, r0, asr #22
    159c:	00848f98 	umulleq	r8, r4, r8, pc
    15a0:	0718      	tjex	r3
    15a2:	46c0      	tnop			; (mov r8, r8)

000015a4 <irq_ll_system_timer>:
irq_ll_system_timer():
    15a4:	6500      	tpush	{lr}
    15a6:	0b0a      	tloadr	r3, [pc, #40]	; (15d0 <irq_ll_system_timer+0x2c>)
    15a8:	4b5a      	tloadrb	r2, [r3, #13]
    15aa:	a106      	tmovs	r1, #6
    15ac:	0211      	tnand	r1, r2
    15ae:	c10a      	tjne.n	15c6 <irq_ll_system_timer+0x22>
    15b0:	4b5b      	tloadrb	r3, [r3, #13]
    15b2:	ab08      	tcmp	r3, #8
    15b4:	c000      	tjeq.n	15b8 <irq_ll_system_timer+0x14>
    15b6:	6d00      	tpop	{pc}
    15b8:	0b06      	tloadr	r3, [pc, #24]	; (15d4 <irq_ll_system_timer+0x30>)
    15ba:	585b      	tloadr	r3, [r3, #4]
    15bc:	ab00      	tcmp	r3, #0
    15be:	c0fa      	tjeq.n	15b6 <irq_ll_system_timer+0x12>
    15c0:	9000 980a 	tjl	15d8 <irq_ll_system_timer+0x34>
    15c4:	87f7      	tj.n	15b6 <irq_ll_system_timer+0x12>
    15c6:	a001      	tmovs	r0, #1
    15c8:	a101      	tmovs	r1, #1
    15ca:	900a 9813 	tjl	b5f4 <blc_ll_switchScanChannel>
    15ce:	87f2      	tj.n	15b6 <irq_ll_system_timer+0x12>
    15d0:	00843180 	taddeq	r3, r4, r0, lsl #3
    15d4:	00843280 	taddeq	r3, r4, r0, lsl #5
    15d8:	0718      	tjex	r3
    15da:	46c0      	tnop			; (mov r8, r8)

000015dc <irq_blt_sdk_handler>:
irq_blt_sdk_handler():
    15dc:	65f0      	tpush	{r4, r5, r6, r7, lr}
    15de:	0657      	tmov	r7, sl
    15e0:	064e      	tmov	r6, r9
    15e2:	0645      	tmov	r5, r8
    15e4:	64e0      	tpush	{r5, r6, r7}
    15e6:	0c5b      	tloadr	r4, [pc, #364]	; (1754 <irq_blt_sdk_handler+0x178>)
    15e8:	48a3      	tloadrb	r3, [r4, #2]
    15ea:	ab00      	tcmp	r3, #0
    15ec:	c144      	tjne.n	1678 <irq_blt_sdk_handler+0x9c>
    15ee:	0b5a      	tloadr	r3, [pc, #360]	; (1758 <irq_blt_sdk_handler+0x17c>)
    15f0:	281d      	tloadrh	r5, [r3, #0]
    15f2:	f7e8      	tshftls	r0, r5, #31
    15f4:	c449      	tjmi.n	168a <irq_blt_sdk_handler+0xae>
    15f6:	a302      	tmovs	r3, #2
    15f8:	022b      	tnand	r3, r5
    15fa:	c018      	tjeq.n	162e <irq_blt_sdk_handler+0x52>
    15fc:	0a56      	tloadr	r2, [pc, #344]	; (1758 <irq_blt_sdk_handler+0x17c>)
    15fe:	2013      	tstorerh	r3, [r2, #0]
    1600:	0b56      	tloadr	r3, [pc, #344]	; (175c <irq_blt_sdk_handler+0x180>)
    1602:	581b      	tloadr	r3, [r3, #0]
    1604:	ab00      	tcmp	r3, #0
    1606:	c007      	tjeq.n	1618 <irq_blt_sdk_handler+0x3c>
    1608:	4ba2      	tloadrb	r2, [r4, #14]
    160a:	aa06      	tcmp	r2, #6
    160c:	c100      	tjne.n	1610 <irq_blt_sdk_handler+0x34>
    160e:	8089      	tj.n	1724 <irq_blt_sdk_handler+0x148>
    1610:	4ba2      	tloadrb	r2, [r4, #14]
    1612:	aa04      	tcmp	r2, #4
    1614:	c100      	tjne.n	1618 <irq_blt_sdk_handler+0x3c>
    1616:	8085      	tj.n	1724 <irq_blt_sdk_handler+0x148>
    1618:	0b51      	tloadr	r3, [pc, #324]	; (1760 <irq_blt_sdk_handler+0x184>)
    161a:	589b      	tloadr	r3, [r3, #8]
    161c:	ab00      	tcmp	r3, #0
    161e:	c003      	tjeq.n	1628 <irq_blt_sdk_handler+0x4c>
    1620:	49a2      	tloadrb	r2, [r4, #6]
    1622:	aa00      	tcmp	r2, #0
    1624:	c000      	tjeq.n	1628 <irq_blt_sdk_handler+0x4c>
    1626:	807a      	tj.n	171e <irq_blt_sdk_handler+0x142>
    1628:	4b63      	tloadrb	r3, [r4, #13]
    162a:	ab08      	tcmp	r3, #8
    162c:	c03d      	tjeq.n	16aa <irq_blt_sdk_handler+0xce>
    162e:	0b4d      	tloadr	r3, [pc, #308]	; (1764 <irq_blt_sdk_handler+0x188>)
    1630:	021d      	tnand	r5, r3
    1632:	c009      	tjeq.n	1648 <irq_blt_sdk_handler+0x6c>
    1634:	0a48      	tloadr	r2, [pc, #288]	; (1758 <irq_blt_sdk_handler+0x17c>)
    1636:	2013      	tstorerh	r3, [r2, #0]
    1638:	4ba3      	tloadrb	r3, [r4, #14]
    163a:	ab06      	tcmp	r3, #6
    163c:	c100      	tjne.n	1640 <irq_blt_sdk_handler+0x64>
    163e:	8082      	tj.n	1746 <irq_blt_sdk_handler+0x16a>
    1640:	4ba3      	tloadrb	r3, [r4, #14]
    1642:	ab04      	tcmp	r3, #4
    1644:	c100      	tjne.n	1648 <irq_blt_sdk_handler+0x6c>
    1646:	8071      	tj.n	172c <irq_blt_sdk_handler+0x150>
    1648:	0a47      	tloadr	r2, [pc, #284]	; (1768 <irq_blt_sdk_handler+0x18c>)
    164a:	5811      	tloadr	r1, [r2, #0]
    164c:	a380      	tmovs	r3, #128	; 0x80
    164e:	f35b      	tshftls	r3, r3, #13
    1650:	0219      	tnand	r1, r3
    1652:	c116      	tjne.n	1682 <irq_blt_sdk_handler+0xa6>
    1654:	0a45      	tloadr	r2, [pc, #276]	; (176c <irq_blt_sdk_handler+0x190>)
    1656:	5810      	tloadr	r0, [r2, #0]
    1658:	0945      	tloadr	r1, [pc, #276]	; (1770 <irq_blt_sdk_handler+0x194>)
    165a:	580b      	tloadr	r3, [r1, #0]
    165c:	eac0      	tsubs	r0, r0, r3
    165e:	a380      	tmovs	r3, #128	; 0x80
    1660:	f5db      	tshftls	r3, r3, #23
    1662:	0298      	tcmp	r0, r3
    1664:	c908      	tjls.n	1678 <irq_blt_sdk_handler+0x9c>
    1666:	4b63      	tloadrb	r3, [r4, #13]
    1668:	a00e      	tmovs	r0, #14
    166a:	0218      	tnand	r0, r3
    166c:	c004      	tjeq.n	1678 <irq_blt_sdk_handler+0x9c>
    166e:	580b      	tloadr	r3, [r1, #0]
    1670:	a1fa      	tmovs	r1, #250	; 0xfa
    1672:	f0c9      	tshftls	r1, r1, #3
    1674:	e85b      	tadds	r3, r3, r1
    1676:	5013      	tstorer	r3, [r2, #0]
    1678:	6c1c      	tpop	{r2, r3, r4}
    167a:	0690      	tmov	r8, r2
    167c:	0699      	tmov	r9, r3
    167e:	06a2      	tmov	sl, r4
    1680:	6df0      	tpop	{r4, r5, r6, r7, pc}
    1682:	5013      	tstorer	r3, [r2, #0]
    1684:	97ff 9f8e 	tjl	15a4 <irq_ll_system_timer>
    1688:	87e4      	tj.n	1654 <irq_blt_sdk_handler+0x78>
    168a:	97ff 9e5b 	tjl	1344 <irq_blc_ll_rx>
    168e:	0b33      	tloadr	r3, [pc, #204]	; (175c <irq_blt_sdk_handler+0x180>)
    1690:	581b      	tloadr	r3, [r3, #0]
    1692:	ab00      	tcmp	r3, #0
    1694:	c0af      	tjeq.n	15f6 <irq_blt_sdk_handler+0x1a>
    1696:	4ba2      	tloadrb	r2, [r4, #14]
    1698:	aa06      	tcmp	r2, #6
    169a:	c002      	tjeq.n	16a2 <irq_blt_sdk_handler+0xc6>
    169c:	4ba2      	tloadrb	r2, [r4, #14]
    169e:	aa04      	tcmp	r2, #4
    16a0:	c1a9      	tjne.n	15f6 <irq_blt_sdk_handler+0x1a>
    16a2:	a001      	tmovs	r0, #1
    16a4:	9000 9870 	tjl	1788 <irq_blt_sdk_handler+0x1ac>
    16a8:	87a5      	tj.n	15f6 <irq_blt_sdk_handler+0x1a>
    16aa:	0b32      	tloadr	r3, [pc, #200]	; (1774 <irq_blt_sdk_handler+0x198>)
    16ac:	481a      	tloadrb	r2, [r3, #0]
    16ae:	bb01      	tsubs	r3, #1
    16b0:	481b      	tloadrb	r3, [r3, #0]
    16b2:	ead2      	tsubs	r2, r2, r3
    16b4:	a30f      	tmovs	r3, #15
    16b6:	001a      	tands	r2, r3
    16b8:	c0b9      	tjeq.n	162e <irq_blt_sdk_handler+0x52>
    16ba:	092f      	tloadr	r1, [pc, #188]	; (1778 <irq_blt_sdk_handler+0x19c>)
    16bc:	49cb      	tloadrb	r3, [r1, #7]
    16be:	ffd7      	tshftrs	r7, r2, #31
    16c0:	a000      	tmovs	r0, #0
    16c2:	a606      	tmovs	r6, #6
    16c4:	0296      	tcmp	r6, r2
    16c6:	0178      	taddcs	r0, r7
    16c8:	a800      	tcmp	r0, #0
    16ca:	c0b0      	tjeq.n	162e <irq_blt_sdk_handler+0x52>
    16cc:	4988      	tloadrb	r0, [r1, #6]
    16ce:	0298      	tcmp	r0, r3
    16d0:	c0ad      	tjeq.n	162e <irq_blt_sdk_handler+0x52>
    16d2:	580e      	tloadr	r6, [r1, #0]
    16d4:	06b2      	tmov	sl, r6
    16d6:	0829      	tloadr	r0, [pc, #164]	; (177c <irq_blt_sdk_handler+0x1a0>)
    16d8:	0680      	tmov	r8, r0
    16da:	0e29      	tloadr	r6, [pc, #164]	; (1780 <irq_blt_sdk_handler+0x1a4>)
    16dc:	06b4      	tmov	ip, r6
    16de:	a706      	tmovs	r7, #6
    16e0:	a000      	tmovs	r0, #0
    16e2:	0681      	tmov	r9, r0
    16e4:	8002      	tj.n	16ec <irq_blt_sdk_handler+0x110>
    16e6:	4988      	tloadrb	r0, [r1, #6]
    16e8:	0298      	tcmp	r0, r3
    16ea:	c0a0      	tjeq.n	162e <irq_blt_sdk_handler+0x52>
    16ec:	2888      	tloadrh	r0, [r1, #4]
    16ee:	b801      	tsubs	r0, #1
    16f0:	ec06      	tadds	r6, r0, #0
    16f2:	001e      	tands	r6, r3
    16f4:	ec30      	tadds	r0, r6, #0
    16f6:	0656      	tmov	r6, sl
    16f8:	0346      	tmuls	r6, r0
    16fa:	ec30      	tadds	r0, r6, #0
    16fc:	0440      	tadd	r0, r8
    16fe:	f400      	tshftls	r0, r0, #16
    1700:	fc00      	tshftrs	r0, r0, #16
    1702:	0666      	tmov	r6, ip
    1704:	2030      	tstorerh	r0, [r6, #0]
    1706:	b301      	tadds	r3, #1
    1708:	f61b      	tshftls	r3, r3, #24
    170a:	fe1b      	tshftrs	r3, r3, #24
    170c:	41cb      	tstorerb	r3, [r1, #7]
    170e:	b201      	tadds	r2, #1
    1710:	ffd0      	tshftrs	r0, r2, #31
    1712:	064e      	tmov	r6, r9
    1714:	0297      	tcmp	r7, r2
    1716:	0170      	taddcs	r0, r6
    1718:	a800      	tcmp	r0, #0
    171a:	c1e4      	tjne.n	16e6 <irq_blt_sdk_handler+0x10a>
    171c:	8787      	tj.n	162e <irq_blt_sdk_handler+0x52>
    171e:	9000 9833 	tjl	1788 <irq_blt_sdk_handler+0x1ac>
    1722:	8781      	tj.n	1628 <irq_blt_sdk_handler+0x4c>
    1724:	a002      	tmovs	r0, #2
    1726:	9000 982f 	tjl	1788 <irq_blt_sdk_handler+0x1ac>
    172a:	8775      	tj.n	1618 <irq_blt_sdk_handler+0x3c>
    172c:	a300      	tmovs	r3, #0
    172e:	4323      	tstorerb	r3, [r4, #12]
    1730:	a203      	tmovs	r2, #3
    1732:	0b14      	tloadr	r3, [pc, #80]	; (1784 <irq_blt_sdk_handler+0x1a8>)
    1734:	201a      	tstorerh	r2, [r3, #0]
    1736:	0b0e      	tloadr	r3, [pc, #56]	; (1770 <irq_blt_sdk_handler+0x194>)
    1738:	581a      	tloadr	r2, [r3, #0]
    173a:	a0c8      	tmovs	r0, #200	; 0xc8
    173c:	f100      	tshftls	r0, r0, #4
    173e:	e812      	tadds	r2, r2, r0
    1740:	b304      	tadds	r3, #4
    1742:	501a      	tstorer	r2, [r3, #0]
    1744:	8780      	tj.n	1648 <irq_blt_sdk_handler+0x6c>
    1746:	0b0a      	tloadr	r3, [pc, #40]	; (1770 <irq_blt_sdk_handler+0x194>)
    1748:	581a      	tloadr	r2, [r3, #0]
    174a:	b2c8      	tadds	r2, #200	; 0xc8
    174c:	b304      	tadds	r3, #4
    174e:	501a      	tstorer	r2, [r3, #0]
    1750:	877a      	tj.n	1648 <irq_blt_sdk_handler+0x6c>
    1752:	46c0      	tnop			; (mov r8, r8)
    1754:	00843180 	taddeq	r3, r4, r0, lsl #3
    1758:	00800f20 	taddeq	r0, r0, r0, lsr #30
    175c:	00843148 	taddeq	r3, r4, r8, asr #2
    1760:	00843280 	taddeq	r3, r4, r0, lsl #5
    1764:	00000474 	tandeq	r0, r0, r4, ror r4
    1768:	00800648 	taddeq	r0, r0, r8, asr #12
    176c:	00800744 	taddeq	r0, r0, r4, asr #14
    1770:	00800740 	taddeq	r0, r0, r0, asr #14
    1774:	00800c2b 	taddeq	r0, r0, fp, lsr #24
    1778:	0084311c 	taddeq	r3, r4, ip, lsl r1
    177c:	00842e9c 	umulleq	r2, r4, ip, lr
    1780:	00800c2c 	taddeq	r0, r0, ip, lsr #24
    1784:	00800f1c 	taddeq	r0, r0, ip, lsl pc
    1788:	0718      	tjex	r3
    178a:	46c0      	tnop			; (mov r8, r8)

0000178c <blt_sdk_main_loop>:
blt_sdk_main_loop():
    178c:	65f0      	tpush	{r4, r5, r6, r7, lr}
    178e:	0657      	tmov	r7, sl
    1790:	064e      	tmov	r6, r9
    1792:	0645      	tmov	r5, r8
    1794:	64e0      	tpush	{r5, r6, r7}
    1796:	0d97      	tloadr	r5, [pc, #604]	; (19f4 <blt_sdk_main_loop+0x268>)
    1798:	58eb      	tloadr	r3, [r5, #12]
    179a:	ab00      	tcmp	r3, #0
    179c:	c100      	tjne.n	17a0 <blt_sdk_main_loop+0x14>
    179e:	80fc      	tj.n	199a <blt_sdk_main_loop+0x20e>
    17a0:	0995      	tloadr	r1, [pc, #596]	; (19f8 <blt_sdk_main_loop+0x26c>)
    17a2:	068a      	tmov	sl, r1
    17a4:	48ca      	tloadrb	r2, [r1, #3]
    17a6:	aa00      	tcmp	r2, #0
    17a8:	c000      	tjeq.n	17ac <blt_sdk_main_loop+0x20>
    17aa:	80f3      	tj.n	1994 <blt_sdk_main_loop+0x208>
    17ac:	0c93      	tloadr	r4, [pc, #588]	; (19fc <blt_sdk_main_loop+0x270>)
    17ae:	49e2      	tloadrb	r2, [r4, #7]
    17b0:	49a3      	tloadrb	r3, [r4, #6]
    17b2:	029a      	tcmp	r2, r3
    17b4:	c02a      	tjeq.n	180c <blt_sdk_main_loop+0x80>
    17b6:	0e92      	tloadr	r6, [pc, #584]	; (1a00 <blt_sdk_main_loop+0x274>)
    17b8:	0f92      	tloadr	r7, [pc, #584]	; (1a04 <blt_sdk_main_loop+0x278>)
    17ba:	a208      	tmovs	r2, #8
    17bc:	0690      	tmov	r8, r2
    17be:	0b92      	tloadr	r3, [pc, #584]	; (1a08 <blt_sdk_main_loop+0x27c>)
    17c0:	0699      	tmov	r9, r3
    17c2:	800d      	tj.n	17e0 <blt_sdk_main_loop+0x54>
    17c4:	0649      	tmov	r1, r9
    17c6:	580b      	tloadr	r3, [r1, #0]
    17c8:	ab00      	tcmp	r3, #0
    17ca:	c002      	tjeq.n	17d2 <blt_sdk_main_loop+0x46>
    17cc:	9000 994c 	tjl	1a68 <blt_sdk_main_loop+0x2dc>
    17d0:	49e2      	tloadrb	r2, [r4, #7]
    17d2:	b201      	tadds	r2, #1
    17d4:	f612      	tshftls	r2, r2, #24
    17d6:	fe12      	tshftrs	r2, r2, #24
    17d8:	41e2      	tstorerb	r2, [r4, #7]
    17da:	49a3      	tloadrb	r3, [r4, #6]
    17dc:	0293      	tcmp	r3, r2
    17de:	c015      	tjeq.n	180c <blt_sdk_main_loop+0x80>
    17e0:	0642      	tmov	r2, r8
    17e2:	403a      	tstorerb	r2, [r7, #0]
    17e4:	49e2      	tloadrb	r2, [r4, #7]
    17e6:	28a0      	tloadrh	r0, [r4, #4]
    17e8:	b801      	tsubs	r0, #1
    17ea:	0010      	tands	r0, r2
    17ec:	5823      	tloadr	r3, [r4, #0]
    17ee:	0358      	tmuls	r0, r3
    17f0:	e830      	tadds	r0, r6, r0
    17f2:	4883      	tloadrb	r3, [r0, #2]
    17f4:	ab00      	tcmp	r3, #0
    17f6:	c0e5      	tjeq.n	17c4 <blt_sdk_main_loop+0x38>
    17f8:	592b      	tloadr	r3, [r5, #16]
    17fa:	ab00      	tcmp	r3, #0
    17fc:	c1e6      	tjne.n	17cc <blt_sdk_main_loop+0x40>
    17fe:	b201      	tadds	r2, #1
    1800:	f612      	tshftls	r2, r2, #24
    1802:	fe12      	tshftrs	r2, r2, #24
    1804:	41e2      	tstorerb	r2, [r4, #7]
    1806:	49a3      	tloadrb	r3, [r4, #6]
    1808:	0293      	tcmp	r3, r2
    180a:	c1e9      	tjne.n	17e0 <blt_sdk_main_loop+0x54>
    180c:	0e7f      	tloadr	r6, [pc, #508]	; (1a0c <blt_sdk_main_loop+0x280>)
    180e:	58f2      	tloadr	r2, [r6, #12]
    1810:	0b7f      	tloadr	r3, [pc, #508]	; (1a10 <blt_sdk_main_loop+0x284>)
    1812:	021a      	tnand	r2, r3
    1814:	c000      	tjeq.n	1818 <blt_sdk_main_loop+0x8c>
    1816:	8091      	tj.n	193c <blt_sdk_main_loop+0x1b0>
    1818:	0652      	tmov	r2, sl
    181a:	4b53      	tloadrb	r3, [r2, #13]
    181c:	ab08      	tcmp	r3, #8
    181e:	c100      	tjne.n	1822 <blt_sdk_main_loop+0x96>
    1820:	8093      	tj.n	194a <blt_sdk_main_loop+0x1be>
    1822:	596b      	tloadr	r3, [r5, #20]
    1824:	ab00      	tcmp	r3, #0
    1826:	c001      	tjeq.n	182c <blt_sdk_main_loop+0xa0>
    1828:	9000 991e 	tjl	1a68 <blt_sdk_main_loop+0x2dc>
    182c:	0651      	tmov	r1, sl
    182e:	5fcb      	tloadr	r3, [r1, #124]	; 0x7c
    1830:	ab00      	tcmp	r3, #0
    1832:	c001      	tjeq.n	1838 <blt_sdk_main_loop+0xac>
    1834:	9000 9918 	tjl	1a68 <blt_sdk_main_loop+0x2dc>
    1838:	0b76      	tloadr	r3, [pc, #472]	; (1a14 <blt_sdk_main_loop+0x288>)
    183a:	581b      	tloadr	r3, [r3, #0]
    183c:	ab00      	tcmp	r3, #0
    183e:	c001      	tjeq.n	1844 <blt_sdk_main_loop+0xb8>
    1840:	9000 9912 	tjl	1a68 <blt_sdk_main_loop+0x2dc>
    1844:	0b74      	tloadr	r3, [pc, #464]	; (1a18 <blt_sdk_main_loop+0x28c>)
    1846:	581b      	tloadr	r3, [r3, #0]
    1848:	ab00      	tcmp	r3, #0
    184a:	c001      	tjeq.n	1850 <blt_sdk_main_loop+0xc4>
    184c:	9000 990c 	tjl	1a68 <blt_sdk_main_loop+0x2dc>
    1850:	0b72      	tloadr	r3, [pc, #456]	; (1a1c <blt_sdk_main_loop+0x290>)
    1852:	581b      	tloadr	r3, [r3, #0]
    1854:	ab00      	tcmp	r3, #0
    1856:	c003      	tjeq.n	1860 <blt_sdk_main_loop+0xd4>
    1858:	0a71      	tloadr	r2, [pc, #452]	; (1a20 <blt_sdk_main_loop+0x294>)
    185a:	4892      	tloadrb	r2, [r2, #2]
    185c:	aa00      	tcmp	r2, #0
    185e:	c066      	tjeq.n	192e <blt_sdk_main_loop+0x1a2>
    1860:	0652      	tmov	r2, sl
    1862:	4d13      	tloadrb	r3, [r2, #20]
    1864:	ab00      	tcmp	r3, #0
    1866:	c032      	tjeq.n	18ce <blt_sdk_main_loop+0x142>
    1868:	0b6e      	tloadr	r3, [pc, #440]	; (1a24 <blt_sdk_main_loop+0x298>)
    186a:	581b      	tloadr	r3, [r3, #0]
    186c:	ab00      	tcmp	r3, #0
    186e:	c02e      	tjeq.n	18ce <blt_sdk_main_loop+0x142>
    1870:	0a6b      	tloadr	r2, [pc, #428]	; (1a20 <blt_sdk_main_loop+0x294>)
    1872:	4892      	tloadrb	r2, [r2, #2]
    1874:	aa00      	tcmp	r2, #0
    1876:	c02a      	tjeq.n	18ce <blt_sdk_main_loop+0x142>
    1878:	0651      	tmov	r1, sl
    187a:	4b4a      	tloadrb	r2, [r1, #13]
    187c:	a109      	tmovs	r1, #9
    187e:	0211      	tnand	r1, r2
    1880:	c025      	tjeq.n	18ce <blt_sdk_main_loop+0x142>
    1882:	0651      	tmov	r1, sl
    1884:	4c0a      	tloadrb	r2, [r1, #16]
    1886:	aa00      	tcmp	r2, #0
    1888:	c121      	tjne.n	18ce <blt_sdk_main_loop+0x142>
    188a:	58f2      	tloadr	r2, [r6, #12]
    188c:	aa00      	tcmp	r2, #0
    188e:	c11e      	tjne.n	18ce <blt_sdk_main_loop+0x142>
    1890:	0a65      	tloadr	r2, [pc, #404]	; (1a28 <blt_sdk_main_loop+0x29c>)
    1892:	4891      	tloadrb	r1, [r2, #2]
    1894:	a900      	tcmp	r1, #0
    1896:	c11a      	tjne.n	18ce <blt_sdk_main_loop+0x142>
    1898:	49e0      	tloadrb	r0, [r4, #7]
    189a:	49a1      	tloadrb	r1, [r4, #6]
    189c:	0288      	tcmp	r0, r1
    189e:	c116      	tjne.n	18ce <blt_sdk_main_loop+0x142>
    18a0:	4812      	tloadrb	r2, [r2, #0]
    18a2:	aa00      	tcmp	r2, #0
    18a4:	c013      	tjeq.n	18ce <blt_sdk_main_loop+0x142>
    18a6:	0a61      	tloadr	r2, [pc, #388]	; (1a2c <blt_sdk_main_loop+0x2a0>)
    18a8:	5810      	tloadr	r0, [r2, #0]
    18aa:	0961      	tloadr	r1, [pc, #388]	; (1a30 <blt_sdk_main_loop+0x2a4>)
    18ac:	0001      	tands	r1, r0
    18ae:	5011      	tstorer	r1, [r2, #0]
    18b0:	0651      	tmov	r1, sl
    18b2:	4c0a      	tloadrb	r2, [r1, #16]
    18b4:	aa00      	tcmp	r2, #0
    18b6:	c100      	tjne.n	18ba <blt_sdk_main_loop+0x12e>
    18b8:	8099      	tj.n	19ee <blt_sdk_main_loop+0x262>
    18ba:	0652      	tmov	r2, sl
    18bc:	4b53      	tloadrb	r3, [r2, #13]
    18be:	ab08      	tcmp	r3, #8
    18c0:	c105      	tjne.n	18ce <blt_sdk_main_loop+0x142>
    18c2:	0a5a      	tloadr	r2, [pc, #360]	; (1a2c <blt_sdk_main_loop+0x2a0>)
    18c4:	5811      	tloadr	r1, [r2, #0]
    18c6:	a380      	tmovs	r3, #128	; 0x80
    18c8:	f35b      	tshftls	r3, r3, #13
    18ca:	030b      	tors	r3, r1
    18cc:	5013      	tstorer	r3, [r2, #0]
    18ce:	0651      	tmov	r1, sl
    18d0:	4b4b      	tloadrb	r3, [r1, #13]
    18d2:	ab01      	tcmp	r3, #1
    18d4:	c03c      	tjeq.n	1950 <blt_sdk_main_loop+0x1c4>
    18d6:	0b57      	tloadr	r3, [pc, #348]	; (1a34 <blt_sdk_main_loop+0x2a8>)
    18d8:	5819      	tloadr	r1, [r3, #0]
    18da:	59aa      	tloadr	r2, [r5, #24]
    18dc:	ea89      	tsubs	r1, r1, r2
    18de:	0a56      	tloadr	r2, [pc, #344]	; (1a38 <blt_sdk_main_loop+0x2ac>)
    18e0:	0291      	tcmp	r1, r2
    18e2:	c90d      	tjls.n	1900 <blt_sdk_main_loop+0x174>
    18e4:	581a      	tloadr	r2, [r3, #0]
    18e6:	51aa      	tstorer	r2, [r5, #24]
    18e8:	581a      	tloadr	r2, [r3, #0]
    18ea:	a301      	tmovs	r3, #1
    18ec:	031a      	tors	r2, r3
    18ee:	51ea      	tstorer	r2, [r5, #28]
    18f0:	0b52      	tloadr	r3, [pc, #328]	; (1a3c <blt_sdk_main_loop+0x2b0>)
    18f2:	481b      	tloadrb	r3, [r3, #0]
    18f4:	ab10      	tcmp	r3, #16
    18f6:	cc53      	tjgt.n	19a0 <blt_sdk_main_loop+0x214>
    18f8:	0b51      	tloadr	r3, [pc, #324]	; (1a40 <blt_sdk_main_loop+0x2b4>)
    18fa:	481b      	tloadrb	r3, [r3, #0]
    18fc:	ab04      	tcmp	r3, #4
    18fe:	c042      	tjeq.n	1986 <blt_sdk_main_loop+0x1fa>
    1900:	59ea      	tloadr	r2, [r5, #28]
    1902:	aa00      	tcmp	r2, #0
    1904:	c108      	tjne.n	1918 <blt_sdk_main_loop+0x18c>
    1906:	a301      	tmovs	r3, #1
    1908:	0651      	tmov	r1, sl
    190a:	450b      	tstorerb	r3, [r1, #20]
    190c:	a000      	tmovs	r0, #0
    190e:	6c1c      	tpop	{r2, r3, r4}
    1910:	0690      	tmov	r8, r2
    1912:	0699      	tmov	r9, r3
    1914:	06a2      	tmov	sl, r4
    1916:	6df0      	tpop	{r4, r5, r6, r7, pc}
    1918:	0b46      	tloadr	r3, [pc, #280]	; (1a34 <blt_sdk_main_loop+0x2a8>)
    191a:	581b      	tloadr	r3, [r3, #0]
    191c:	ea9a      	tsubs	r2, r3, r2
    191e:	0b49      	tloadr	r3, [pc, #292]	; (1a44 <blt_sdk_main_loop+0x2b8>)
    1920:	029a      	tcmp	r2, r3
    1922:	c9f0      	tjls.n	1906 <blt_sdk_main_loop+0x17a>
    1924:	a300      	tmovs	r3, #0
    1926:	51eb      	tstorer	r3, [r5, #28]
    1928:	9006 9ed4 	tjl	86d4 <doubler_calibration>
    192c:	87eb      	tj.n	1906 <blt_sdk_main_loop+0x17a>
    192e:	9000 989b 	tjl	1a68 <blt_sdk_main_loop+0x2dc>
    1932:	0652      	tmov	r2, sl
    1934:	4d13      	tloadrb	r3, [r2, #20]
    1936:	ab00      	tcmp	r3, #0
    1938:	c0c9      	tjeq.n	18ce <blt_sdk_main_loop+0x142>
    193a:	8795      	tj.n	1868 <blt_sdk_main_loop+0xdc>
    193c:	9008 9aa2 	tjl	9e84 <blc_procPendingEvent>
    1940:	0652      	tmov	r2, sl
    1942:	4b53      	tloadrb	r3, [r2, #13]
    1944:	ab08      	tcmp	r3, #8
    1946:	c000      	tjeq.n	194a <blt_sdk_main_loop+0x1be>
    1948:	876b      	tj.n	1822 <blt_sdk_main_loop+0x96>
    194a:	9008 9b05 	tjl	9f58 <blt_ll_conn_main_loop_post>
    194e:	8768      	tj.n	1822 <blt_sdk_main_loop+0x96>
    1950:	0b3d      	tloadr	r3, [pc, #244]	; (1a48 <blt_sdk_main_loop+0x2bc>)
    1952:	581b      	tloadr	r3, [r3, #0]
    1954:	ab00      	tcmp	r3, #0
    1956:	c0be      	tjeq.n	18d6 <blt_sdk_main_loop+0x14a>
    1958:	0a36      	tloadr	r2, [pc, #216]	; (1a34 <blt_sdk_main_loop+0x2a8>)
    195a:	5811      	tloadr	r1, [r2, #0]
    195c:	0a3b      	tloadr	r2, [pc, #236]	; (1a4c <blt_sdk_main_loop+0x2c0>)
    195e:	5812      	tloadr	r2, [r2, #0]
    1960:	0291      	tcmp	r1, r2
    1962:	c4b8      	tjmi.n	18d6 <blt_sdk_main_loop+0x14a>
    1964:	58f4      	tloadr	r4, [r6, #12]
    1966:	ac00      	tcmp	r4, #0
    1968:	c1b5      	tjne.n	18d6 <blt_sdk_main_loop+0x14a>
    196a:	9000 987d 	tjl	1a68 <blt_sdk_main_loop+0x2dc>
    196e:	0652      	tmov	r2, sl
    1970:	4b53      	tloadrb	r3, [r2, #13]
    1972:	ab01      	tcmp	r3, #1
    1974:	c018      	tjeq.n	19a8 <blt_sdk_main_loop+0x21c>
    1976:	0652      	tmov	r2, sl
    1978:	4b53      	tloadrb	r3, [r2, #13]
    197a:	ab08      	tcmp	r3, #8
    197c:	c023      	tjeq.n	19c6 <blt_sdk_main_loop+0x23a>
    197e:	a300      	tmovs	r3, #0
    1980:	0652      	tmov	r2, sl
    1982:	4413      	tstorerb	r3, [r2, #16]
    1984:	87a7      	tj.n	18d6 <blt_sdk_main_loop+0x14a>
    1986:	0b32      	tloadr	r3, [pc, #200]	; (1a50 <blt_sdk_main_loop+0x2c4>)
    1988:	0932      	tloadr	r1, [pc, #200]	; (1a54 <blt_sdk_main_loop+0x2c8>)
    198a:	501a      	tstorer	r2, [r3, #0]
    198c:	bb20      	tsubs	r3, #32
    198e:	028b      	tcmp	r3, r1
    1990:	c1fb      	tjne.n	198a <blt_sdk_main_loop+0x1fe>
    1992:	87b6      	tj.n	1902 <blt_sdk_main_loop+0x176>
    1994:	9000 9868 	tjl	1a68 <blt_sdk_main_loop+0x2dc>
    1998:	87b8      	tj.n	190c <blt_sdk_main_loop+0x180>
    199a:	0917      	tloadr	r1, [pc, #92]	; (19f8 <blt_sdk_main_loop+0x26c>)
    199c:	068a      	tmov	sl, r1
    199e:	8705      	tj.n	17ac <blt_sdk_main_loop+0x20>
    19a0:	9006 9e3c 	tjl	861c <rc_24m_cal>
    19a4:	59ea      	tloadr	r2, [r5, #28]
    19a6:	87a7      	tj.n	18f8 <blt_sdk_main_loop+0x16c>
    19a8:	0b2b      	tloadr	r3, [pc, #172]	; (1a58 <blt_sdk_main_loop+0x2cc>)
    19aa:	485a      	tloadrb	r2, [r3, #1]
    19ac:	aa00      	tcmp	r2, #0
    19ae:	c000      	tjeq.n	19b2 <blt_sdk_main_loop+0x226>
    19b0:	405c      	tstorerb	r4, [r3, #1]
    19b2:	0b2a      	tloadr	r3, [pc, #168]	; (1a5c <blt_sdk_main_loop+0x2d0>)
    19b4:	499b      	tloadrb	r3, [r3, #6]
    19b6:	f699      	tshftls	r1, r3, #26
    19b8:	c40d      	tjmi.n	19d6 <blt_sdk_main_loop+0x24a>
    19ba:	0b29      	tloadr	r3, [pc, #164]	; (1a60 <blt_sdk_main_loop+0x2d4>)
    19bc:	281a      	tloadrh	r2, [r3, #0]
    19be:	a101      	tmovs	r1, #1
    19c0:	038a      	tbclrs	r2, r1
    19c2:	201a      	tstorerh	r2, [r3, #0]
    19c4:	87db      	tj.n	197e <blt_sdk_main_loop+0x1f2>
    19c6:	4853      	tloadrb	r3, [r2, #1]
    19c8:	f659      	tshftls	r1, r3, #25
    19ca:	c5d8      	tjpl.n	197e <blt_sdk_main_loop+0x1f2>
    19cc:	0b25      	tloadr	r3, [pc, #148]	; (1a64 <blt_sdk_main_loop+0x2d8>)
    19ce:	581b      	tloadr	r3, [r3, #0]
    19d0:	9000 984a 	tjl	1a68 <blt_sdk_main_loop+0x2dc>
    19d4:	87d3      	tj.n	197e <blt_sdk_main_loop+0x1f2>
    19d6:	0b22      	tloadr	r3, [pc, #136]	; (1a60 <blt_sdk_main_loop+0x2d4>)
    19d8:	2819      	tloadrh	r1, [r3, #0]
    19da:	a201      	tmovs	r2, #1
    19dc:	030a      	tors	r2, r1
    19de:	f412      	tshftls	r2, r2, #16
    19e0:	fc12      	tshftrs	r2, r2, #16
    19e2:	201a      	tstorerh	r2, [r3, #0]
    19e4:	a000      	tmovs	r0, #0
    19e6:	a100      	tmovs	r1, #0
    19e8:	9009 9e04 	tjl	b5f4 <blc_ll_switchScanChannel>
    19ec:	87c7      	tj.n	197e <blt_sdk_main_loop+0x1f2>
    19ee:	9000 983b 	tjl	1a68 <blt_sdk_main_loop+0x2dc>
    19f2:	8762      	tj.n	18ba <blt_sdk_main_loop+0x12e>
    19f4:	00843280 	taddeq	r3, r4, r0, lsl #5
    19f8:	00843180 	taddeq	r3, r4, r0, lsl #3
    19fc:	00842e90 	umulleq	r2, r4, r0, lr
    1a00:	00842c90 	umulleq	r2, r4, r0, ip
    1a04:	00800623 	taddeq	r0, r0, r3, lsr #12
    1a08:	00848f3c 	taddeq	r8, r4, ip, lsr pc
    1a0c:	00843200 	taddeq	r3, r4, r0, lsl #4
    1a10:	800001c0 	tandhi	r0, r0, r0, asr #3
    1a14:	008435d0 	undefined instruction 0x008435d0
    1a18:	008435d4 	undefined instruction 0x008435d4
    1a1c:	00848f24 	taddeq	r8, r4, r4, lsr #30
    1a20:	00843150 	taddeq	r3, r4, r0, asr r1
    1a24:	00843500 	taddeq	r3, r4, r0, lsl #10
    1a28:	00843504 	taddeq	r3, r4, r4, lsl #10
    1a2c:	00800640 	taddeq	r0, r0, r0, asr #12
    1a30:	ffefffff 	undefined instruction 0xffefffff
    1a34:	00800740 	taddeq	r0, r0, r0, asr #14
    1a38:	09882f80 	tstormmibeq	r8, {r7, r8, r9, sl, fp, sp}
    1a3c:	00843130 	taddeq	r3, r4, r0, lsr r1
    1a40:	00843154 	taddeq	r3, r4, r4, asr r1
    1a44:	04c37b80 	tstorerbeq	r7, [r3], #2944	; 0xb80
    1a48:	008432e8 	taddeq	r3, r4, r8, ror #5
    1a4c:	008432c8 	taddeq	r3, r4, r8, asr #5
    1a50:	0084ffe0 	taddeq	pc, r4, r0, ror #31
    1a54:	0084bfe0 	taddeq	fp, r4, r0, ror #31
    1a58:	00843360 	taddeq	r3, r4, r0, ror #6
    1a5c:	00843574 	taddeq	r3, r4, r4, ror r5
    1a60:	00800f1c 	taddeq	r0, r0, ip, lsl pc
    1a64:	00843358 	taddeq	r3, r4, r8, asr r3
    1a68:	0718      	tjex	r3
    1a6a:	46c0      	tnop			; (mov r8, r8)

00001a6c <blc_ll_recoverDeepRetention>:
blc_ll_recoverDeepRetention():
    1a6c:	6510      	tpush	{r4, lr}
    1a6e:	a301      	tmovs	r3, #1
    1a70:	0a25      	tloadr	r2, [pc, #148]	; (1b08 <blc_ll_recoverDeepRetention+0x9c>)
    1a72:	4113      	tstorerb	r3, [r2, #4]
    1a74:	0925      	tloadr	r1, [pc, #148]	; (1b0c <blc_ll_recoverDeepRetention+0xa0>)
    1a76:	484a      	tloadrb	r2, [r1, #1]
    1a78:	aa00      	tcmp	r2, #0
    1a7a:	c136      	tjne.n	1aea <blc_ll_recoverDeepRetention+0x7e>
    1a7c:	488a      	tloadrb	r2, [r1, #2]
    1a7e:	f791      	tshftls	r1, r2, #30
    1a80:	c42a      	tjmi.n	1ad8 <blc_ll_recoverDeepRetention+0x6c>
    1a82:	0c23      	tloadr	r4, [pc, #140]	; (1b10 <blc_ll_recoverDeepRetention+0xa4>)
    1a84:	0923      	tloadr	r1, [pc, #140]	; (1b14 <blc_ll_recoverDeepRetention+0xa8>)
    1a86:	a200      	tmovs	r2, #0
    1a88:	47e2      	tstorerb	r2, [r4, #31]
    1a8a:	a322      	tmovs	r3, #34	; 0x22
    1a8c:	14e2      	tstorerb	r2, [r4, r3]
    1a8e:	4062      	tstorerb	r2, [r4, #1]
    1a90:	a301      	tmovs	r3, #1
    1a92:	025b      	tnegs	r3, r3
    1a94:	2163      	tstorerh	r3, [r4, #10]
    1a96:	4b48      	tloadrb	r0, [r1, #13]
    1a98:	a801      	tcmp	r0, #1
    1a9a:	c017      	tjeq.n	1acc <blc_ll_recoverDeepRetention+0x60>
    1a9c:	4b48      	tloadrb	r0, [r1, #13]
    1a9e:	a808      	tcmp	r0, #8
    1aa0:	c114      	tjne.n	1acc <blc_ll_recoverDeepRetention+0x60>
    1aa2:	a401      	tmovs	r4, #1
    1aa4:	081c      	tloadr	r0, [pc, #112]	; (1b18 <blc_ll_recoverDeepRetention+0xac>)
    1aa6:	4004      	tstorerb	r4, [r0, #0]
    1aa8:	b01b      	tadds	r0, #27
    1aaa:	2002      	tstorerh	r2, [r0, #0]
    1aac:	0a1b      	tloadr	r2, [pc, #108]	; (1b1c <blc_ll_recoverDeepRetention+0xb0>)
    1aae:	2013      	tstorerh	r3, [r2, #0]
    1ab0:	0b1b      	tloadr	r3, [pc, #108]	; (1b20 <blc_ll_recoverDeepRetention+0xb4>)
    1ab2:	2003      	tstorerh	r3, [r0, #0]
    1ab4:	a380      	tmovs	r3, #128	; 0x80
    1ab6:	f35b      	tshftls	r3, r3, #13
    1ab8:	0a1a      	tloadr	r2, [pc, #104]	; (1b24 <blc_ll_recoverDeepRetention+0xb8>)
    1aba:	5013      	tstorer	r3, [r2, #0]
    1abc:	ba08      	tsubs	r2, #8
    1abe:	5810      	tloadr	r0, [r2, #0]
    1ac0:	0303      	tors	r3, r0
    1ac2:	5013      	tstorer	r3, [r2, #0]
    1ac4:	0b18      	tloadr	r3, [pc, #96]	; (1b28 <blc_ll_recoverDeepRetention+0xbc>)
    1ac6:	581a      	tloadr	r2, [r3, #0]
    1ac8:	0b18      	tloadr	r3, [pc, #96]	; (1b2c <blc_ll_recoverDeepRetention+0xc0>)
    1aca:	501a      	tstorer	r2, [r3, #0]
    1acc:	a300      	tmovs	r3, #0
    1ace:	450b      	tstorerb	r3, [r1, #20]
    1ad0:	a222      	tmovs	r2, #34	; 0x22
    1ad2:	0917      	tloadr	r1, [pc, #92]	; (1b30 <blc_ll_recoverDeepRetention+0xc4>)
    1ad4:	148b      	tstorerb	r3, [r1, r2]
    1ad6:	6d10      	tpop	{r4, pc}
    1ad8:	0c0d      	tloadr	r4, [pc, #52]	; (1b10 <blc_ll_recoverDeepRetention+0xa4>)
    1ada:	4fe2      	tloadrb	r2, [r4, #31]
    1adc:	aa00      	tcmp	r2, #0
    1ade:	c00e      	tjeq.n	1afe <blc_ll_recoverDeepRetention+0x92>
    1ae0:	a220      	tmovs	r2, #32
    1ae2:	14a3      	tstorerb	r3, [r4, r2]
    1ae4:	40e3      	tstorerb	r3, [r4, #3]
    1ae6:	090b      	tloadr	r1, [pc, #44]	; (1b14 <blc_ll_recoverDeepRetention+0xa8>)
    1ae8:	87cd      	tj.n	1a86 <blc_ll_recoverDeepRetention+0x1a>
    1aea:	0c09      	tloadr	r4, [pc, #36]	; (1b10 <blc_ll_recoverDeepRetention+0xa4>)
    1aec:	28e0      	tloadrh	r0, [r4, #6]
    1aee:	b102      	tadds	r1, #2
    1af0:	9009 9cf4 	tjl	b4dc <blc_pm_procGpioPadEarlyWakeup>
    1af4:	a200      	tmovs	r2, #0
    1af6:	a320      	tmovs	r3, #32
    1af8:	14e2      	tstorerb	r2, [r4, r3]
    1afa:	0906      	tloadr	r1, [pc, #24]	; (1b14 <blc_ll_recoverDeepRetention+0xa8>)
    1afc:	87c3      	tj.n	1a86 <blc_ll_recoverDeepRetention+0x1a>
    1afe:	a120      	tmovs	r1, #32
    1b00:	1462      	tstorerb	r2, [r4, r1]
    1b02:	0904      	tloadr	r1, [pc, #16]	; (1b14 <blc_ll_recoverDeepRetention+0xa8>)
    1b04:	440b      	tstorerb	r3, [r1, #16]
    1b06:	87be      	tj.n	1a86 <blc_ll_recoverDeepRetention+0x1a>
    1b08:	008435a0 	taddeq	r3, r4, r0, lsr #11
    1b0c:	00848f88 	taddeq	r8, r4, r8, lsl #31
    1b10:	00843504 	taddeq	r3, r4, r4, lsl #10
    1b14:	00843180 	taddeq	r3, r4, r0, lsl #3
    1b18:	00800f01 	taddeq	r0, r0, r1, lsl #30
    1b1c:	00800f20 	taddeq	r0, r0, r0, lsr #30
    1b20:	00000477 	tandeq	r0, r0, r7, ror r4
    1b24:	00800648 	taddeq	r0, r0, r8, asr #12
    1b28:	00843534 	taddeq	r3, r4, r4, lsr r5
    1b2c:	00800744 	taddeq	r0, r0, r4, asr #14
    1b30:	00843280 	taddeq	r3, r4, r0, lsl #5

00001b34 <blc_ll_getTxFifoNumber>:
blc_ll_getTxFifoNumber():
    1b34:	6570      	tpush	{r4, r5, r6, lr}
    1b36:	0b0a      	tloadr	r3, [pc, #40]	; (1b60 <blc_ll_getTxFifoNumber+0x2c>)
    1b38:	4819      	tloadrb	r1, [r3, #0]
    1b3a:	a200      	tmovs	r2, #0
    1b3c:	401a      	tstorerb	r2, [r3, #0]
    1b3e:	0a09      	tloadr	r2, [pc, #36]	; (1b64 <blc_ll_getTxFifoNumber+0x30>)
    1b40:	4816      	tloadrb	r6, [r2, #0]
    1b42:	ba01      	tsubs	r2, #1
    1b44:	4815      	tloadrb	r5, [r2, #0]
    1b46:	0a08      	tloadr	r2, [pc, #32]	; (1b68 <blc_ll_getTxFifoNumber+0x34>)
    1b48:	4994      	tloadrb	r4, [r2, #6]
    1b4a:	49d2      	tloadrb	r2, [r2, #7]
    1b4c:	eaa4      	tsubs	r4, r4, r2
    1b4e:	a01f      	tmovs	r0, #31
    1b50:	0004      	tands	r4, r0
    1b52:	eb72      	tsubs	r2, r6, r5
    1b54:	a00f      	tmovs	r0, #15
    1b56:	0002      	tands	r2, r0
    1b58:	e8a0      	tadds	r0, r4, r2
    1b5a:	4019      	tstorerb	r1, [r3, #0]
    1b5c:	6d70      	tpop	{r4, r5, r6, pc}
    1b5e:	46c0      	tnop			; (mov r8, r8)
    1b60:	00800643 	taddeq	r0, r0, r3, asr #12
    1b64:	00800c2b 	taddeq	r0, r0, fp, lsr #24
    1b68:	0084311c 	taddeq	r3, r4, ip, lsl r1

00001b6c <blc_ll_initBasicMCU>:
blc_ll_initBasicMCU():
    1b6c:	0b14      	tloadr	r3, [pc, #80]	; (1bc0 <blc_ll_initBasicMCU+0x54>)
    1b6e:	581a      	tloadr	r2, [r3, #0]
    1b70:	2899      	tloadrh	r1, [r3, #4]
    1b72:	b901      	tsubs	r1, #1
    1b74:	499b      	tloadrb	r3, [r3, #6]
    1b76:	0019      	tands	r1, r3
    1b78:	0351      	tmuls	r1, r2
    1b7a:	0b12      	tloadr	r3, [pc, #72]	; (1bc4 <blc_ll_initBasicMCU+0x58>)
    1b7c:	e8c9      	tadds	r1, r1, r3
    1b7e:	f409      	tshftls	r1, r1, #16
    1b80:	fc09      	tshftrs	r1, r1, #16
    1b82:	0b11      	tloadr	r3, [pc, #68]	; (1bc8 <blc_ll_initBasicMCU+0x5c>)
    1b84:	2019      	tstorerh	r1, [r3, #0]
    1b86:	f512      	tshftls	r2, r2, #20
    1b88:	fe12      	tshftrs	r2, r2, #24
    1b8a:	b302      	tadds	r3, #2
    1b8c:	401a      	tstorerb	r2, [r3, #0]
    1b8e:	a201      	tmovs	r2, #1
    1b90:	b301      	tadds	r3, #1
    1b92:	401a      	tstorerb	r2, [r3, #0]
    1b94:	0b0d      	tloadr	r3, [pc, #52]	; (1bcc <blc_ll_initBasicMCU+0x60>)
    1b96:	581a      	tloadr	r2, [r3, #0]
    1b98:	a380      	tmovs	r3, #128	; 0x80
    1b9a:	f61b      	tshftls	r3, r3, #24
    1b9c:	e8d2      	tadds	r2, r2, r3
    1b9e:	0b0c      	tloadr	r3, [pc, #48]	; (1bd0 <blc_ll_initBasicMCU+0x64>)
    1ba0:	501a      	tstorer	r2, [r3, #0]
    1ba2:	b308      	tadds	r3, #8
    1ba4:	4819      	tloadrb	r1, [r3, #0]
    1ba6:	a202      	tmovs	r2, #2
    1ba8:	030a      	tors	r2, r1
    1baa:	f612      	tshftls	r2, r2, #24
    1bac:	fe12      	tshftrs	r2, r2, #24
    1bae:	401a      	tstorerb	r2, [r3, #0]
    1bb0:	0a08      	tloadr	r2, [pc, #32]	; (1bd4 <blc_ll_initBasicMCU+0x68>)
    1bb2:	5811      	tloadr	r1, [r2, #0]
    1bb4:	a380      	tmovs	r3, #128	; 0x80
    1bb6:	f19b      	tshftls	r3, r3, #6
    1bb8:	030b      	tors	r3, r1
    1bba:	5013      	tstorer	r3, [r2, #0]
    1bbc:	0770      	tjex	lr
    1bbe:	46c0      	tnop			; (mov r8, r8)
    1bc0:	00842e90 	umulleq	r2, r4, r0, lr
    1bc4:	00842c90 	umulleq	r2, r4, r0, ip
    1bc8:	00800c08 	taddeq	r0, r0, r8, lsl #24
    1bcc:	00800740 	taddeq	r0, r0, r0, asr #14
    1bd0:	00800744 	taddeq	r0, r0, r4, asr #14
    1bd4:	00800640 	taddeq	r0, r0, r0, asr #12

00001bd8 <bls_ll_procRxPacket>:
bls_ll_procRxPacket():
    1bd8:	65f0      	tpush	{r4, r5, r6, r7, lr}
    1bda:	0647      	tmov	r7, r8
    1bdc:	6480      	tpush	{r7}
    1bde:	ec04      	tadds	r4, r0, #0
    1be0:	0688      	tmov	r8, r1
    1be2:	0f4b      	tloadr	r7, [pc, #300]	; (1d10 <bls_ll_procRxPacket+0x138>)
    1be4:	583a      	tloadr	r2, [r7, #0]
    1be6:	0694      	tmov	ip, r2
    1be8:	0d4a      	tloadr	r5, [pc, #296]	; (1d14 <bls_ll_procRxPacket+0x13c>)
    1bea:	ec2a      	tadds	r2, r5, #0
    1bec:	b250      	tadds	r2, #80	; 0x50
    1bee:	f412      	tshftls	r2, r2, #16
    1bf0:	fc12      	tshftrs	r2, r2, #16
    1bf2:	0b49      	tloadr	r3, [pc, #292]	; (1d18 <bls_ll_procRxPacket+0x140>)
    1bf4:	201a      	tstorerh	r2, [r3, #0]
    1bf6:	0949      	tloadr	r1, [pc, #292]	; (1d1c <bls_ll_procRxPacket+0x144>)
    1bf8:	a201      	tmovs	r2, #1
    1bfa:	0849      	tloadr	r0, [pc, #292]	; (1d20 <bls_ll_procRxPacket+0x148>)
    1bfc:	280b      	tloadrh	r3, [r1, #0]
    1bfe:	021a      	tnand	r2, r3
    1c00:	c104      	tjne.n	1c0c <bls_ll_procRxPacket+0x34>
    1c02:	583b      	tloadr	r3, [r7, #0]
    1c04:	0666      	tmov	r6, ip
    1c06:	eb9b      	tsubs	r3, r3, r6
    1c08:	0283      	tcmp	r3, r0
    1c0a:	c9f7      	tjls.n	1bfc <bls_ll_procRxPacket+0x24>
    1c0c:	4963      	tloadrb	r3, [r4, #5]
    1c0e:	ab0c      	tcmp	r3, #12
    1c10:	c040      	tjeq.n	1c94 <bls_ll_procRxPacket+0xbc>
    1c12:	a301      	tmovs	r3, #1
    1c14:	0a41      	tloadr	r2, [pc, #260]	; (1d1c <bls_ll_procRxPacket+0x144>)
    1c16:	2013      	tstorerh	r3, [r2, #0]
    1c18:	5822      	tloadr	r2, [r4, #0]
    1c1a:	4961      	tloadrb	r1, [r4, #5]
    1c1c:	b10d      	tadds	r1, #13
    1c1e:	028a      	tcmp	r2, r1
    1c20:	c007      	tjeq.n	1c32 <bls_ll_procRxPacket+0x5a>
    1c22:	a280      	tmovs	r2, #128	; 0x80
    1c24:	0b3f      	tloadr	r3, [pc, #252]	; (1d24 <bls_ll_procRxPacket+0x14c>)
    1c26:	401a      	tstorerb	r2, [r3, #0]
    1c28:	a301      	tmovs	r3, #1
    1c2a:	4023      	tstorerb	r3, [r4, #0]
    1c2c:	6c04      	tpop	{r2}
    1c2e:	0690      	tmov	r8, r2
    1c30:	6df0      	tpop	{r4, r5, r6, r7, pc}
    1c32:	e8a2      	tadds	r2, r4, r2
    1c34:	48d2      	tloadrb	r2, [r2, #3]
    1c36:	0213      	tnand	r3, r2
    1c38:	c1f3      	tjne.n	1c22 <bls_ll_procRxPacket+0x4a>
    1c3a:	ec28      	tadds	r0, r5, #0
    1c3c:	b02a      	tadds	r0, #42	; 0x2a
    1c3e:	0642      	tmov	r2, r8
    1c40:	2811      	tloadrh	r1, [r2, #0]
    1c42:	2d6a      	tloadrh	r2, [r5, #42]	; 0x2a
    1c44:	0291      	tcmp	r1, r2
    1c46:	c1ec      	tjne.n	1c22 <bls_ll_procRxPacket+0x4a>
    1c48:	0646      	tmov	r6, r8
    1c4a:	2871      	tloadrh	r1, [r6, #2]
    1c4c:	2842      	tloadrh	r2, [r0, #2]
    1c4e:	0291      	tcmp	r1, r2
    1c50:	c1e7      	tjne.n	1c22 <bls_ll_procRxPacket+0x4a>
    1c52:	28b1      	tloadrh	r1, [r6, #4]
    1c54:	2882      	tloadrh	r2, [r0, #4]
    1c56:	0291      	tcmp	r1, r2
    1c58:	c1e3      	tjne.n	1c22 <bls_ll_procRxPacket+0x4a>
    1c5a:	a20f      	tmovs	r2, #15
    1c5c:	4920      	tloadrb	r0, [r4, #4]
    1c5e:	ec11      	tadds	r1, r2, #0
    1c60:	0001      	tands	r1, r0
    1c62:	a903      	tcmp	r1, #3
    1c64:	c027      	tjeq.n	1cb6 <bls_ll_procRxPacket+0xde>
    1c66:	a905      	tcmp	r1, #5
    1c68:	c1db      	tjne.n	1c22 <bls_ll_procRxPacket+0x4a>
    1c6a:	a328      	tmovs	r3, #40	; 0x28
    1c6c:	1ceb      	tloadrb	r3, [r5, r3]
    1c6e:	001a      	tands	r2, r3
    1c70:	aa01      	tcmp	r2, #1
    1c72:	c044      	tjeq.n	1cfe <bls_ll_procRxPacket+0x126>
    1c74:	aa00      	tcmp	r2, #0
    1c76:	c1d4      	tjne.n	1c22 <bls_ll_procRxPacket+0x4a>
    1c78:	a280      	tmovs	r2, #128	; 0x80
    1c7a:	0b2a      	tloadr	r3, [pc, #168]	; (1d24 <bls_ll_procRxPacket+0x14c>)
    1c7c:	401a      	tstorerb	r2, [r3, #0]
    1c7e:	0b24      	tloadr	r3, [pc, #144]	; (1d10 <bls_ll_procRxPacket+0x138>)
    1c80:	581a      	tloadr	r2, [r3, #0]
    1c82:	0b29      	tloadr	r3, [pc, #164]	; (1d28 <bls_ll_procRxPacket+0x150>)
    1c84:	509a      	tstorer	r2, [r3, #8]
    1c86:	4921      	tloadrb	r1, [r4, #4]
    1c88:	f649      	tshftls	r1, r1, #25
    1c8a:	ffc9      	tshftrs	r1, r1, #31
    1c8c:	ec20      	tadds	r0, r4, #0
    1c8e:	9007 9e9b 	tjl	99c8 <blc_ll_procConnectReq>
    1c92:	87c6      	tj.n	1c22 <bls_ll_procRxPacket+0x4a>
    1c94:	0b1e      	tloadr	r3, [pc, #120]	; (1d10 <bls_ll_procRxPacket+0x138>)
    1c96:	581b      	tloadr	r3, [r3, #0]
    1c98:	4a2a      	tloadrb	r2, [r5, #8]
    1c9a:	e8d2      	tadds	r2, r2, r3
    1c9c:	0b23      	tloadr	r3, [pc, #140]	; (1d2c <bls_ll_procRxPacket+0x154>)
    1c9e:	501a      	tstorer	r2, [r3, #0]
    1ca0:	a285      	tmovs	r2, #133	; 0x85
    1ca2:	bb18      	tsubs	r3, #24
    1ca4:	401a      	tstorerb	r2, [r3, #0]
    1ca6:	0b22      	tloadr	r3, [pc, #136]	; (1d30 <bls_ll_procRxPacket+0x158>)
    1ca8:	581b      	tloadr	r3, [r3, #0]
    1caa:	ab00      	tcmp	r3, #0
    1cac:	c0b1      	tjeq.n	1c12 <bls_ll_procRxPacket+0x3a>
    1cae:	a001      	tmovs	r0, #1
    1cb0:	9000 9844 	tjl	1d3c <bls_ll_procRxPacket+0x164>
    1cb4:	87ad      	tj.n	1c12 <bls_ll_procRxPacket+0x3a>
    1cb6:	a128      	tmovs	r1, #40	; 0x28
    1cb8:	1c69      	tloadrb	r1, [r5, r1]
    1cba:	000a      	tands	r2, r1
    1cbc:	aa01      	tcmp	r2, #1
    1cbe:	c0b0      	tjeq.n	1c22 <bls_ll_procRxPacket+0x4a>
    1cc0:	49ea      	tloadrb	r2, [r5, #7]
    1cc2:	0213      	tnand	r3, r2
    1cc4:	c006      	tjeq.n	1cd4 <bls_ll_procRxPacket+0xfc>
    1cc6:	f640      	tshftls	r0, r0, #25
    1cc8:	ffc0      	tshftrs	r0, r0, #31
    1cca:	eda1      	tadds	r1, r4, #6
    1ccc:	9000 9edc 	tjl	2a88 <ll_searchAddr_in_WhiteList_and_ResolvingList>
    1cd0:	a800      	tcmp	r0, #0
    1cd2:	c0a6      	tjeq.n	1c22 <bls_ll_procRxPacket+0x4a>
    1cd4:	a355      	tmovs	r3, #85	; 0x55
    1cd6:	1ce8      	tloadrb	r0, [r5, r3]
    1cd8:	f0c0      	tshftls	r0, r0, #3
    1cda:	b0d6      	tadds	r0, #214	; 0xd6
    1cdc:	97fe 9e10 	tjl	900 <sleep_us>
    1ce0:	0b14      	tloadr	r3, [pc, #80]	; (1d34 <bls_ll_procRxPacket+0x15c>)
    1ce2:	581b      	tloadr	r3, [r3, #0]
    1ce4:	a002      	tmovs	r0, #2
    1ce6:	a100      	tmovs	r1, #0
    1ce8:	a200      	tmovs	r2, #0
    1cea:	9000 9827 	tjl	1d3c <bls_ll_procRxPacket+0x164>
    1cee:	0b12      	tloadr	r3, [pc, #72]	; (1d38 <bls_ll_procRxPacket+0x160>)
    1cf0:	4c9a      	tloadrb	r2, [r3, #18]
    1cf2:	aa00      	tcmp	r2, #0
    1cf4:	c000      	tjeq.n	1cf8 <bls_ll_procRxPacket+0x120>
    1cf6:	8794      	tj.n	1c22 <bls_ll_procRxPacket+0x4a>
    1cf8:	a202      	tmovs	r2, #2
    1cfa:	409a      	tstorerb	r2, [r3, #2]
    1cfc:	8791      	tj.n	1c22 <bls_ll_procRxPacket+0x4a>
    1cfe:	eda0      	tadds	r0, r4, #6
    1d00:	ec29      	tadds	r1, r5, #0
    1d02:	b130      	tadds	r1, #48	; 0x30
    1d04:	a206      	tmovs	r2, #6
    1d06:	9006 9de3 	tjl	88d0 <memcmp>
    1d0a:	a800      	tcmp	r0, #0
    1d0c:	c0b4      	tjeq.n	1c78 <bls_ll_procRxPacket+0xa0>
    1d0e:	8788      	tj.n	1c22 <bls_ll_procRxPacket+0x4a>
    1d10:	00800740 	taddeq	r0, r0, r0, asr #14
    1d14:	008432c8 	taddeq	r3, r4, r8, asr #5
    1d18:	00800c0c 	taddeq	r0, r0, ip, lsl #24
    1d1c:	00800f20 	taddeq	r0, r0, r0, lsr #30
    1d20:	000012bf 	undefined instruction 0x000012bf
    1d24:	00800f00 	taddeq	r0, r0, r0, lsl #30
    1d28:	00843348 	taddeq	r3, r4, r8, asr #6
    1d2c:	00800f18 	taddeq	r0, r0, r8, lsl pc
    1d30:	00843148 	taddeq	r3, r4, r8, asr #2
    1d34:	00843238 	taddeq	r3, r4, r8, lsr r2
    1d38:	00843180 	taddeq	r3, r4, r0, lsl #3
    1d3c:	0718      	tjex	r3
    1d3e:	46c0      	tnop			; (mov r8, r8)

00001d40 <blt_ll_start_common>:
blt_ll_start_common():
    1d40:	6510      	tpush	{r4, lr}
    1d42:	ec04      	tadds	r4, r0, #0
    1d44:	0a2c      	tloadr	r2, [pc, #176]	; (1df8 <blt_ll_start_common+0xb8>)
    1d46:	0b2d      	tloadr	r3, [pc, #180]	; (1dfc <blt_ll_start_common+0xbc>)
    1d48:	201a      	tstorerh	r2, [r3, #0]
    1d4a:	a301      	tmovs	r3, #1
    1d4c:	025b      	tnegs	r3, r3
    1d4e:	0a2c      	tloadr	r2, [pc, #176]	; (1e00 <blt_ll_start_common+0xc0>)
    1d50:	2013      	tstorerh	r3, [r2, #0]
    1d52:	0a2c      	tloadr	r2, [pc, #176]	; (1e04 <blt_ll_start_common+0xc4>)
    1d54:	a301      	tmovs	r3, #1
    1d56:	4013      	tstorerb	r3, [r2, #0]
    1d58:	a300      	tmovs	r3, #0
    1d5a:	4013      	tstorerb	r3, [r2, #0]
    1d5c:	4103      	tstorerb	r3, [r0, #4]
    1d5e:	4143      	tstorerb	r3, [r0, #5]
    1d60:	4183      	tstorerb	r3, [r0, #6]
    1d62:	4a83      	tloadrb	r3, [r0, #10]
    1d64:	ab00      	tcmp	r3, #0
    1d66:	c138      	tjne.n	1dda <blt_ll_start_common+0x9a>
    1d68:	4ac3      	tloadrb	r3, [r0, #11]
    1d6a:	e8c3      	tadds	r3, r0, r3
    1d6c:	b330      	tadds	r3, #48	; 0x30
    1d6e:	4818      	tloadrb	r0, [r3, #0]
    1d70:	4320      	tstorerb	r0, [r4, #12]
    1d72:	f600      	tshftls	r0, r0, #24
    1d74:	e600      	tasrs	r0, r0, #24
    1d76:	97ff 9a3d 	tjl	11f4 <rf_set_ble_channel>
    1d7a:	0b23      	tloadr	r3, [pc, #140]	; (1e08 <blt_ll_start_common+0xc8>)
    1d7c:	581b      	tloadr	r3, [r3, #0]
    1d7e:	ab00      	tcmp	r3, #0
    1d80:	c001      	tjeq.n	1d86 <blt_ll_start_common+0x46>
    1d82:	9000 984b 	tjl	1e1c <blt_ll_start_common+0xdc>
    1d86:	a328      	tmovs	r3, #40	; 0x28
    1d88:	1ce3      	tloadrb	r3, [r4, r3]
    1d8a:	a229      	tmovs	r2, #41	; 0x29
    1d8c:	1ca2      	tloadrb	r2, [r4, r2]
    1d8e:	f212      	tshftls	r2, r2, #8
    1d90:	031a      	tors	r2, r3
    1d92:	a32a      	tmovs	r3, #42	; 0x2a
    1d94:	1ce3      	tloadrb	r3, [r4, r3]
    1d96:	f41b      	tshftls	r3, r3, #16
    1d98:	031a      	tors	r2, r3
    1d9a:	a32b      	tmovs	r3, #43	; 0x2b
    1d9c:	1ce3      	tloadrb	r3, [r4, r3]
    1d9e:	f61b      	tshftls	r3, r3, #24
    1da0:	031a      	tors	r2, r3
    1da2:	0b1a      	tloadr	r3, [pc, #104]	; (1e0c <blt_ll_start_common+0xcc>)
    1da4:	501a      	tstorer	r2, [r3, #0]
    1da6:	0a1a      	tloadr	r2, [pc, #104]	; (1e10 <blt_ll_start_common+0xd0>)
    1da8:	4811      	tloadrb	r1, [r2, #0]
    1daa:	a380      	tmovs	r3, #128	; 0x80
    1dac:	025b      	tnegs	r3, r3
    1dae:	030b      	tors	r3, r1
    1db0:	f61b      	tshftls	r3, r3, #24
    1db2:	fe1b      	tshftrs	r3, r3, #24
    1db4:	4013      	tstorerb	r3, [r2, #0]
    1db6:	a32c      	tmovs	r3, #44	; 0x2c
    1db8:	1ce3      	tloadrb	r3, [r4, r3]
    1dba:	a22d      	tmovs	r2, #45	; 0x2d
    1dbc:	1ca2      	tloadrb	r2, [r4, r2]
    1dbe:	f212      	tshftls	r2, r2, #8
    1dc0:	031a      	tors	r2, r3
    1dc2:	a32e      	tmovs	r3, #46	; 0x2e
    1dc4:	1ce3      	tloadrb	r3, [r4, r3]
    1dc6:	f41b      	tshftls	r3, r3, #16
    1dc8:	031a      	tors	r2, r3
    1dca:	a32f      	tmovs	r3, #47	; 0x2f
    1dcc:	1ce3      	tloadrb	r3, [r4, r3]
    1dce:	f61b      	tshftls	r3, r3, #24
    1dd0:	031a      	tors	r2, r3
    1dd2:	0b10      	tloadr	r3, [pc, #64]	; (1e14 <blt_ll_start_common+0xd4>)
    1dd4:	501a      	tstorer	r2, [r3, #0]
    1dd6:	a000      	tmovs	r0, #0
    1dd8:	6d10      	tpop	{r4, pc}
    1dda:	b00e      	tadds	r0, #14
    1ddc:	4f23      	tloadrb	r3, [r4, #28]
    1dde:	4f61      	tloadrb	r1, [r4, #29]
    1de0:	f209      	tshftls	r1, r1, #8
    1de2:	0319      	tors	r1, r3
    1de4:	4ea3      	tloadrb	r3, [r4, #26]
    1de6:	4ee2      	tloadrb	r2, [r4, #27]
    1de8:	f212      	tshftls	r2, r2, #8
    1dea:	031a      	tors	r2, r3
    1dec:	0b0a      	tloadr	r3, [pc, #40]	; (1e18 <blt_ll_start_common+0xd8>)
    1dee:	581b      	tloadr	r3, [r3, #0]
    1df0:	9000 9814 	tjl	1e1c <blt_ll_start_common+0xdc>
    1df4:	4320      	tstorerb	r0, [r4, #12]
    1df6:	87bc      	tj.n	1d72 <blt_ll_start_common+0x32>
    1df8:	00000477 	tandeq	r0, r0, r7, ror r4
    1dfc:	00800f1c 	taddeq	r0, r0, ip, lsl pc
    1e00:	00800f20 	taddeq	r0, r0, r0, lsr #30
    1e04:	00800061 	taddeq	r0, r0, r1, rrx
    1e08:	008433fc 	undefined instruction 0x008433fc
    1e0c:	01000408 	tnandeq	r0, r8, lsl #8
    1e10:	00800405 	taddeq	r0, r0, r5, lsl #8
    1e14:	01000424 	tnandeq	r0, r4, lsr #8
    1e18:	008433e8 	taddeq	r3, r4, r8, ror #7
    1e1c:	0718      	tjex	r3
    1e1e:	46c0      	tnop			; (mov r8, r8)

00001e20 <blt_ll_connect_common>:
blt_ll_connect_common():
    1e20:	65f0      	tpush	{r4, r5, r6, r7, lr}
    1e22:	6081      	tsub	sp, #4
    1e24:	ec04      	tadds	r4, r0, #0
    1e26:	ec0d      	tadds	r5, r1, #0
    1e28:	4d0a      	tloadrb	r2, [r1, #20]
    1e2a:	f212      	tshftls	r2, r2, #8
    1e2c:	4ccb      	tloadrb	r3, [r1, #19]
    1e2e:	f41b      	tshftls	r3, r3, #16
    1e30:	0313      	tors	r3, r2
    1e32:	4d4a      	tloadrb	r2, [r1, #21]
    1e34:	0313      	tors	r3, r2
    1e36:	4c8a      	tloadrb	r2, [r1, #18]
    1e38:	f612      	tshftls	r2, r2, #24
    1e3a:	0313      	tors	r3, r2
    1e3c:	a228      	tmovs	r2, #40	; 0x28
    1e3e:	1483      	tstorerb	r3, [r0, r2]
    1e40:	fa19      	tshftrs	r1, r3, #8
    1e42:	a229      	tmovs	r2, #41	; 0x29
    1e44:	1481      	tstorerb	r1, [r0, r2]
    1e46:	fc19      	tshftrs	r1, r3, #16
    1e48:	a22a      	tmovs	r2, #42	; 0x2a
    1e4a:	1481      	tstorerb	r1, [r0, r2]
    1e4c:	fe1b      	tshftrs	r3, r3, #24
    1e4e:	a22b      	tmovs	r2, #43	; 0x2b
    1e50:	1483      	tstorerb	r3, [r0, r2]
    1e52:	ec2e      	tadds	r6, r5, #0
    1e54:	b612      	tadds	r6, #18
    1e56:	b024      	tadds	r0, #36	; 0x24
    1e58:	ec31      	tadds	r1, r6, #0
    1e5a:	a204      	tmovs	r2, #4
    1e5c:	9000 9ee0 	tjl	2c20 <smemcpy>
    1e60:	ec20      	tadds	r0, r4, #0
    1e62:	b02c      	tadds	r0, #44	; 0x2c
    1e64:	ec29      	tadds	r1, r5, #0
    1e66:	b116      	tadds	r1, #22
    1e68:	a203      	tmovs	r2, #3
    1e6a:	9000 9ed9 	tjl	2c20 <smemcpy>
    1e6e:	a327      	tmovs	r3, #39	; 0x27
    1e70:	1ceb      	tloadrb	r3, [r5, r3]
    1e72:	a21f      	tmovs	r2, #31
    1e74:	0013      	tands	r3, r2
    1e76:	4363      	tstorerb	r3, [r4, #13]
    1e78:	ec27      	tadds	r7, r4, #0
    1e7a:	b70e      	tadds	r7, #14
    1e7c:	b522      	tadds	r5, #34	; 0x22
    1e7e:	ec38      	tadds	r0, r7, #0
    1e80:	ec29      	tadds	r1, r5, #0
    1e82:	a205      	tmovs	r2, #5
    1e84:	9000 9ecc 	tjl	2c20 <smemcpy>
    1e88:	0b1a      	tloadr	r3, [pc, #104]	; (1ef4 <blt_ll_connect_common+0xd4>)
    1e8a:	4d5a      	tloadrb	r2, [r3, #21]
    1e8c:	aa00      	tcmp	r2, #0
    1e8e:	c005      	tjeq.n	1e9c <blt_ll_connect_common+0x7c>
    1e90:	0919      	tloadr	r1, [pc, #100]	; (1ef8 <blt_ll_connect_common+0xd8>)
    1e92:	5808      	tloadr	r0, [r1, #0]
    1e94:	a280      	tmovs	r2, #128	; 0x80
    1e96:	f612      	tshftls	r2, r2, #24
    1e98:	0302      	tors	r2, r0
    1e9a:	500a      	tstorer	r2, [r1, #0]
    1e9c:	4d9a      	tloadrb	r2, [r3, #22]
    1e9e:	aa00      	tcmp	r2, #0
    1ea0:	c002      	tjeq.n	1ea8 <blt_ll_connect_common+0x88>
    1ea2:	4d5b      	tloadrb	r3, [r3, #21]
    1ea4:	ab00      	tcmp	r3, #0
    1ea6:	c113      	tjne.n	1ed0 <blt_ll_connect_common+0xb0>
    1ea8:	a300      	tmovs	r3, #0
    1eaa:	42a3      	tstorerb	r3, [r4, #10]
    1eac:	42e3      	tstorerb	r3, [r4, #11]
    1eae:	4b61      	tloadrb	r1, [r4, #13]
    1eb0:	ec22      	tadds	r2, r4, #0
    1eb2:	b230      	tadds	r2, #48	; 0x30
    1eb4:	ec28      	tadds	r0, r5, #0
    1eb6:	9007 9f8b 	tjl	9dd0 <blt_ll_channelTable_calc>
    1eba:	0810      	tloadr	r0, [pc, #64]	; (1efc <blt_ll_connect_common+0xdc>)
    1ebc:	9009 9c1e 	tjl	b6fc <blt_reset_conn_phy_param>
    1ec0:	a300      	tmovs	r3, #0
    1ec2:	4723      	tstorerb	r3, [r4, #28]
    1ec4:	4763      	tstorerb	r3, [r4, #29]
    1ec6:	0a0e      	tloadr	r2, [pc, #56]	; (1f00 <blt_ll_connect_common+0xe0>)
    1ec8:	4013      	tstorerb	r3, [r2, #0]
    1eca:	a000      	tmovs	r0, #0
    1ecc:	6001      	tadd	sp, #4
    1ece:	6df0      	tpop	{r4, r5, r6, r7, pc}
    1ed0:	a301      	tmovs	r3, #1
    1ed2:	42a3      	tstorerb	r3, [r4, #10]
    1ed4:	0668      	tmov	r0, sp
    1ed6:	ec31      	tadds	r1, r6, #0
    1ed8:	a204      	tmovs	r2, #4
    1eda:	9000 9ea1 	tjl	2c20 <smemcpy>
    1ede:	3b00      	tloadr	r3, [sp, #0]
    1ee0:	fc1a      	tshftrs	r2, r3, #16
    1ee2:	0053      	txors	r3, r2
    1ee4:	46a3      	tstorerb	r3, [r4, #26]
    1ee6:	fa1b      	tshftrs	r3, r3, #8
    1ee8:	46e3      	tstorerb	r3, [r4, #27]
    1eea:	ec38      	tadds	r0, r7, #0
    1eec:	9008 986c 	tjl	9fc8 <blc_calc_remapping_table>
    1ef0:	87e3      	tj.n	1eba <blt_ll_connect_common+0x9a>
    1ef2:	46c0      	tnop			; (mov r8, r8)
    1ef4:	00843180 	taddeq	r3, r4, r0, lsl #3
    1ef8:	0084320c 	taddeq	r3, r4, ip, lsl #4
    1efc:	008433ec 	taddeq	r3, r4, ip, ror #7
    1f00:	0084335c 	taddeq	r3, r4, ip, asr r3

00001f04 <blt_push_fifo_hw>:
blt_push_fifo_hw():
    1f04:	65f0      	tpush	{r4, r5, r6, r7, lr}
    1f06:	0657      	tmov	r7, sl
    1f08:	0646      	tmov	r6, r8
    1f0a:	64c0      	tpush	{r6, r7}
    1f0c:	0b2b      	tloadr	r3, [pc, #172]	; (1fbc <blt_push_fifo_hw+0xb8>)
    1f0e:	481a      	tloadrb	r2, [r3, #0]
    1f10:	a130      	tmovs	r1, #48	; 0x30
    1f12:	038a      	tbclrs	r2, r1
    1f14:	401a      	tstorerb	r2, [r3, #0]
    1f16:	4818      	tloadrb	r0, [r3, #0]
    1f18:	0a29      	tloadr	r2, [pc, #164]	; (1fc0 <blt_push_fifo_hw+0xbc>)
    1f1a:	4851      	tloadrb	r1, [r2, #1]
    1f1c:	0301      	tors	r1, r0
    1f1e:	4019      	tstorerb	r1, [r3, #0]
    1f20:	a100      	tmovs	r1, #0
    1f22:	4011      	tstorerb	r1, [r2, #0]
    1f24:	4892      	tloadrb	r2, [r2, #2]
    1f26:	a340      	tmovs	r3, #64	; 0x40
    1f28:	031a      	tors	r2, r3
    1f2a:	f612      	tshftls	r2, r2, #24
    1f2c:	fe12      	tshftrs	r2, r2, #24
    1f2e:	0b25      	tloadr	r3, [pc, #148]	; (1fc4 <blt_push_fifo_hw+0xc0>)
    1f30:	401a      	tstorerb	r2, [r3, #0]
    1f32:	0a25      	tloadr	r2, [pc, #148]	; (1fc8 <blt_push_fifo_hw+0xc4>)
    1f34:	4812      	tloadrb	r2, [r2, #0]
    1f36:	481b      	tloadrb	r3, [r3, #0]
    1f38:	ead2      	tsubs	r2, r2, r3
    1f3a:	a30f      	tmovs	r3, #15
    1f3c:	001a      	tands	r2, r3
    1f3e:	c030      	tjeq.n	1fa2 <blt_push_fifo_hw+0x9e>
    1f40:	ffd0      	tshftrs	r0, r2, #31
    1f42:	a306      	tmovs	r3, #6
    1f44:	0293      	tcmp	r3, r2
    1f46:	0141      	taddcs	r1, r0
    1f48:	ec08      	tadds	r0, r1, #0
    1f4a:	0920      	tloadr	r1, [pc, #128]	; (1fcc <blt_push_fifo_hw+0xc8>)
    1f4c:	49cb      	tloadrb	r3, [r1, #7]
    1f4e:	a800      	tcmp	r0, #0
    1f50:	c023      	tjeq.n	1f9a <blt_push_fifo_hw+0x96>
    1f52:	4988      	tloadrb	r0, [r1, #6]
    1f54:	0298      	tcmp	r0, r3
    1f56:	c020      	tjeq.n	1f9a <blt_push_fifo_hw+0x96>
    1f58:	5808      	tloadr	r0, [r1, #0]
    1f5a:	0684      	tmov	ip, r0
    1f5c:	0f1c      	tloadr	r7, [pc, #112]	; (1fd0 <blt_push_fifo_hw+0xcc>)
    1f5e:	0e1d      	tloadr	r6, [pc, #116]	; (1fd4 <blt_push_fifo_hw+0xd0>)
    1f60:	a506      	tmovs	r5, #6
    1f62:	a400      	tmovs	r4, #0
    1f64:	06a2      	tmov	sl, r4
    1f66:	8002      	tj.n	1f6e <blt_push_fifo_hw+0x6a>
    1f68:	4988      	tloadrb	r0, [r1, #6]
    1f6a:	0298      	tcmp	r0, r3
    1f6c:	c015      	tjeq.n	1f9a <blt_push_fifo_hw+0x96>
    1f6e:	2888      	tloadrh	r0, [r1, #4]
    1f70:	b801      	tsubs	r0, #1
    1f72:	0018      	tands	r0, r3
    1f74:	0664      	tmov	r4, ip
    1f76:	0344      	tmuls	r4, r0
    1f78:	06a0      	tmov	r8, r4
    1f7a:	ec38      	tadds	r0, r7, #0
    1f7c:	0440      	tadd	r0, r8
    1f7e:	f400      	tshftls	r0, r0, #16
    1f80:	fc00      	tshftrs	r0, r0, #16
    1f82:	2030      	tstorerh	r0, [r6, #0]
    1f84:	b301      	tadds	r3, #1
    1f86:	f61b      	tshftls	r3, r3, #24
    1f88:	fe1b      	tshftrs	r3, r3, #24
    1f8a:	41cb      	tstorerb	r3, [r1, #7]
    1f8c:	b201      	tadds	r2, #1
    1f8e:	ffd0      	tshftrs	r0, r2, #31
    1f90:	0654      	tmov	r4, sl
    1f92:	0295      	tcmp	r5, r2
    1f94:	0160      	taddcs	r0, r4
    1f96:	a800      	tcmp	r0, #0
    1f98:	c1e6      	tjne.n	1f68 <blt_push_fifo_hw+0x64>
    1f9a:	6c0c      	tpop	{r2, r3}
    1f9c:	0690      	tmov	r8, r2
    1f9e:	069a      	tmov	sl, r3
    1fa0:	6df0      	tpop	{r4, r5, r6, r7, pc}
    1fa2:	090a      	tloadr	r1, [pc, #40]	; (1fcc <blt_push_fifo_hw+0xc8>)
    1fa4:	49ca      	tloadrb	r2, [r1, #7]
    1fa6:	498b      	tloadrb	r3, [r1, #6]
    1fa8:	029a      	tcmp	r2, r3
    1faa:	c0f6      	tjeq.n	1f9a <blt_push_fifo_hw+0x96>
    1fac:	0b09      	tloadr	r3, [pc, #36]	; (1fd4 <blt_push_fifo_hw+0xd0>)
    1fae:	0a0a      	tloadr	r2, [pc, #40]	; (1fd8 <blt_push_fifo_hw+0xd4>)
    1fb0:	f412      	tshftls	r2, r2, #16
    1fb2:	fc12      	tshftrs	r2, r2, #16
    1fb4:	201a      	tstorerh	r2, [r3, #0]
    1fb6:	a001      	tmovs	r0, #1
    1fb8:	a201      	tmovs	r2, #1
    1fba:	87c7      	tj.n	1f4c <blt_push_fifo_hw+0x48>
    1fbc:	00800f03 	taddeq	r0, r0, r3, lsl #30
    1fc0:	008432a0 	taddeq	r3, r4, r0, lsr #5
    1fc4:	00800c2a 	taddeq	r0, r0, sl, lsr #24
    1fc8:	00800c2b 	taddeq	r0, r0, fp, lsr #24
    1fcc:	0084311c 	taddeq	r3, r4, ip, lsl r1
    1fd0:	00842e9c 	umulleq	r2, r4, ip, lr
    1fd4:	00800c2c 	taddeq	r0, r0, ip, lsr #24
    1fd8:	00848d34 	taddeq	r8, r4, r4, lsr sp

00001fdc <blt_brx_timing_update>:
blt_brx_timing_update():
    1fdc:	65f0      	tpush	{r4, r5, r6, r7, lr}
    1fde:	0647      	tmov	r7, r8
    1fe0:	6480      	tpush	{r7}
    1fe2:	ec05      	tadds	r5, r0, #0
    1fe4:	a902      	tcmp	r1, #2
    1fe6:	c039      	tjeq.n	205c <blt_brx_timing_update+0x80>
    1fe8:	0c42      	tloadr	r4, [pc, #264]	; (20f4 <blt_brx_timing_update+0x118>)
    1fea:	a200      	tmovs	r2, #0
    1fec:	a376      	tmovs	r3, #118	; 0x76
    1fee:	14e2      	tstorerb	r2, [r4, r3]
    1ff0:	a175      	tmovs	r1, #117	; 0x75
    1ff2:	1c60      	tloadrb	r0, [r4, r1]
    1ff4:	f602      	tshftls	r2, r0, #24
    1ff6:	e612      	tasrs	r2, r2, #24
    1ff8:	4923      	tloadrb	r3, [r4, #4]
    1ffa:	029a      	tcmp	r2, r3
    1ffc:	cb1e      	tjlt.n	203c <blt_brx_timing_update+0x60>
    1ffe:	a374      	tmovs	r3, #116	; 0x74
    2000:	1ce1      	tloadrb	r1, [r4, r3]
    2002:	f608      	tshftls	r0, r1, #24
    2004:	e600      	tasrs	r0, r0, #24
    2006:	a801      	tcmp	r0, #1
    2008:	cd24      	tjle.n	2054 <blt_brx_timing_update+0x78>
    200a:	b902      	tsubs	r1, #2
    200c:	14e1      	tstorerb	r1, [r4, r3]
    200e:	a380      	tmovs	r3, #128	; 0x80
    2010:	18e3      	tloadr	r3, [r4, r3]
    2012:	5a25      	tloadr	r5, [r4, #32]
    2014:	0353      	tmuls	r3, r2
    2016:	5ea1      	tloadr	r1, [r4, #104]	; 0x68
    2018:	e85b      	tadds	r3, r3, r1
    201a:	5423      	tstorer	r3, [r4, #64]	; 0x40
    201c:	5ae2      	tloadr	r2, [r4, #44]	; 0x2c
    201e:	5ca7      	tloadr	r7, [r4, #72]	; 0x48
    2020:	0e35      	tloadr	r6, [pc, #212]	; (20f8 <blt_brx_timing_update+0x11c>)
    2022:	e955      	tadds	r5, r2, r5
    2024:	5225      	tstorer	r5, [r4, #32]
    2026:	a2fa      	tmovs	r2, #250	; 0xfa
    2028:	f152      	tshftls	r2, r2, #5
    202a:	e89b      	tadds	r3, r3, r2
    202c:	f05b      	tshftls	r3, r3, #1
    202e:	5363      	tstorer	r3, [r4, #52]	; 0x34
    2030:	57a7      	tstorer	r7, [r4, #120]	; 0x78
    2032:	a300      	tmovs	r3, #0
    2034:	40f3      	tstorerb	r3, [r6, #3]
    2036:	6c04      	tpop	{r2}
    2038:	0690      	tmov	r8, r2
    203a:	6df0      	tpop	{r4, r5, r6, r7, pc}
    203c:	ec42      	tadds	r2, r0, #1
    203e:	f612      	tshftls	r2, r2, #24
    2040:	fe12      	tshftrs	r2, r2, #24
    2042:	1462      	tstorerb	r2, [r4, r1]
    2044:	f612      	tshftls	r2, r2, #24
    2046:	e612      	tasrs	r2, r2, #24
    2048:	a374      	tmovs	r3, #116	; 0x74
    204a:	1ce1      	tloadrb	r1, [r4, r3]
    204c:	f608      	tshftls	r0, r1, #24
    204e:	e600      	tasrs	r0, r0, #24
    2050:	a801      	tcmp	r0, #1
    2052:	ccda      	tjgt.n	200a <blt_brx_timing_update+0x2e>
    2054:	0b29      	tloadr	r3, [pc, #164]	; (20fc <blt_brx_timing_update+0x120>)
    2056:	a180      	tmovs	r1, #128	; 0x80
    2058:	1063      	tstorer	r3, [r4, r1]
    205a:	87da      	tj.n	2012 <blt_brx_timing_update+0x36>
    205c:	0c25      	tloadr	r4, [pc, #148]	; (20f4 <blt_brx_timing_update+0x118>)
    205e:	a200      	tmovs	r2, #0
    2060:	a375      	tmovs	r3, #117	; 0x75
    2062:	14e2      	tstorerb	r2, [r4, r3]
    2064:	a374      	tmovs	r3, #116	; 0x74
    2066:	1ce2      	tloadrb	r2, [r4, r3]
    2068:	f611      	tshftls	r1, r2, #24
    206a:	e609      	tasrs	r1, r1, #24
    206c:	a905      	tcmp	r1, #5
    206e:	cd35      	tjle.n	20dc <blt_brx_timing_update+0x100>
    2070:	5ea2      	tloadr	r2, [r4, #104]	; 0x68
    2072:	a380      	tmovs	r3, #128	; 0x80
    2074:	10e2      	tstorer	r2, [r4, r3]
    2076:	a276      	tmovs	r2, #118	; 0x76
    2078:	1ca3      	tloadrb	r3, [r4, r2]
    207a:	f619      	tshftls	r1, r3, #24
    207c:	a900      	tcmp	r1, #0
    207e:	cb03      	tjlt.n	2088 <blt_brx_timing_update+0xac>
    2080:	b301      	tadds	r3, #1
    2082:	f61b      	tshftls	r3, r3, #24
    2084:	fe1b      	tshftrs	r3, r3, #24
    2086:	14a3      	tstorerb	r3, [r4, r2]
    2088:	ab01      	tcmp	r3, #1
    208a:	c92f      	tjls.n	20ec <blt_brx_timing_update+0x110>
    208c:	0e1a      	tloadr	r6, [pc, #104]	; (20f8 <blt_brx_timing_update+0x11c>)
    208e:	48f3      	tloadrb	r3, [r6, #3]
    2090:	ab00      	tcmp	r3, #0
    2092:	c126      	tjne.n	20e2 <blt_brx_timing_update+0x106>
    2094:	5ca7      	tloadr	r7, [r4, #72]	; 0x48
    2096:	5fa1      	tloadr	r1, [r4, #120]	; 0x78
    2098:	ea79      	tsubs	r1, r7, r1
    209a:	0b19      	tloadr	r3, [pc, #100]	; (2100 <blt_brx_timing_update+0x124>)
    209c:	0299      	tcmp	r1, r3
    209e:	cd23      	tjle.n	20e8 <blt_brx_timing_update+0x10c>
    20a0:	5fe2      	tloadr	r2, [r4, #124]	; 0x7c
    20a2:	0690      	tmov	r8, r2
    20a4:	5a20      	tloadr	r0, [r4, #32]
    20a6:	ea28      	tsubs	r0, r5, r0
    20a8:	0643      	tmov	r3, r8
    20aa:	034b      	tmuls	r3, r1
    20ac:	e7da      	tasrs	r2, r3, #31
    20ae:	fc92      	tshftrs	r2, r2, #18
    20b0:	e8d3      	tadds	r3, r2, r3
    20b2:	e39b      	tasrs	r3, r3, #14
    20b4:	e8c0      	tadds	r0, r0, r3
    20b6:	f380      	tshftls	r0, r0, #14
    20b8:	97fe 988c 	tjl	1d4 <__divsi3>
    20bc:	0642      	tmov	r2, r8
    20be:	ea83      	tsubs	r3, r0, r2
    20c0:	e05b      	tasrs	r3, r3, #1
    20c2:	0443      	tadd	r3, r8
    20c4:	57e3      	tstorer	r3, [r4, #124]	; 0x7c
    20c6:	5ae2      	tloadr	r2, [r4, #44]	; 0x2c
    20c8:	0353      	tmuls	r3, r2
    20ca:	e7d9      	tasrs	r1, r3, #31
    20cc:	fc89      	tshftrs	r1, r1, #18
    20ce:	e8cb      	tadds	r3, r1, r3
    20d0:	e39b      	tasrs	r3, r3, #14
    20d2:	5263      	tstorer	r3, [r4, #36]	; 0x24
    20d4:	a380      	tmovs	r3, #128	; 0x80
    20d6:	18e3      	tloadr	r3, [r4, r3]
    20d8:	5423      	tstorer	r3, [r4, #64]	; 0x40
    20da:	87a2      	tj.n	2022 <blt_brx_timing_update+0x46>
    20dc:	b201      	tadds	r2, #1
    20de:	14e2      	tstorerb	r2, [r4, r3]
    20e0:	87c9      	tj.n	2076 <blt_brx_timing_update+0x9a>
    20e2:	5ae2      	tloadr	r2, [r4, #44]	; 0x2c
    20e4:	5ca7      	tloadr	r7, [r4, #72]	; 0x48
    20e6:	87f5      	tj.n	20d4 <blt_brx_timing_update+0xf8>
    20e8:	5ae2      	tloadr	r2, [r4, #44]	; 0x2c
    20ea:	87f3      	tj.n	20d4 <blt_brx_timing_update+0xf8>
    20ec:	5ae2      	tloadr	r2, [r4, #44]	; 0x2c
    20ee:	5ca7      	tloadr	r7, [r4, #72]	; 0x48
    20f0:	0e01      	tloadr	r6, [pc, #4]	; (20f8 <blt_brx_timing_update+0x11c>)
    20f2:	87ef      	tj.n	20d4 <blt_brx_timing_update+0xf8>
    20f4:	00843400 	taddeq	r3, r4, r0, lsl #8
    20f8:	00843504 	taddeq	r3, r4, r4, lsl #10
    20fc:	00005dc0 	tandeq	r5, r0, r0, asr #27
    2100:	00186a00 	tandseq	r6, r8, r0, lsl #20

00002104 <blt_brx_start>:
blt_brx_start():
    2104:	6510      	tpush	{r4, lr}
    2106:	a229      	tmovs	r2, #41	; 0x29
    2108:	0b2f      	tloadr	r3, [pc, #188]	; (21c8 <blt_brx_start+0xc4>)
    210a:	401a      	tstorerb	r2, [r3, #0]
    210c:	a380      	tmovs	r3, #128	; 0x80
    210e:	0a2f      	tloadr	r2, [pc, #188]	; (21cc <blt_brx_start+0xc8>)
    2110:	4013      	tstorerb	r3, [r2, #0]
    2112:	a145      	tmovs	r1, #69	; 0x45
    2114:	0a2e      	tloadr	r2, [pc, #184]	; (21d0 <blt_brx_start+0xcc>)
    2116:	4011      	tstorerb	r1, [r2, #0]
    2118:	0a2e      	tloadr	r2, [pc, #184]	; (21d4 <blt_brx_start+0xd0>)
    211a:	4013      	tstorerb	r3, [r2, #0]
    211c:	a201      	tmovs	r2, #1
    211e:	0b2e      	tloadr	r3, [pc, #184]	; (21d8 <blt_brx_start+0xd4>)
    2120:	401a      	tstorerb	r2, [r3, #0]
    2122:	0b2e      	tloadr	r3, [pc, #184]	; (21dc <blt_brx_start+0xd8>)
    2124:	581b      	tloadr	r3, [r3, #0]
    2126:	0c2e      	tloadr	r4, [pc, #184]	; (21e0 <blt_brx_start+0xdc>)
    2128:	54a3      	tstorer	r3, [r4, #72]	; 0x48
    212a:	a300      	tmovs	r3, #0
    212c:	5463      	tstorer	r3, [r4, #68]	; 0x44
    212e:	4223      	tstorerb	r3, [r4, #8]
    2130:	0b2c      	tloadr	r3, [pc, #176]	; (21e4 <blt_brx_start+0xe0>)
    2132:	5818      	tloadr	r0, [r3, #0]
    2134:	97ff 9e04 	tjl	1d40 <blt_ll_start_common>
    2138:	97ff 9ee4 	tjl	1f04 <blt_push_fifo_hw>
    213c:	0b2a      	tloadr	r3, [pc, #168]	; (21e8 <blt_brx_start+0xe4>)
    213e:	485b      	tloadrb	r3, [r3, #1]
    2140:	0a2a      	tloadr	r2, [pc, #168]	; (21ec <blt_brx_start+0xe8>)
    2142:	1cd1      	tloadrb	r1, [r2, r3]
    2144:	0a2a      	tloadr	r2, [pc, #168]	; (21f0 <blt_brx_start+0xec>)
    2146:	2011      	tstorerh	r1, [r2, #0]
    2148:	a2fa      	tmovs	r2, #250	; 0xfa
    214a:	ab03      	tcmp	r3, #3
    214c:	c035      	tjeq.n	21ba <blt_brx_start+0xb6>
    214e:	0b29      	tloadr	r3, [pc, #164]	; (21f4 <blt_brx_start+0xf0>)
    2150:	201a      	tstorerh	r2, [r3, #0]
    2152:	4a63      	tloadrb	r3, [r4, #9]
    2154:	ab00      	tcmp	r3, #0
    2156:	c017      	tjeq.n	2188 <blt_brx_start+0x84>
    2158:	0b27      	tloadr	r3, [pc, #156]	; (21f8 <blt_brx_start+0xf4>)
    215a:	481a      	tloadrb	r2, [r3, #0]
    215c:	a101      	tmovs	r1, #1
    215e:	038a      	tbclrs	r2, r1
    2160:	401a      	tstorerb	r2, [r3, #0]
    2162:	0b1e      	tloadr	r3, [pc, #120]	; (21dc <blt_brx_start+0xd8>)
    2164:	5819      	tloadr	r1, [r3, #0]
    2166:	b10a      	tadds	r1, #10
    2168:	0824      	tloadr	r0, [pc, #144]	; (21fc <blt_brx_start+0xf8>)
    216a:	9006 9fa9 	tjl	90c0 <rf_start_brx>
    216e:	0b24      	tloadr	r3, [pc, #144]	; (2200 <blt_brx_start+0xfc>)
    2170:	581b      	tloadr	r3, [r3, #0]
    2172:	ab00      	tcmp	r3, #0
    2174:	c002      	tjeq.n	217c <blt_brx_start+0x78>
    2176:	a002      	tmovs	r0, #2
    2178:	9000 984c 	tjl	2214 <blt_brx_start+0x110>
    217c:	a100      	tmovs	r1, #0
    217e:	a32e      	tmovs	r3, #46	; 0x2e
    2180:	0a20      	tloadr	r2, [pc, #128]	; (2204 <blt_brx_start+0x100>)
    2182:	14d1      	tstorerb	r1, [r2, r3]
    2184:	a000      	tmovs	r0, #0
    2186:	6d10      	tpop	{r4, pc}
    2188:	0b1b      	tloadr	r3, [pc, #108]	; (21f8 <blt_brx_start+0xf4>)
    218a:	4819      	tloadrb	r1, [r3, #0]
    218c:	a201      	tmovs	r2, #1
    218e:	030a      	tors	r2, r1
    2190:	f612      	tshftls	r2, r2, #24
    2192:	fe12      	tshftrs	r2, r2, #24
    2194:	401a      	tstorerb	r2, [r3, #0]
    2196:	0b1c      	tloadr	r3, [pc, #112]	; (2208 <blt_brx_start+0x104>)
    2198:	5a1b      	tloadr	r3, [r3, #32]
    219a:	ab00      	tcmp	r3, #0
    219c:	c009      	tjeq.n	21b2 <blt_brx_start+0xae>
    219e:	5e63      	tloadr	r3, [r4, #100]	; 0x64
    21a0:	5b62      	tloadr	r2, [r4, #52]	; 0x34
    21a2:	f912      	tshftrs	r2, r2, #4
    21a4:	0919      	tloadr	r1, [pc, #100]	; (220c <blt_brx_start+0x108>)
    21a6:	e85b      	tadds	r3, r3, r1
    21a8:	0293      	tcmp	r3, r2
    21aa:	c309      	tjcc.n	21c0 <blt_brx_start+0xbc>
    21ac:	0a18      	tloadr	r2, [pc, #96]	; (2210 <blt_brx_start+0x10c>)
    21ae:	5013      	tstorer	r3, [r2, #0]
    21b0:	87d7      	tj.n	2162 <blt_brx_start+0x5e>
    21b2:	5e62      	tloadr	r2, [r4, #100]	; 0x64
    21b4:	0b16      	tloadr	r3, [pc, #88]	; (2210 <blt_brx_start+0x10c>)
    21b6:	501a      	tstorer	r2, [r3, #0]
    21b8:	87d3      	tj.n	2162 <blt_brx_start+0x5e>
    21ba:	a296      	tmovs	r2, #150	; 0x96
    21bc:	f092      	tshftls	r2, r2, #2
    21be:	87c6      	tj.n	214e <blt_brx_start+0x4a>
    21c0:	ec13      	tadds	r3, r2, #0
    21c2:	0a13      	tloadr	r2, [pc, #76]	; (2210 <blt_brx_start+0x10c>)
    21c4:	5013      	tstorer	r3, [r2, #0]
    21c6:	87cc      	tj.n	2162 <blt_brx_start+0x5e>
    21c8:	01000f16 	tnandeq	r0, r6, lsl pc
    21cc:	01000428 	tnandeq	r0, r8, lsr #8
    21d0:	01000f02 	tnandeq	r0, r2, lsl #30
    21d4:	00800f00 	taddeq	r0, r0, r0, lsl #30
    21d8:	00800f01 	taddeq	r0, r0, r1, lsl #30
    21dc:	00800740 	taddeq	r0, r0, r0, asr #14
    21e0:	00843400 	taddeq	r3, r4, r0, lsl #8
    21e4:	008433bc 	undefined instruction 0x008433bc
    21e8:	008433ec 	taddeq	r3, r4, ip, ror #7
    21ec:	008435b8 	undefined instruction 0x008435b8
    21f0:	00800f04 	taddeq	r0, r0, r4, lsl #30
    21f4:	00800f0a 	taddeq	r0, r0, sl, lsl #30
    21f8:	00800f03 	taddeq	r0, r0, r3, lsl #30
    21fc:	00848d34 	taddeq	r8, r4, r4, lsr sp
    2200:	00843148 	taddeq	r3, r4, r8, asr #2
    2204:	00843504 	taddeq	r3, r4, r4, lsl #10
    2208:	00843180 	taddeq	r3, r4, r0, lsl #3
    220c:	fffff63c 	undefined instruction 0xfffff63c
    2210:	00800f2c 	taddeq	r0, r0, ip, lsr #30
    2214:	0718      	tjex	r3
    2216:	46c0      	tnop			; (mov r8, r8)

00002218 <blt_brx_post>:
blt_brx_post():
    2218:	6530      	tpush	{r4, r5, lr}
    221a:	0b3a      	tloadr	r3, [pc, #232]	; (2304 <blt_brx_post+0xec>)
    221c:	581b      	tloadr	r3, [r3, #0]
    221e:	ab00      	tcmp	r3, #0
    2220:	c002      	tjeq.n	2228 <blt_brx_post+0x10>
    2222:	a000      	tmovs	r0, #0
    2224:	9000 9888 	tjl	2338 <blt_brx_post+0x120>
    2228:	a280      	tmovs	r2, #128	; 0x80
    222a:	0b37      	tloadr	r3, [pc, #220]	; (2308 <blt_brx_post+0xf0>)
    222c:	401a      	tstorerb	r2, [r3, #0]
    222e:	a301      	tmovs	r3, #1
    2230:	025b      	tnegs	r3, r3
    2232:	0a36      	tloadr	r2, [pc, #216]	; (230c <blt_brx_post+0xf4>)
    2234:	2013      	tstorerh	r3, [r2, #0]
    2236:	a207      	tmovs	r2, #7
    2238:	0b35      	tloadr	r3, [pc, #212]	; (2310 <blt_brx_post+0xf8>)
    223a:	439a      	tstorerb	r2, [r3, #14]
    223c:	0c35      	tloadr	r4, [pc, #212]	; (2314 <blt_brx_post+0xfc>)
    223e:	2ba3      	tloadrh	r3, [r4, #28]
    2240:	b301      	tadds	r3, #1
    2242:	23a3      	tstorerh	r3, [r4, #28]
    2244:	4ae3      	tloadrb	r3, [r4, #11]
    2246:	b301      	tadds	r3, #1
    2248:	f61b      	tshftls	r3, r3, #24
    224a:	fe1b      	tshftrs	r3, r3, #24
    224c:	42e3      	tstorerb	r3, [r4, #11]
    224e:	ab24      	tcmp	r3, #36	; 0x24
    2250:	c901      	tjls.n	2256 <blt_brx_post+0x3e>
    2252:	a300      	tmovs	r3, #0
    2254:	42e3      	tstorerb	r3, [r4, #11]
    2256:	4863      	tloadrb	r3, [r4, #1]
    2258:	ab00      	tcmp	r3, #0
    225a:	c13e      	tjne.n	22da <blt_brx_post+0xc2>
    225c:	0d2e      	tloadr	r5, [pc, #184]	; (2318 <blt_brx_post+0x100>)
    225e:	4a6b      	tloadrb	r3, [r5, #9]
    2260:	ab00      	tcmp	r3, #0
    2262:	c137      	tjne.n	22d4 <blt_brx_post+0xbc>
    2264:	5c68      	tloadr	r0, [r5, #68]	; 0x44
    2266:	ec01      	tadds	r1, r0, #0
    2268:	ee4b      	tsubs	r3, r1, #1
    226a:	0199      	tsubcs	r1, r3
    226c:	f049      	tshftls	r1, r1, #1
    226e:	97ff 9eb5 	tjl	1fdc <blt_brx_timing_update>
    2272:	0a2a      	tloadr	r2, [pc, #168]	; (231c <blt_brx_post+0x104>)
    2274:	5813      	tloadr	r3, [r2, #0]
    2276:	ab00      	tcmp	r3, #0
    2278:	c007      	tjeq.n	228a <blt_brx_post+0x72>
    227a:	0929      	tloadr	r1, [pc, #164]	; (2320 <blt_brx_post+0x108>)
    227c:	5809      	tloadr	r1, [r1, #0]
    227e:	eacb      	tsubs	r3, r1, r3
    2280:	0928      	tloadr	r1, [pc, #160]	; (2324 <blt_brx_post+0x10c>)
    2282:	5808      	tloadr	r0, [r1, #0]
    2284:	f100      	tshftls	r0, r0, #4
    2286:	0283      	tcmp	r3, r0
    2288:	c82a      	tjhi.n	22e0 <blt_brx_post+0xc8>
    228a:	4beb      	tloadrb	r3, [r5, #15]
    228c:	ab01      	tcmp	r3, #1
    228e:	c034      	tjeq.n	22fa <blt_brx_post+0xe2>
    2290:	ab02      	tcmp	r3, #2
    2292:	c01c      	tjeq.n	22ce <blt_brx_post+0xb6>
    2294:	0b22      	tloadr	r3, [pc, #136]	; (2320 <blt_brx_post+0x108>)
    2296:	581a      	tloadr	r2, [r3, #0]
    2298:	5a23      	tloadr	r3, [r4, #32]
    229a:	ead2      	tsubs	r2, r2, r3
    229c:	5aab      	tloadr	r3, [r5, #40]	; 0x28
    229e:	029a      	tcmp	r2, r3
    22a0:	c815      	tjhi.n	22ce <blt_brx_post+0xb6>
    22a2:	0b21      	tloadr	r3, [pc, #132]	; (2328 <blt_brx_post+0x110>)
    22a4:	481a      	tloadrb	r2, [r3, #0]
    22a6:	aa00      	tcmp	r2, #0
    22a8:	c110      	tjne.n	22cc <blt_brx_post+0xb4>
    22aa:	0a20      	tloadr	r2, [pc, #128]	; (232c <blt_brx_post+0x114>)
    22ac:	4810      	tloadrb	r0, [r2, #0]
    22ae:	b201      	tadds	r2, #1
    22b0:	4812      	tloadrb	r2, [r2, #0]
    22b2:	a110      	tmovs	r1, #16
    22b4:	0011      	tands	r1, r2
    22b6:	f049      	tshftls	r1, r1, #1
    22b8:	a201      	tmovs	r2, #1
    22ba:	0002      	tands	r2, r0
    22bc:	f112      	tshftls	r2, r2, #4
    22be:	030a      	tors	r2, r1
    22c0:	405a      	tstorerb	r2, [r3, #1]
    22c2:	0a1b      	tloadr	r2, [pc, #108]	; (2330 <blt_brx_post+0x118>)
    22c4:	4812      	tloadrb	r2, [r2, #0]
    22c6:	a10f      	tmovs	r1, #15
    22c8:	000a      	tands	r2, r1
    22ca:	409a      	tstorerb	r2, [r3, #2]
    22cc:	6d30      	tpop	{r4, r5, pc}
    22ce:	9008 9b95 	tjl	a9fc <blt_terminate_proc>
    22d2:	87e6      	tj.n	22a2 <blt_brx_post+0x8a>
    22d4:	9008 9958 	tjl	a588 <blt_brx_timing_update_init>
    22d8:	87cb      	tj.n	2272 <blt_brx_post+0x5a>
    22da:	9008 9adf 	tjl	a89c <connUpdate_mapUpdate_proc>
    22de:	87bd      	tj.n	225c <blt_brx_post+0x44>
    22e0:	a300      	tmovs	r3, #0
    22e2:	5013      	tstorer	r3, [r2, #0]
    22e4:	500b      	tstorer	r3, [r1, #0]
    22e6:	a271      	tmovs	r2, #113	; 0x71
    22e8:	0912      	tloadr	r1, [pc, #72]	; (2334 <blt_brx_post+0x11c>)
    22ea:	148b      	tstorerb	r3, [r1, r2]
    22ec:	a304      	tmovs	r3, #4
    22ee:	43eb      	tstorerb	r3, [r5, #15]
    22f0:	9008 9b84 	tjl	a9fc <blt_terminate_proc>
    22f4:	4beb      	tloadrb	r3, [r5, #15]
    22f6:	ab01      	tcmp	r3, #1
    22f8:	c1ca      	tjne.n	2290 <blt_brx_post+0x78>
    22fa:	9008 9b45 	tjl	a988 <blt_terminate_pending_proc>
    22fe:	4beb      	tloadrb	r3, [r5, #15]
    2300:	87c6      	tj.n	2290 <blt_brx_post+0x78>
    2302:	46c0      	tnop			; (mov r8, r8)
    2304:	00843148 	taddeq	r3, r4, r8, asr #2
    2308:	00800f00 	taddeq	r0, r0, r0, lsl #30
    230c:	00800f20 	taddeq	r0, r0, r0, lsr #30
    2310:	00843180 	taddeq	r3, r4, r0, lsl #3
    2314:	00843360 	taddeq	r3, r4, r0, ror #6
    2318:	00843400 	taddeq	r3, r4, r0, lsl #8
    231c:	008432ac 	taddeq	r3, r4, ip, lsr #5
    2320:	00800740 	taddeq	r0, r0, r0, asr #14
    2324:	008432b0 	undefined instruction 0x008432b0
    2328:	008432a0 	taddeq	r3, r4, r0, lsr #5
    232c:	00800f22 	taddeq	r0, r0, r2, lsr #30
    2330:	00800c2a 	taddeq	r0, r0, sl, lsr #24
    2334:	00843480 	taddeq	r3, r4, r0, lsl #9
    2338:	0718      	tjex	r3
    233a:	46c0      	tnop			; (mov r8, r8)

0000233c <irq_slave_system_timer>:
irq_slave_system_timer():
    233c:	6510      	tpush	{r4, lr}
    233e:	0c35      	tloadr	r4, [pc, #212]	; (2414 <irq_slave_system_timer+0xd8>)
    2340:	4b63      	tloadrb	r3, [r4, #13]
    2342:	ab08      	tcmp	r3, #8
    2344:	c000      	tjeq.n	2348 <irq_slave_system_timer+0xc>
    2346:	6d10      	tpop	{r4, pc}
    2348:	4ba3      	tloadrb	r3, [r4, #14]
    234a:	ab06      	tcmp	r3, #6
    234c:	c015      	tjeq.n	237a <irq_slave_system_timer+0x3e>
    234e:	4ba3      	tloadrb	r3, [r4, #14]
    2350:	ab07      	tcmp	r3, #7
    2352:	c1f8      	tjne.n	2346 <irq_slave_system_timer+0xa>
    2354:	a301      	tmovs	r3, #1
    2356:	4423      	tstorerb	r3, [r4, #16]
    2358:	025b      	tnegs	r3, r3
    235a:	0a2f      	tloadr	r2, [pc, #188]	; (2418 <irq_slave_system_timer+0xdc>)
    235c:	2013      	tstorerh	r3, [r2, #0]
    235e:	a306      	tmovs	r3, #6
    2360:	43a3      	tstorerb	r3, [r4, #14]
    2362:	97ff 9ecf 	tjl	2104 <blt_brx_start>
    2366:	0b2d      	tloadr	r3, [pc, #180]	; (241c <irq_slave_system_timer+0xe0>)
    2368:	581a      	tloadr	r2, [r3, #0]
    236a:	0b2d      	tloadr	r3, [pc, #180]	; (2420 <irq_slave_system_timer+0xe4>)
    236c:	5b5b      	tloadr	r3, [r3, #52]	; 0x34
    236e:	e8d2      	tadds	r2, r2, r3
    2370:	0b2c      	tloadr	r3, [pc, #176]	; (2424 <irq_slave_system_timer+0xe8>)
    2372:	501a      	tstorer	r2, [r3, #0]
    2374:	a302      	tmovs	r3, #2
    2376:	45e3      	tstorerb	r3, [r4, #23]
    2378:	87e5      	tj.n	2346 <irq_slave_system_timer+0xa>
    237a:	0b2b      	tloadr	r3, [pc, #172]	; (2428 <irq_slave_system_timer+0xec>)
    237c:	481b      	tloadrb	r3, [r3, #0]
    237e:	f69a      	tshftls	r2, r3, #26
    2380:	c507      	tjpl.n	2392 <irq_slave_system_timer+0x56>
    2382:	0b2a      	tloadr	r3, [pc, #168]	; (242c <irq_slave_system_timer+0xf0>)
    2384:	485b      	tloadrb	r3, [r3, #1]
    2386:	ab03      	tcmp	r3, #3
    2388:	c03b      	tjeq.n	2402 <irq_slave_system_timer+0xc6>
    238a:	0b29      	tloadr	r3, [pc, #164]	; (2430 <irq_slave_system_timer+0xf4>)
    238c:	4c9b      	tloadrb	r3, [r3, #18]
    238e:	ab00      	tcmp	r3, #0
    2390:	c11a      	tjne.n	23c8 <irq_slave_system_timer+0x8c>
    2392:	97ff 9f41 	tjl	2218 <blt_brx_post>
    2396:	4863      	tloadrb	r3, [r4, #1]
    2398:	f65a      	tshftls	r2, r3, #25
    239a:	c423      	tjmi.n	23e4 <irq_slave_system_timer+0xa8>
    239c:	0b25      	tloadr	r3, [pc, #148]	; (2434 <irq_slave_system_timer+0xf8>)
    239e:	499b      	tloadrb	r3, [r3, #6]
    23a0:	f65a      	tshftls	r2, r3, #25
    23a2:	c41a      	tjmi.n	23da <irq_slave_system_timer+0x9e>
    23a4:	a200      	tmovs	r2, #0
    23a6:	4422      	tstorerb	r2, [r4, #16]
    23a8:	4b63      	tloadrb	r3, [r4, #13]
    23aa:	ab08      	tcmp	r3, #8
    23ac:	c01f      	tjeq.n	23ee <irq_slave_system_timer+0xb2>
    23ae:	a380      	tmovs	r3, #128	; 0x80
    23b0:	f35b      	tshftls	r3, r3, #13
    23b2:	0921      	tloadr	r1, [pc, #132]	; (2438 <irq_slave_system_timer+0xfc>)
    23b4:	500b      	tstorer	r3, [r1, #0]
    23b6:	0b21      	tloadr	r3, [pc, #132]	; (243c <irq_slave_system_timer+0x100>)
    23b8:	5818      	tloadr	r0, [r3, #0]
    23ba:	0921      	tloadr	r1, [pc, #132]	; (2440 <irq_slave_system_timer+0x104>)
    23bc:	0001      	tands	r1, r0
    23be:	5019      	tstorer	r1, [r3, #0]
    23c0:	45e2      	tstorerb	r2, [r4, #23]
    23c2:	a3ff      	tmovs	r3, #255	; 0xff
    23c4:	4623      	tstorerb	r3, [r4, #24]
    23c6:	87be      	tj.n	2346 <irq_slave_system_timer+0xa>
    23c8:	0a14      	tloadr	r2, [pc, #80]	; (241c <irq_slave_system_timer+0xe0>)
    23ca:	5811      	tloadr	r1, [r2, #0]
    23cc:	ec1a      	tadds	r2, r3, #0
    23ce:	b219      	tadds	r2, #25
    23d0:	f1d2      	tshftls	r2, r2, #7
    23d2:	e852      	tadds	r2, r2, r1
    23d4:	0b13      	tloadr	r3, [pc, #76]	; (2424 <irq_slave_system_timer+0xe8>)
    23d6:	501a      	tstorer	r2, [r3, #0]
    23d8:	87b5      	tj.n	2346 <irq_slave_system_timer+0xa>
    23da:	a000      	tmovs	r0, #0
    23dc:	a100      	tmovs	r1, #0
    23de:	9009 9909 	tjl	b5f4 <blc_ll_switchScanChannel>
    23e2:	87df      	tj.n	23a4 <irq_slave_system_timer+0x68>
    23e4:	0b17      	tloadr	r3, [pc, #92]	; (2444 <irq_slave_system_timer+0x108>)
    23e6:	581b      	tloadr	r3, [r3, #0]
    23e8:	9000 982e 	tjl	2448 <irq_slave_system_timer+0x10c>
    23ec:	87d6      	tj.n	239c <irq_slave_system_timer+0x60>
    23ee:	0a0c      	tloadr	r2, [pc, #48]	; (2420 <irq_slave_system_timer+0xe4>)
    23f0:	5a11      	tloadr	r1, [r2, #32]
    23f2:	5c13      	tloadr	r3, [r2, #64]	; 0x40
    23f4:	eacb      	tsubs	r3, r1, r3
    23f6:	0a0b      	tloadr	r2, [pc, #44]	; (2424 <irq_slave_system_timer+0xe8>)
    23f8:	5013      	tstorer	r3, [r2, #0]
    23fa:	5263      	tstorer	r3, [r4, #36]	; 0x24
    23fc:	a301      	tmovs	r3, #1
    23fe:	45e3      	tstorerb	r3, [r4, #23]
    2400:	87a1      	tj.n	2346 <irq_slave_system_timer+0xa>
    2402:	0b06      	tloadr	r3, [pc, #24]	; (241c <irq_slave_system_timer+0xe0>)
    2404:	581a      	tloadr	r2, [r3, #0]
    2406:	a3fa      	tmovs	r3, #250	; 0xfa
    2408:	f1db      	tshftls	r3, r3, #7
    240a:	e8d2      	tadds	r2, r2, r3
    240c:	0b05      	tloadr	r3, [pc, #20]	; (2424 <irq_slave_system_timer+0xe8>)
    240e:	501a      	tstorer	r2, [r3, #0]
    2410:	8799      	tj.n	2346 <irq_slave_system_timer+0xa>
    2412:	46c0      	tnop			; (mov r8, r8)
    2414:	00843180 	taddeq	r3, r4, r0, lsl #3
    2418:	00800f20 	taddeq	r0, r0, r0, lsr #30
    241c:	00800740 	taddeq	r0, r0, r0, asr #14
    2420:	00843400 	taddeq	r3, r4, r0, lsl #8
    2424:	00800744 	taddeq	r0, r0, r4, asr #14
    2428:	00800448 	taddeq	r0, r0, r8, asr #8
    242c:	008433ec 	taddeq	r3, r4, ip, ror #7
    2430:	0084321c 	taddeq	r3, r4, ip, lsl r2
    2434:	00843574 	taddeq	r3, r4, r4, ror r5
    2438:	00800648 	taddeq	r0, r0, r8, asr #12
    243c:	00800640 	taddeq	r0, r0, r0, asr #12
    2440:	ffefffff 	undefined instruction 0xffefffff
    2444:	00843358 	taddeq	r3, r4, r8, asr r3
    2448:	0718      	tjex	r3
    244a:	46c0      	tnop			; (mov r8, r8)

0000244c <irq_blc_slave_rx_data>:
irq_blc_slave_rx_data():
    244c:	65f0      	tpush	{r4, r5, r6, r7, lr}
    244e:	0657      	tmov	r7, sl
    2450:	0646      	tmov	r6, r8
    2452:	64c0      	tpush	{r6, r7}
    2454:	4945      	tloadrb	r5, [r0, #5]
    2456:	4906      	tloadrb	r6, [r0, #4]
    2458:	0b54      	tloadr	r3, [pc, #336]	; (25ac <irq_blc_slave_rx_data+0x160>)
    245a:	4a5a      	tloadrb	r2, [r3, #9]
    245c:	aa00      	tcmp	r2, #0
    245e:	c015      	tjeq.n	248c <irq_blc_slave_rx_data+0x40>
    2460:	a402      	tmovs	r4, #2
    2462:	0a53      	tloadr	r2, [pc, #332]	; (25b0 <irq_blc_slave_rx_data+0x164>)
    2464:	4014      	tstorerb	r4, [r2, #0]
    2466:	a480      	tmovs	r4, #128	; 0x80
    2468:	0a52      	tloadr	r2, [pc, #328]	; (25b4 <irq_blc_slave_rx_data+0x168>)
    246a:	4014      	tstorerb	r4, [r2, #0]
    246c:	0a52      	tloadr	r2, [pc, #328]	; (25b8 <irq_blc_slave_rx_data+0x16c>)
    246e:	5814      	tloadr	r4, [r2, #0]
    2470:	a2c8      	tmovs	r2, #200	; 0xc8
    2472:	f092      	tshftls	r2, r2, #2
    2474:	e8a4      	tadds	r4, r4, r2
    2476:	0a51      	tloadr	r2, [pc, #324]	; (25bc <irq_blc_slave_rx_data+0x170>)
    2478:	5014      	tstorer	r4, [r2, #0]
    247a:	4b9c      	tloadrb	r4, [r3, #14]
    247c:	a200      	tmovs	r2, #0
    247e:	ac06      	tcmp	r4, #6
    2480:	c021      	tjeq.n	24c6 <irq_blc_slave_rx_data+0x7a>
    2482:	ec10      	tadds	r0, r2, #0
    2484:	6c0c      	tpop	{r2, r3}
    2486:	0690      	tmov	r8, r2
    2488:	069a      	tmov	sl, r3
    248a:	6df0      	tpop	{r4, r5, r6, r7, pc}
    248c:	0a48      	tloadr	r2, [pc, #288]	; (25b0 <irq_blc_slave_rx_data+0x164>)
    248e:	a401      	tmovs	r4, #1
    2490:	06a2      	tmov	sl, r4
    2492:	4014      	tstorerb	r4, [r2, #0]
    2494:	0f4a      	tloadr	r7, [pc, #296]	; (25c0 <irq_blc_slave_rx_data+0x174>)
    2496:	483f      	tloadrb	r7, [r7, #0]
    2498:	06bc      	tmov	ip, r7
    249a:	0f4a      	tloadr	r7, [pc, #296]	; (25c4 <irq_blc_slave_rx_data+0x178>)
    249c:	483c      	tloadrb	r4, [r7, #0]
    249e:	a710      	tmovs	r7, #16
    24a0:	003c      	tands	r4, r7
    24a2:	f064      	tshftls	r4, r4, #1
    24a4:	06a0      	tmov	r8, r4
    24a6:	0654      	tmov	r4, sl
    24a8:	0667      	tmov	r7, ip
    24aa:	003c      	tands	r4, r7
    24ac:	f124      	tshftls	r4, r4, #4
    24ae:	0647      	tmov	r7, r8
    24b0:	033c      	tors	r4, r7
    24b2:	4054      	tstorerb	r4, [r2, #1]
    24b4:	0c44      	tloadr	r4, [pc, #272]	; (25c8 <irq_blc_slave_rx_data+0x17c>)
    24b6:	4824      	tloadrb	r4, [r4, #0]
    24b8:	a70f      	tmovs	r7, #15
    24ba:	003c      	tands	r4, r7
    24bc:	4094      	tstorerb	r4, [r2, #2]
    24be:	4b9c      	tloadrb	r4, [r3, #14]
    24c0:	a200      	tmovs	r2, #0
    24c2:	ac06      	tcmp	r4, #6
    24c4:	c1dd      	tjne.n	2482 <irq_blc_slave_rx_data+0x36>
    24c6:	4a5b      	tloadrb	r3, [r3, #9]
    24c8:	ab00      	tcmp	r3, #0
    24ca:	c1da      	tjne.n	2482 <irq_blc_slave_rx_data+0x36>
    24cc:	0b3f      	tloadr	r3, [pc, #252]	; (25cc <irq_blc_slave_rx_data+0x180>)
    24ce:	581a      	tloadr	r2, [r3, #0]
    24d0:	0c3f      	tloadr	r4, [pc, #252]	; (25d0 <irq_blc_slave_rx_data+0x184>)
    24d2:	5c63      	tloadr	r3, [r4, #68]	; 0x44
    24d4:	ab00      	tcmp	r3, #0
    24d6:	c02b      	tjeq.n	2530 <irq_blc_slave_rx_data+0xe4>
    24d8:	0b3e      	tloadr	r3, [pc, #248]	; (25d4 <irq_blc_slave_rx_data+0x188>)
    24da:	0a37      	tloadr	r2, [pc, #220]	; (25b8 <irq_blc_slave_rx_data+0x16c>)
    24dc:	5812      	tloadr	r2, [r2, #0]
    24de:	521a      	tstorer	r2, [r3, #32]
    24e0:	4902      	tloadrb	r2, [r0, #4]
    24e2:	f8d2      	tshftrs	r2, r2, #3
    24e4:	a301      	tmovs	r3, #1
    24e6:	001a      	tands	r2, r3
    24e8:	49a1      	tloadrb	r1, [r4, #6]
    24ea:	0291      	tcmp	r1, r2
    24ec:	c038      	tjeq.n	2560 <irq_blc_slave_rx_data+0x114>
    24ee:	41a2      	tstorerb	r2, [r4, #6]
    24f0:	4065      	tstorerb	r5, [r4, #1]
    24f2:	a200      	tmovs	r2, #0
    24f4:	41e2      	tstorerb	r2, [r4, #7]
    24f6:	4223      	tstorerb	r3, [r4, #8]
    24f8:	ad00      	tcmp	r5, #0
    24fa:	c105      	tjne.n	2508 <irq_blc_slave_rx_data+0xbc>
    24fc:	a370      	tmovs	r3, #112	; 0x70
    24fe:	0a36      	tloadr	r2, [pc, #216]	; (25d8 <irq_blc_slave_rx_data+0x18c>)
    2500:	1cd3      	tloadrb	r3, [r2, r3]
    2502:	a200      	tmovs	r2, #0
    2504:	ab00      	tcmp	r3, #0
    2506:	c00b      	tjeq.n	2520 <irq_blc_slave_rx_data+0xd4>
    2508:	a340      	tmovs	r3, #64	; 0x40
    250a:	4083      	tstorerb	r3, [r0, #2]
    250c:	a303      	tmovs	r3, #3
    250e:	001e      	tands	r6, r3
    2510:	ae03      	tcmp	r6, #3
    2512:	c02f      	tjeq.n	2574 <irq_blc_slave_rx_data+0x128>
    2514:	a201      	tmovs	r2, #1
    2516:	ad00      	tcmp	r5, #0
    2518:	c002      	tjeq.n	2520 <irq_blc_slave_rx_data+0xd4>
    251a:	5d23      	tloadr	r3, [r4, #80]	; 0x50
    251c:	b301      	tadds	r3, #1
    251e:	5523      	tstorer	r3, [r4, #80]	; 0x50
    2520:	4a63      	tloadrb	r3, [r4, #9]
    2522:	ab00      	tcmp	r3, #0
    2524:	c0ad      	tjeq.n	2482 <irq_blc_slave_rx_data+0x36>
    2526:	a300      	tmovs	r3, #0
    2528:	4263      	tstorerb	r3, [r4, #9]
    252a:	092c      	tloadr	r1, [pc, #176]	; (25dc <irq_blc_slave_rx_data+0x190>)
    252c:	408b      	tstorerb	r3, [r1, #2]
    252e:	87a8      	tj.n	2482 <irq_blc_slave_rx_data+0x36>
    2530:	0b28      	tloadr	r3, [pc, #160]	; (25d4 <irq_blc_slave_rx_data+0x188>)
    2532:	491f      	tloadrb	r7, [r3, #4]
    2534:	af00      	tcmp	r7, #0
    2536:	c1d0      	tjne.n	24da <irq_blc_slave_rx_data+0x8e>
    2538:	ea89      	tsubs	r1, r1, r2
    253a:	068c      	tmov	ip, r1
    253c:	0f28      	tloadr	r7, [pc, #160]	; (25e0 <irq_blc_slave_rx_data+0x194>)
    253e:	49ff      	tloadrb	r7, [r7, #7]
    2540:	036f      	tmuls	r7, r5
    2542:	a1fa      	tmovs	r1, #250	; 0xfa
    2544:	f089      	tshftls	r1, r1, #2
    2546:	e87f      	tadds	r7, r7, r1
    2548:	f13f      	tshftls	r7, r7, #4
    254a:	05bc      	tcmp	ip, r7
    254c:	c2c5      	tjcs.n	24da <irq_blc_slave_rx_data+0x8e>
    254e:	0f25      	tloadr	r7, [pc, #148]	; (25e4 <irq_blc_slave_rx_data+0x198>)
    2550:	e9d2      	tadds	r2, r2, r7
    2552:	a101      	tmovs	r1, #1
    2554:	030a      	tors	r2, r1
    2556:	5462      	tstorer	r2, [r4, #68]	; 0x44
    2558:	a222      	tmovs	r2, #34	; 0x22
    255a:	0f20      	tloadr	r7, [pc, #128]	; (25dc <irq_blc_slave_rx_data+0x190>)
    255c:	14b9      	tstorerb	r1, [r7, r2]
    255e:	87bc      	tj.n	24da <irq_blc_slave_rx_data+0x8e>
    2560:	a200      	tmovs	r2, #0
    2562:	ad00      	tcmp	r5, #0
    2564:	c0dc      	tjeq.n	2520 <irq_blc_slave_rx_data+0xd4>
    2566:	4861      	tloadrb	r1, [r4, #1]
    2568:	a900      	tcmp	r1, #0
    256a:	c1d9      	tjne.n	2520 <irq_blc_slave_rx_data+0xd4>
    256c:	4065      	tstorerb	r5, [r4, #1]
    256e:	41e1      	tstorerb	r1, [r4, #7]
    2570:	4223      	tstorerb	r3, [r4, #8]
    2572:	87c9      	tj.n	2508 <irq_blc_slave_rx_data+0xbc>
    2574:	a32e      	tmovs	r3, #46	; 0x2e
    2576:	0a18      	tloadr	r2, [pc, #96]	; (25d8 <irq_blc_slave_rx_data+0x18c>)
    2578:	1cd3      	tloadrb	r3, [r2, r3]
    257a:	ab00      	tcmp	r3, #0
    257c:	c00c      	tjeq.n	2598 <irq_blc_slave_rx_data+0x14c>
    257e:	ad0c      	tcmp	r5, #12
    2580:	c007      	tjeq.n	2592 <irq_blc_slave_rx_data+0x146>
    2582:	ad09      	tcmp	r5, #9
    2584:	c005      	tjeq.n	2592 <irq_blc_slave_rx_data+0x146>
    2586:	ec2b      	tadds	r3, r5, #0
    2588:	bb10      	tsubs	r3, #16
    258a:	025a      	tnegs	r2, r3
    258c:	0153      	taddcs	r3, r2
    258e:	ab00      	tcmp	r3, #0
    2590:	c0c0      	tjeq.n	2514 <irq_blc_slave_rx_data+0xc8>
    2592:	9008 9e0f 	tjl	b1b4 <bls_ll_procUpdateReq>
    2596:	87bd      	tj.n	2514 <irq_blc_slave_rx_data+0xc8>
    2598:	ad08      	tcmp	r5, #8
    259a:	c0fa      	tjeq.n	2592 <irq_blc_slave_rx_data+0x146>
    259c:	ad05      	tcmp	r5, #5
    259e:	c0f8      	tjeq.n	2592 <irq_blc_slave_rx_data+0x146>
    25a0:	ec2b      	tadds	r3, r5, #0
    25a2:	bb0c      	tsubs	r3, #12
    25a4:	025a      	tnegs	r2, r3
    25a6:	0153      	taddcs	r3, r2
    25a8:	87f1      	tj.n	258e <irq_blc_slave_rx_data+0x142>
    25aa:	46c0      	tnop			; (mov r8, r8)
    25ac:	00843180 	taddeq	r3, r4, r0, lsl #3
    25b0:	008432a0 	taddeq	r3, r4, r0, lsr #5
    25b4:	00800f00 	taddeq	r0, r0, r0, lsl #30
    25b8:	00800740 	taddeq	r0, r0, r0, asr #14
    25bc:	00800744 	taddeq	r0, r0, r4, asr #14
    25c0:	00800f22 	taddeq	r0, r0, r2, lsr #30
    25c4:	00800f23 	taddeq	r0, r0, r3, lsr #30
    25c8:	00800c2a 	taddeq	r0, r0, sl, lsr #24
    25cc:	00800450 	taddeq	r0, r0, r0, asr r4
    25d0:	00843400 	taddeq	r3, r4, r0, lsl #8
    25d4:	00843360 	taddeq	r3, r4, r0, ror #6
    25d8:	00843480 	taddeq	r3, r4, r0, lsl #9
    25dc:	00843504 	taddeq	r3, r4, r4, lsl #10
    25e0:	008435a0 	taddeq	r3, r4, r0, lsr #11
    25e4:	fffffb00 	undefined instruction 0xfffffb00

000025e8 <blt_brx_sleep>:
blt_brx_sleep():
    25e8:	65f0      	tpush	{r4, r5, r6, r7, lr}
    25ea:	0657      	tmov	r7, sl
    25ec:	064e      	tmov	r6, r9
    25ee:	0645      	tmov	r5, r8
    25f0:	64e0      	tpush	{r5, r6, r7}
    25f2:	6081      	tsub	sp, #4
    25f4:	0c85      	tloadr	r4, [pc, #532]	; (280c <blt_brx_sleep+0x224>)
    25f6:	a300      	tmovs	r3, #0
    25f8:	2623      	tstorerh	r3, [r4, #48]	; 0x30
    25fa:	a322      	tmovs	r3, #34	; 0x22
    25fc:	1ce3      	tloadrb	r3, [r4, r3]
    25fe:	ab00      	tcmp	r3, #0
    2600:	c008      	tjeq.n	2614 <blt_brx_sleep+0x2c>
    2602:	0b83      	tloadr	r3, [pc, #524]	; (2810 <blt_brx_sleep+0x228>)
    2604:	581a      	tloadr	r2, [r3, #0]
    2606:	0883      	tloadr	r0, [pc, #524]	; (2814 <blt_brx_sleep+0x22c>)
    2608:	e812      	tadds	r2, r2, r0
    260a:	5aa3      	tloadr	r3, [r4, #40]	; 0x28
    260c:	ead2      	tsubs	r2, r2, r3
    260e:	0b82      	tloadr	r3, [pc, #520]	; (2818 <blt_brx_sleep+0x230>)
    2610:	029a      	tcmp	r2, r3
    2612:	c94f      	tjls.n	26b4 <blt_brx_sleep+0xcc>
    2614:	a300      	tmovs	r3, #0
    2616:	2163      	tstorerh	r3, [r4, #10]
    2618:	a320      	tmovs	r3, #32
    261a:	a200      	tmovs	r2, #0
    261c:	14e2      	tstorerb	r2, [r4, r3]
    261e:	0d7f      	tloadr	r5, [pc, #508]	; (281c <blt_brx_sleep+0x234>)
    2620:	4b6a      	tloadrb	r2, [r5, #13]
    2622:	aa01      	tcmp	r2, #1
    2624:	c100      	tjne.n	2628 <blt_brx_sleep+0x40>
    2626:	80c2      	tj.n	27ae <blt_brx_sleep+0x1c6>
    2628:	0e7d      	tloadr	r6, [pc, #500]	; (2820 <blt_brx_sleep+0x238>)
    262a:	5a31      	tloadr	r1, [r6, #32]
    262c:	5c32      	tloadr	r2, [r6, #64]	; 0x40
    262e:	ea8a      	tsubs	r2, r1, r2
    2630:	5362      	tstorer	r2, [r4, #52]	; 0x34
    2632:	4922      	tloadrb	r2, [r4, #4]
    2634:	f710      	tshftls	r0, r2, #28
    2636:	c443      	tjmi.n	26c0 <blt_brx_sleep+0xd8>
    2638:	a080      	tmovs	r0, #128	; 0x80
    263a:	f581      	tshftls	r1, r0, #22
    263c:	0688      	tmov	r8, r1
    263e:	a324      	tmovs	r3, #36	; 0x24
    2640:	1ce3      	tloadrb	r3, [r4, r3]
    2642:	ab00      	tcmp	r3, #0
    2644:	c107      	tjne.n	2656 <blt_brx_sleep+0x6e>
    2646:	a332      	tmovs	r3, #50	; 0x32
    2648:	1ce3      	tloadrb	r3, [r4, r3]
    264a:	ab00      	tcmp	r3, #0
    264c:	c103      	tjne.n	2656 <blt_brx_sleep+0x6e>
    264e:	4b6a      	tloadrb	r2, [r5, #13]
    2650:	aa08      	tcmp	r2, #8
    2652:	c100      	tjne.n	2656 <blt_brx_sleep+0x6e>
    2654:	80f4      	tj.n	2840 <blt_brx_sleep+0x258>
    2656:	a322      	tmovs	r3, #34	; 0x22
    2658:	1ce3      	tloadrb	r3, [r4, r3]
    265a:	ab00      	tcmp	r3, #0
    265c:	c100      	tjne.n	2660 <blt_brx_sleep+0x78>
    265e:	8089      	tj.n	2774 <blt_brx_sleep+0x18c>
    2660:	5aa6      	tloadr	r6, [r4, #40]	; 0x28
    2662:	5b62      	tloadr	r2, [r4, #52]	; 0x34
    2664:	eb92      	tsubs	r2, r2, r6
    2666:	0b6f      	tloadr	r3, [pc, #444]	; (2824 <blt_brx_sleep+0x23c>)
    2668:	029a      	tcmp	r2, r3
    266a:	c900      	tjls.n	266e <blt_brx_sleep+0x86>
    266c:	8082      	tj.n	2774 <blt_brx_sleep+0x18c>
    266e:	a301      	tmovs	r3, #1
    2670:	a223      	tmovs	r2, #35	; 0x23
    2672:	14a3      	tstorerb	r3, [r4, r2]
    2674:	4b6a      	tloadrb	r2, [r5, #13]
    2676:	aa08      	tcmp	r2, #8
    2678:	c100      	tjne.n	267c <blt_brx_sleep+0x94>
    267a:	8094      	tj.n	27a6 <blt_brx_sleep+0x1be>
    267c:	a201      	tmovs	r2, #1
    267e:	a324      	tmovs	r3, #36	; 0x24
    2680:	14e2      	tstorerb	r2, [r4, r3]
    2682:	4b6b      	tloadrb	r3, [r5, #13]
    2684:	ab08      	tcmp	r3, #8
    2686:	c100      	tjne.n	268a <blt_brx_sleep+0xa2>
    2688:	807f      	tj.n	278a <blt_brx_sleep+0x1a2>
    268a:	a200      	tmovs	r2, #0
    268c:	a325      	tmovs	r3, #37	; 0x25
    268e:	14e2      	tstorerb	r2, [r4, r3]
    2690:	4b6b      	tloadrb	r3, [r5, #13]
    2692:	ab01      	tcmp	r3, #1
    2694:	c019      	tjeq.n	26ca <blt_brx_sleep+0xe2>
    2696:	4b6b      	tloadrb	r3, [r5, #13]
    2698:	ab08      	tcmp	r3, #8
    269a:	c102      	tjne.n	26a2 <blt_brx_sleep+0xba>
    269c:	4923      	tloadrb	r3, [r4, #4]
    269e:	f79a      	tshftls	r2, r3, #30
    26a0:	c416      	tjmi.n	26d0 <blt_brx_sleep+0xe8>
    26a2:	9008 9f8b 	tjl	b5bc <blc_pm_proc_no_suspend>
    26a6:	a300      	tmovs	r3, #0
    26a8:	a223      	tmovs	r2, #35	; 0x23
    26aa:	14a3      	tstorerb	r3, [r4, r2]
    26ac:	4163      	tstorerb	r3, [r4, #5]
    26ae:	a301      	tmovs	r3, #1
    26b0:	025b      	tnegs	r3, r3
    26b2:	21e3      	tstorerh	r3, [r4, #14]
    26b4:	6001      	tadd	sp, #4
    26b6:	6c1c      	tpop	{r2, r3, r4}
    26b8:	0690      	tmov	r8, r2
    26ba:	0699      	tmov	r9, r3
    26bc:	06a2      	tmov	sl, r4
    26be:	6df0      	tpop	{r4, r5, r6, r7, pc}
    26c0:	59a1      	tloadr	r1, [r4, #24]
    26c2:	0688      	tmov	r8, r1
    26c4:	a201      	tmovs	r2, #1
    26c6:	14e2      	tstorerb	r2, [r4, r3]
    26c8:	87b9      	tj.n	263e <blt_brx_sleep+0x56>
    26ca:	4922      	tloadrb	r2, [r4, #4]
    26cc:	0213      	tnand	r3, r2
    26ce:	c0e2      	tjeq.n	2696 <blt_brx_sleep+0xae>
    26d0:	52e6      	tstorer	r6, [r4, #44]	; 0x2c
    26d2:	0f55      	tloadr	r7, [pc, #340]	; (2828 <blt_brx_sleep+0x240>)
    26d4:	583b      	tloadr	r3, [r7, #0]
    26d6:	a00e      	tmovs	r0, #14
    26d8:	a100      	tmovs	r1, #0
    26da:	a200      	tmovs	r2, #0
    26dc:	9000 99d2 	tjl	2a84 <blt_brx_sleep+0x49c>
    26e0:	a320      	tmovs	r3, #32
    26e2:	1ce3      	tloadrb	r3, [r4, r3]
    26e4:	a200      	tmovs	r2, #0
    26e6:	ab00      	tcmp	r3, #0
    26e8:	c00b      	tjeq.n	2702 <blt_brx_sleep+0x11a>
    26ea:	0b49      	tloadr	r3, [pc, #292]	; (2810 <blt_brx_sleep+0x228>)
    26ec:	5819      	tloadr	r1, [r3, #0]
    26ee:	ea71      	tsubs	r1, r6, r1
    26f0:	0643      	tmov	r3, r8
    26f2:	eac9      	tsubs	r1, r1, r3
    26f4:	0b4b      	tloadr	r3, [pc, #300]	; (2824 <blt_brx_sleep+0x23c>)
    26f6:	0299      	tcmp	r1, r3
    26f8:	c803      	tjhi.n	2702 <blt_brx_sleep+0x11a>
    26fa:	59e3      	tloadr	r3, [r4, #28]
    26fc:	eaf6      	tsubs	r6, r6, r3
    26fe:	a321      	tmovs	r3, #33	; 0x21
    2700:	1ce2      	tloadrb	r2, [r4, r3]
    2702:	a33c      	tmovs	r3, #60	; 0x3c
    2704:	1ce3      	tloadrb	r3, [r4, r3]
    2706:	a000      	tmovs	r0, #0
    2708:	ab00      	tcmp	r3, #0
    270a:	c061      	tjeq.n	27d0 <blt_brx_sleep+0x1e8>
    270c:	4961      	tloadrb	r1, [r4, #5]
    270e:	a340      	tmovs	r3, #64	; 0x40
    2710:	0319      	tors	r1, r3
    2712:	f609      	tshftls	r1, r1, #24
    2714:	fe09      	tshftrs	r1, r1, #24
    2716:	2e23      	tloadrh	r3, [r4, #48]	; 0x30
    2718:	0319      	tors	r1, r3
    271a:	0b44      	tloadr	r3, [pc, #272]	; (282c <blt_brx_sleep+0x244>)
    271c:	581b      	tloadr	r3, [r3, #0]
    271e:	ec32      	tadds	r2, r6, #0
    2720:	9000 99b0 	tjl	2a84 <blt_brx_sleep+0x49c>
    2724:	3000      	tstorer	r0, [sp, #0]
    2726:	f041      	tshftls	r1, r0, #1
    2728:	c44b      	tjmi.n	27c2 <blt_brx_sleep+0x1da>
    272a:	97fe 9cc7 	tjl	10bc <rf_ble_1m_param_init>
    272e:	a201      	tmovs	r2, #1
    2730:	0690      	tmov	r8, r2
    2732:	0b3f      	tloadr	r3, [pc, #252]	; (2830 <blt_brx_sleep+0x248>)
    2734:	411a      	tstorerb	r2, [r3, #4]
    2736:	066e      	tmov	r6, sp
    2738:	583b      	tloadr	r3, [r7, #0]
    273a:	a00f      	tmovs	r0, #15
    273c:	0669      	tmov	r1, sp
    273e:	9000 99a1 	tjl	2a84 <blt_brx_sleep+0x49c>
    2742:	3b00      	tloadr	r3, [sp, #0]
    2744:	a20a      	tmovs	r2, #10
    2746:	001a      	tands	r2, r3
    2748:	aa08      	tcmp	r2, #8
    274a:	c050      	tjeq.n	27ee <blt_brx_sleep+0x206>
    274c:	ab80      	tcmp	r3, #128	; 0x80
    274e:	c04e      	tjeq.n	27ee <blt_brx_sleep+0x206>
    2750:	f799      	tshftls	r1, r3, #30
    2752:	c5a8      	tjpl.n	26a6 <blt_brx_sleep+0xbe>
    2754:	a323      	tmovs	r3, #35	; 0x23
    2756:	1ce3      	tloadrb	r3, [r4, r3]
    2758:	ab00      	tcmp	r3, #0
    275a:	c100      	tjne.n	275e <blt_brx_sleep+0x176>
    275c:	80f4      	tj.n	2948 <blt_brx_sleep+0x360>
    275e:	5ba3      	tloadr	r3, [r4, #56]	; 0x38
    2760:	ab00      	tcmp	r3, #0
    2762:	c002      	tjeq.n	276a <blt_brx_sleep+0x182>
    2764:	a001      	tmovs	r0, #1
    2766:	9000 998d 	tjl	2a84 <blt_brx_sleep+0x49c>
    276a:	a301      	tmovs	r3, #1
    276c:	a224      	tmovs	r2, #36	; 0x24
    276e:	14a3      	tstorerb	r3, [r4, r2]
    2770:	41e3      	tstorerb	r3, [r4, #7]
    2772:	8798      	tj.n	26a6 <blt_brx_sleep+0xbe>
    2774:	a323      	tmovs	r3, #35	; 0x23
    2776:	1ce3      	tloadrb	r3, [r4, r3]
    2778:	ab00      	tcmp	r3, #0
    277a:	c116      	tjne.n	27aa <blt_brx_sleep+0x1c2>
    277c:	a224      	tmovs	r2, #36	; 0x24
    277e:	14a3      	tstorerb	r3, [r4, r2]
    2780:	5b66      	tloadr	r6, [r4, #52]	; 0x34
    2782:	4b6b      	tloadrb	r3, [r5, #13]
    2784:	ab08      	tcmp	r3, #8
    2786:	c000      	tjeq.n	278a <blt_brx_sleep+0x1a2>
    2788:	877f      	tj.n	268a <blt_brx_sleep+0xa2>
    278a:	a326      	tmovs	r3, #38	; 0x26
    278c:	1ce3      	tloadrb	r3, [r4, r3]
    278e:	ab00      	tcmp	r3, #0
    2790:	c120      	tjne.n	27d4 <blt_brx_sleep+0x1ec>
    2792:	a325      	tmovs	r3, #37	; 0x25
    2794:	1ce3      	tloadrb	r3, [r4, r3]
    2796:	ab00      	tcmp	r3, #0
    2798:	c100      	tjne.n	279c <blt_brx_sleep+0x1b4>
    279a:	8779      	tj.n	2690 <blt_brx_sleep+0xa8>
    279c:	2e23      	tloadrh	r3, [r4, #48]	; 0x30
    279e:	0a25      	tloadr	r2, [pc, #148]	; (2834 <blt_brx_sleep+0x24c>)
    27a0:	0313      	tors	r3, r2
    27a2:	2623      	tstorerh	r3, [r4, #48]	; 0x30
    27a4:	8774      	tj.n	2690 <blt_brx_sleep+0xa8>
    27a6:	a225      	tmovs	r2, #37	; 0x25
    27a8:	14a3      	tstorerb	r3, [r4, r2]
    27aa:	5aa6      	tloadr	r6, [r4, #40]	; 0x28
    27ac:	8766      	tj.n	267c <blt_brx_sleep+0x94>
    27ae:	0922      	tloadr	r1, [pc, #136]	; (2838 <blt_brx_sleep+0x250>)
    27b0:	5809      	tloadr	r1, [r1, #0]
    27b2:	5361      	tstorer	r1, [r4, #52]	; 0x34
    27b4:	4921      	tloadrb	r1, [r4, #4]
    27b6:	f748      	tshftls	r0, r1, #29
    27b8:	c515      	tjpl.n	27e6 <blt_brx_sleep+0x1fe>
    27ba:	5961      	tloadr	r1, [r4, #20]
    27bc:	0688      	tmov	r8, r1
    27be:	14e2      	tstorerb	r2, [r4, r3]
    27c0:	873d      	tj.n	263e <blt_brx_sleep+0x56>
    27c2:	0b1e      	tloadr	r3, [pc, #120]	; (283c <blt_brx_sleep+0x254>)
    27c4:	0018      	tands	r0, r3
    27c6:	3000      	tstorer	r0, [sp, #0]
    27c8:	a200      	tmovs	r2, #0
    27ca:	a326      	tmovs	r3, #38	; 0x26
    27cc:	14e2      	tstorerb	r2, [r4, r3]
    27ce:	87ac      	tj.n	272a <blt_brx_sleep+0x142>
    27d0:	ec10      	tadds	r0, r2, #0
    27d2:	879b      	tj.n	270c <blt_brx_sleep+0x124>
    27d4:	a200      	tmovs	r2, #0
    27d6:	a325      	tmovs	r3, #37	; 0x25
    27d8:	14e2      	tstorerb	r2, [r4, r3]
    27da:	2e22      	tloadrh	r2, [r4, #48]	; 0x30
    27dc:	a380      	tmovs	r3, #128	; 0x80
    27de:	f1db      	tshftls	r3, r3, #7
    27e0:	0313      	tors	r3, r2
    27e2:	2623      	tstorerh	r3, [r4, #48]	; 0x30
    27e4:	8754      	tj.n	2690 <blt_brx_sleep+0xa8>
    27e6:	a280      	tmovs	r2, #128	; 0x80
    27e8:	f593      	tshftls	r3, r2, #22
    27ea:	0698      	tmov	r8, r3
    27ec:	8727      	tj.n	263e <blt_brx_sleep+0x56>
    27ee:	2960      	tloadrh	r0, [r4, #10]
    27f0:	ec31      	tadds	r1, r6, #0
    27f2:	9008 9dff 	tjl	b3f4 <bls_pm_procGpioEarlyWakeup>
    27f6:	a200      	tmovs	r2, #0
    27f8:	a324      	tmovs	r3, #36	; 0x24
    27fa:	14e2      	tstorerb	r2, [r4, r3]
    27fc:	3b00      	tloadr	r3, [sp, #0]
    27fe:	ab80      	tcmp	r3, #128	; 0x80
    2800:	c000      	tjeq.n	2804 <blt_brx_sleep+0x21c>
    2802:	8750      	tj.n	26a6 <blt_brx_sleep+0xbe>
    2804:	a301      	tmovs	r3, #1
    2806:	442b      	tstorerb	r3, [r5, #16]
    2808:	874d      	tj.n	26a6 <blt_brx_sleep+0xbe>
    280a:	46c0      	tnop			; (mov r8, r8)
    280c:	00843500 	taddeq	r3, r4, r0, lsl #10
    2810:	00800740 	taddeq	r0, r0, r0, asr #14
    2814:	000060e0 	tandeq	r6, r0, r0, ror #1
    2818:	03ffffff 	tmovnseq	pc, #1020	; 0x3fc
    281c:	00843180 	taddeq	r3, r4, r0, lsl #3
    2820:	00843400 	taddeq	r3, r4, r0, lsl #8
    2824:	3fffffff 	tservcc	0x00ffffff
    2828:	00843238 	taddeq	r3, r4, r8, lsr r2
    282c:	00848f90 	umulleq	r8, r4, r0, pc
    2830:	008435a0 	taddeq	r3, r4, r0, lsr #11
    2834:	ffff8000 	undefined instruction 0xffff8000
    2838:	008432c8 	taddeq	r3, r4, r8, asr #5
    283c:	bfffffff 	tservlt	0x00ffffff
    2840:	4922      	tloadrb	r2, [r4, #4]
    2842:	f790      	tshftls	r0, r2, #30
    2844:	c400      	tjmi.n	2848 <blt_brx_sleep+0x260>
    2846:	8706      	tj.n	2656 <blt_brx_sleep+0x6e>
    2848:	21a3      	tstorerh	r3, [r4, #12]
    284a:	5a2b      	tloadr	r3, [r5, #32]
    284c:	ab00      	tcmp	r3, #0
    284e:	c000      	tjeq.n	2852 <blt_brx_sleep+0x26a>
    2850:	80a6      	tj.n	29a0 <blt_brx_sleep+0x3b8>
    2852:	0e84      	tloadr	r6, [pc, #528]	; (2a64 <blt_brx_sleep+0x47c>)
    2854:	5b33      	tloadr	r3, [r6, #48]	; 0x30
    2856:	ab00      	tcmp	r3, #0
    2858:	c000      	tjeq.n	285c <blt_brx_sleep+0x274>
    285a:	80c4      	tj.n	29e6 <blt_brx_sleep+0x3fe>
    285c:	a301      	tmovs	r3, #1
    285e:	0f82      	tloadr	r7, [pc, #520]	; (2a68 <blt_brx_sleep+0x480>)
    2860:	4263      	tstorerb	r3, [r4, #9]
    2862:	a120      	tmovs	r1, #32
    2864:	068a      	tmov	sl, r1
    2866:	1c62      	tloadrb	r2, [r4, r1]
    2868:	aa00      	tcmp	r2, #0
    286a:	c000      	tjeq.n	286e <blt_brx_sleep+0x286>
    286c:	80aa      	tj.n	29c4 <blt_brx_sleep+0x3dc>
    286e:	a200      	tmovs	r2, #0
    2870:	4222      	tstorerb	r2, [r4, #8]
    2872:	ab00      	tcmp	r3, #0
    2874:	c000      	tjeq.n	2878 <blt_brx_sleep+0x290>
    2876:	807d      	tj.n	2974 <blt_brx_sleep+0x38c>
    2878:	487b      	tloadrb	r3, [r7, #1]
    287a:	ab00      	tcmp	r3, #0
    287c:	c100      	tjne.n	2880 <blt_brx_sleep+0x298>
    287e:	809f      	tj.n	29c0 <blt_brx_sleep+0x3d8>
    2880:	2bfa      	tloadrh	r2, [r7, #30]
    2882:	ba01      	tsubs	r2, #1
    2884:	2bbb      	tloadrh	r3, [r7, #28]
    2886:	ead2      	tsubs	r2, r2, r3
    2888:	f412      	tshftls	r2, r2, #16
    288a:	fc13      	tshftrs	r3, r2, #16
    288c:	e412      	tasrs	r2, r2, #16
    288e:	aa00      	tcmp	r2, #0
    2890:	cd6e      	tjle.n	2970 <blt_brx_sleep+0x388>
    2892:	5b31      	tloadr	r1, [r6, #48]	; 0x30
    2894:	028a      	tcmp	r2, r1
    2896:	c300      	tjcc.n	289a <blt_brx_sleep+0x2b2>
    2898:	8092      	tj.n	29c0 <blt_brx_sleep+0x3d8>
    289a:	21a3      	tstorerh	r3, [r4, #12]
    289c:	ab00      	tcmp	r3, #0
    289e:	c101      	tjne.n	28a4 <blt_brx_sleep+0x2bc>
    28a0:	2e33      	tloadrh	r3, [r6, #48]	; 0x30
    28a2:	21a3      	tstorerh	r3, [r4, #12]
    28a4:	29e1      	tloadrh	r1, [r4, #14]
    28a6:	ec1a      	tadds	r2, r3, #0
    28a8:	028b      	tcmp	r3, r1
    28aa:	c900      	tjls.n	28ae <blt_brx_sleep+0x2c6>
    28ac:	ec0a      	tadds	r2, r1, #0
    28ae:	f412      	tshftls	r2, r2, #16
    28b0:	fc12      	tshftrs	r2, r2, #16
    28b2:	0692      	tmov	sl, r2
    28b4:	2222      	tstorerh	r2, [r4, #16]
    28b6:	2262      	tstorerh	r2, [r4, #18]
    28b8:	5af3      	tloadr	r3, [r6, #44]	; 0x2c
    28ba:	a101      	tmovs	r1, #1
    28bc:	ec0a      	tadds	r2, r1, #0
    28be:	0452      	tadd	r2, sl
    28c0:	ec18      	tadds	r0, r3, #0
    28c2:	0350      	tmuls	r0, r2
    28c4:	0969      	tloadr	r1, [pc, #420]	; (2a6c <blt_brx_sleep+0x484>)
    28c6:	0288      	tcmp	r0, r1
    28c8:	c876      	tjhi.n	29b8 <blt_brx_sleep+0x3d0>
    28ca:	2962      	tloadrh	r2, [r4, #10]
    28cc:	ec18      	tadds	r0, r3, #0
    28ce:	0653      	tmov	r3, sl
    28d0:	0343      	tmuls	r3, r0
    28d2:	5a31      	tloadr	r1, [r6, #32]
    28d4:	e85b      	tadds	r3, r3, r1
    28d6:	5a71      	tloadr	r1, [r6, #36]	; 0x24
    28d8:	034a      	tmuls	r2, r1
    28da:	e89b      	tadds	r3, r3, r2
    28dc:	0699      	tmov	r9, r3
    28de:	5233      	tstorer	r3, [r6, #32]
    28e0:	4af8      	tloadrb	r0, [r7, #11]
    28e2:	0450      	tadd	r0, sl
    28e4:	a125      	tmovs	r1, #37	; 0x25
    28e6:	97fd 9c73 	tjl	1d0 <__modsi3>
    28ea:	42f8      	tstorerb	r0, [r7, #11]
    28ec:	2bbb      	tloadrh	r3, [r7, #28]
    28ee:	0453      	tadd	r3, sl
    28f0:	23bb      	tstorerh	r3, [r7, #28]
    28f2:	5c73      	tloadr	r3, [r6, #68]	; 0x44
    28f4:	ab00      	tcmp	r3, #0
    28f6:	c001      	tjeq.n	28fc <blt_brx_sleep+0x314>
    28f8:	a300      	tmovs	r3, #0
    28fa:	40f3      	tstorerb	r3, [r6, #3]
    28fc:	0b5c      	tloadr	r3, [pc, #368]	; (2a70 <blt_brx_sleep+0x488>)
    28fe:	581b      	tloadr	r3, [r3, #0]
    2900:	0649      	tmov	r1, r9
    2902:	eacb      	tsubs	r3, r1, r3
    2904:	0a5b      	tloadr	r2, [pc, #364]	; (2a74 <blt_brx_sleep+0x48c>)
    2906:	0293      	tcmp	r3, r2
    2908:	c94e      	tjls.n	29a8 <blt_brx_sleep+0x3c0>
    290a:	48f2      	tloadrb	r2, [r6, #3]
    290c:	0692      	tmov	sl, r2
    290e:	0b5a      	tloadr	r3, [pc, #360]	; (2a78 <blt_brx_sleep+0x490>)
    2910:	485b      	tloadrb	r3, [r3, #1]
    2912:	ab00      	tcmp	r3, #0
    2914:	c030      	tjeq.n	2978 <blt_brx_sleep+0x390>
    2916:	a000      	tmovs	r0, #0
    2918:	0582      	tcmp	sl, r0
    291a:	c11a      	tjne.n	2952 <blt_brx_sleep+0x36a>
    291c:	5c33      	tloadr	r3, [r6, #64]	; 0x40
    291e:	4aba      	tloadrb	r2, [r7, #10]
    2920:	aa00      	tcmp	r2, #0
    2922:	c002      	tjeq.n	292a <blt_brx_sleep+0x342>
    2924:	b341      	tadds	r3, #65	; 0x41
    2926:	b3ff      	tadds	r3, #255	; 0xff
    2928:	5433      	tstorer	r3, [r6, #64]	; 0x40
    292a:	0a54      	tloadr	r2, [pc, #336]	; (2a7c <blt_brx_sleep+0x494>)
    292c:	4852      	tloadrb	r2, [r2, #1]
    292e:	aa01      	tcmp	r2, #1
    2930:	c000      	tjeq.n	2934 <blt_brx_sleep+0x34c>
    2932:	b3a0      	tadds	r3, #160	; 0xa0
    2934:	b3e1      	tadds	r3, #225	; 0xe1
    2936:	b3ff      	tadds	r3, #255	; 0xff
    2938:	5433      	tstorer	r3, [r6, #64]	; 0x40
    293a:	5a32      	tloadr	r2, [r6, #32]
    293c:	ead3      	tsubs	r3, r2, r3
    293e:	5363      	tstorer	r3, [r4, #52]	; 0x34
    2940:	526b      	tstorer	r3, [r5, #36]	; 0x24
    2942:	0a4f      	tloadr	r2, [pc, #316]	; (2a80 <blt_brx_sleep+0x498>)
    2944:	5013      	tstorer	r3, [r2, #0]
    2946:	8686      	tj.n	2656 <blt_brx_sleep+0x6e>
    2948:	a224      	tmovs	r2, #36	; 0x24
    294a:	14a3      	tstorerb	r3, [r4, r2]
    294c:	0642      	tmov	r2, r8
    294e:	442a      	tstorerb	r2, [r5, #16]
    2950:	86a9      	tj.n	26a6 <blt_brx_sleep+0xbe>
    2952:	9008 9d2d 	tjl	b3b0 <blc_pm_get_brx_early_time>
    2956:	a101      	tmovs	r1, #1
    2958:	0249      	tnegs	r1, r1
    295a:	ec0b      	tadds	r3, r1, #0
    295c:	0453      	tadd	r3, sl
    295e:	0358      	tmuls	r0, r3
    2960:	5c33      	tloadr	r3, [r6, #64]	; 0x40
    2962:	e8c3      	tadds	r3, r0, r3
    2964:	5433      	tstorer	r3, [r6, #64]	; 0x40
    2966:	f040      	tshftls	r0, r0, #1
    2968:	5b72      	tloadr	r2, [r6, #52]	; 0x34
    296a:	e880      	tadds	r0, r0, r2
    296c:	5370      	tstorer	r0, [r6, #52]	; 0x34
    296e:	87d6      	tj.n	291e <blt_brx_sleep+0x336>
    2970:	a301      	tmovs	r3, #1
    2972:	4263      	tstorerb	r3, [r4, #9]
    2974:	29a3      	tloadrh	r3, [r4, #12]
    2976:	8795      	tj.n	28a4 <blt_brx_sleep+0x2bc>
    2978:	a203      	tmovs	r2, #3
    297a:	0592      	tcmp	sl, r2
    297c:	c051      	tjeq.n	2a22 <blt_brx_sleep+0x43a>
    297e:	a202      	tmovs	r2, #2
    2980:	0592      	tcmp	sl, r2
    2982:	c060      	tjeq.n	2a46 <blt_brx_sleep+0x45e>
    2984:	a201      	tmovs	r2, #1
    2986:	0592      	tcmp	sl, r2
    2988:	c1c8      	tjne.n	291c <blt_brx_sleep+0x334>
    298a:	5c33      	tloadr	r3, [r6, #64]	; 0x40
    298c:	a0c8      	tmovs	r0, #200	; 0xc8
    298e:	f100      	tshftls	r0, r0, #4
    2990:	e81b      	tadds	r3, r3, r0
    2992:	5433      	tstorer	r3, [r6, #64]	; 0x40
    2994:	5b72      	tloadr	r2, [r6, #52]	; 0x34
    2996:	a1c8      	tmovs	r1, #200	; 0xc8
    2998:	f149      	tshftls	r1, r1, #5
    299a:	e852      	tadds	r2, r2, r1
    299c:	5372      	tstorer	r2, [r6, #52]	; 0x34
    299e:	87be      	tj.n	291e <blt_brx_sleep+0x336>
    29a0:	a301      	tmovs	r3, #1
    29a2:	0e30      	tloadr	r6, [pc, #192]	; (2a64 <blt_brx_sleep+0x47c>)
    29a4:	0f30      	tloadr	r7, [pc, #192]	; (2a68 <blt_brx_sleep+0x480>)
    29a6:	875b      	tj.n	2860 <blt_brx_sleep+0x278>
    29a8:	a280      	tmovs	r2, #128	; 0x80
    29aa:	f492      	tshftls	r2, r2, #18
    29ac:	0293      	tcmp	r3, r2
    29ae:	c912      	tjls.n	29d6 <blt_brx_sleep+0x3ee>
    29b0:	a303      	tmovs	r3, #3
    29b2:	40f3      	tstorerb	r3, [r6, #3]
    29b4:	069a      	tmov	sl, r3
    29b6:	87aa      	tj.n	290e <blt_brx_sleep+0x326>
    29b8:	f412      	tshftls	r2, r2, #16
    29ba:	fc12      	tshftrs	r2, r2, #16
    29bc:	2162      	tstorerh	r2, [r4, #10]
    29be:	8785      	tj.n	28cc <blt_brx_sleep+0x2e4>
    29c0:	29a3      	tloadrh	r3, [r4, #12]
    29c2:	876b      	tj.n	289c <blt_brx_sleep+0x2b4>
    29c4:	97ff 98b6 	tjl	1b34 <blc_ll_getTxFifoNumber>
    29c8:	a800      	tcmp	r0, #0
    29ca:	c002      	tjeq.n	29d2 <blt_brx_sleep+0x3ea>
    29cc:	a300      	tmovs	r3, #0
    29ce:	0652      	tmov	r2, sl
    29d0:	14a3      	tstorerb	r3, [r4, r2]
    29d2:	4a63      	tloadrb	r3, [r4, #9]
    29d4:	874b      	tj.n	286e <blt_brx_sleep+0x286>
    29d6:	a280      	tmovs	r2, #128	; 0x80
    29d8:	f452      	tshftls	r2, r2, #17
    29da:	0293      	tcmp	r3, r2
    29dc:	c92c      	tjls.n	2a38 <blt_brx_sleep+0x450>
    29de:	a302      	tmovs	r3, #2
    29e0:	40f3      	tstorerb	r3, [r6, #3]
    29e2:	069a      	tmov	sl, r3
    29e4:	8793      	tj.n	290e <blt_brx_sleep+0x326>
    29e6:	97ff 98a5 	tjl	1b34 <blc_ll_getTxFifoNumber>
    29ea:	a800      	tcmp	r0, #0
    29ec:	c000      	tjeq.n	29f0 <blt_brx_sleep+0x408>
    29ee:	8735      	tj.n	285c <blt_brx_sleep+0x274>
    29f0:	5c73      	tloadr	r3, [r6, #68]	; 0x44
    29f2:	ab00      	tcmp	r3, #0
    29f4:	c100      	tjne.n	29f8 <blt_brx_sleep+0x410>
    29f6:	8731      	tj.n	285c <blt_brx_sleep+0x274>
    29f8:	4a33      	tloadrb	r3, [r6, #8]
    29fa:	ab00      	tcmp	r3, #0
    29fc:	c100      	tjne.n	2a00 <blt_brx_sleep+0x418>
    29fe:	872d      	tj.n	285c <blt_brx_sleep+0x274>
    2a00:	4bf3      	tloadrb	r3, [r6, #15]
    2a02:	ab00      	tcmp	r3, #0
    2a04:	c000      	tjeq.n	2a08 <blt_brx_sleep+0x420>
    2a06:	8729      	tj.n	285c <blt_brx_sleep+0x274>
    2a08:	4a23      	tloadrb	r3, [r4, #8]
    2a0a:	ab00      	tcmp	r3, #0
    2a0c:	c000      	tjeq.n	2a10 <blt_brx_sleep+0x428>
    2a0e:	8725      	tj.n	285c <blt_brx_sleep+0x274>
    2a10:	0f15      	tloadr	r7, [pc, #84]	; (2a68 <blt_brx_sleep+0x480>)
    2a12:	487a      	tloadrb	r2, [r7, #1]
    2a14:	aa00      	tcmp	r2, #0
    2a16:	c100      	tjne.n	2a1a <blt_brx_sleep+0x432>
    2a18:	8722      	tj.n	2860 <blt_brx_sleep+0x278>
    2a1a:	49f3      	tloadrb	r3, [r6, #7]
    2a1c:	ee5a      	tsubs	r2, r3, #1
    2a1e:	0193      	tsubcs	r3, r2
    2a20:	871e      	tj.n	2860 <blt_brx_sleep+0x278>
    2a22:	5c33      	tloadr	r3, [r6, #64]	; 0x40
    2a24:	a0fa      	tmovs	r0, #250	; 0xfa
    2a26:	f140      	tshftls	r0, r0, #5
    2a28:	e81b      	tadds	r3, r3, r0
    2a2a:	5433      	tstorer	r3, [r6, #64]	; 0x40
    2a2c:	5b72      	tloadr	r2, [r6, #52]	; 0x34
    2a2e:	a1fa      	tmovs	r1, #250	; 0xfa
    2a30:	f189      	tshftls	r1, r1, #6
    2a32:	e852      	tadds	r2, r2, r1
    2a34:	5372      	tstorer	r2, [r6, #52]	; 0x34
    2a36:	8772      	tj.n	291e <blt_brx_sleep+0x336>
    2a38:	a280      	tmovs	r2, #128	; 0x80
    2a3a:	f412      	tshftls	r2, r2, #16
    2a3c:	0293      	tcmp	r3, r2
    2a3e:	c80d      	tjhi.n	2a5c <blt_brx_sleep+0x474>
    2a40:	48f3      	tloadrb	r3, [r6, #3]
    2a42:	069a      	tmov	sl, r3
    2a44:	8763      	tj.n	290e <blt_brx_sleep+0x326>
    2a46:	5c33      	tloadr	r3, [r6, #64]	; 0x40
    2a48:	a096      	tmovs	r0, #150	; 0x96
    2a4a:	f140      	tshftls	r0, r0, #5
    2a4c:	e81b      	tadds	r3, r3, r0
    2a4e:	5433      	tstorer	r3, [r6, #64]	; 0x40
    2a50:	5b72      	tloadr	r2, [r6, #52]	; 0x34
    2a52:	a196      	tmovs	r1, #150	; 0x96
    2a54:	f189      	tshftls	r1, r1, #6
    2a56:	e852      	tadds	r2, r2, r1
    2a58:	5372      	tstorer	r2, [r6, #52]	; 0x34
    2a5a:	8760      	tj.n	291e <blt_brx_sleep+0x336>
    2a5c:	a301      	tmovs	r3, #1
    2a5e:	40f3      	tstorerb	r3, [r6, #3]
    2a60:	069a      	tmov	sl, r3
    2a62:	8754      	tj.n	290e <blt_brx_sleep+0x326>
    2a64:	00843400 	taddeq	r3, r4, r0, lsl #8
    2a68:	00843360 	taddeq	r3, r4, r0, ror #6
    2a6c:	00186a00 	tandseq	r6, r8, r0, lsl #20
    2a70:	00800740 	taddeq	r0, r0, r0, asr #14
    2a74:	3fffffff 	tservcc	0x00ffffff
    2a78:	00843150 	taddeq	r3, r4, r0, asr r1
    2a7c:	008433ec 	taddeq	r3, r4, ip, ror #7
    2a80:	00800744 	taddeq	r0, r0, r4, asr #14
    2a84:	0718      	tjex	r3
    2a86:	46c0      	tnop			; (mov r8, r8)

00002a88 <ll_searchAddr_in_WhiteList_and_ResolvingList>:
ll_searchAddr_in_WhiteList_and_ResolvingList():
    2a88:	65f0      	tpush	{r4, r5, r6, r7, lr}
    2a8a:	ec0c      	tadds	r4, r1, #0
    2a8c:	f600      	tshftls	r0, r0, #24
    2a8e:	fe00      	tshftrs	r0, r0, #24
    2a90:	0d26      	tloadr	r5, [pc, #152]	; (2b2c <ll_searchAddr_in_WhiteList_and_ResolvingList+0xa4>)
    2a92:	a320      	tmovs	r3, #32
    2a94:	1cee      	tloadrb	r6, [r5, r3]
    2a96:	ae00      	tcmp	r6, #0
    2a98:	c024      	tjeq.n	2ae4 <ll_searchAddr_in_WhiteList_and_ResolvingList+0x5c>
    2a9a:	ec2b      	tadds	r3, r5, #0
    2a9c:	a200      	tmovs	r2, #0
    2a9e:	8003      	tj.n	2aa8 <ll_searchAddr_in_WhiteList_and_ResolvingList+0x20>
    2aa0:	b201      	tadds	r2, #1
    2aa2:	b308      	tadds	r3, #8
    2aa4:	02b2      	tcmp	r2, r6
    2aa6:	ca1d      	tjge.n	2ae4 <ll_searchAddr_in_WhiteList_and_ResolvingList+0x5c>
    2aa8:	4819      	tloadrb	r1, [r3, #0]
    2aaa:	0281      	tcmp	r1, r0
    2aac:	c1f8      	tjne.n	2aa0 <ll_searchAddr_in_WhiteList_and_ResolvingList+0x18>
    2aae:	485f      	tloadrb	r7, [r3, #1]
    2ab0:	4821      	tloadrb	r1, [r4, #0]
    2ab2:	028f      	tcmp	r7, r1
    2ab4:	c1f4      	tjne.n	2aa0 <ll_searchAddr_in_WhiteList_and_ResolvingList+0x18>
    2ab6:	489f      	tloadrb	r7, [r3, #2]
    2ab8:	4861      	tloadrb	r1, [r4, #1]
    2aba:	028f      	tcmp	r7, r1
    2abc:	c1f0      	tjne.n	2aa0 <ll_searchAddr_in_WhiteList_and_ResolvingList+0x18>
    2abe:	48df      	tloadrb	r7, [r3, #3]
    2ac0:	48a1      	tloadrb	r1, [r4, #2]
    2ac2:	028f      	tcmp	r7, r1
    2ac4:	c1ec      	tjne.n	2aa0 <ll_searchAddr_in_WhiteList_and_ResolvingList+0x18>
    2ac6:	491f      	tloadrb	r7, [r3, #4]
    2ac8:	48e1      	tloadrb	r1, [r4, #3]
    2aca:	028f      	tcmp	r7, r1
    2acc:	c1e8      	tjne.n	2aa0 <ll_searchAddr_in_WhiteList_and_ResolvingList+0x18>
    2ace:	495f      	tloadrb	r7, [r3, #5]
    2ad0:	4921      	tloadrb	r1, [r4, #4]
    2ad2:	028f      	tcmp	r7, r1
    2ad4:	c1e4      	tjne.n	2aa0 <ll_searchAddr_in_WhiteList_and_ResolvingList+0x18>
    2ad6:	499f      	tloadrb	r7, [r3, #6]
    2ad8:	4961      	tloadrb	r1, [r4, #5]
    2ada:	028f      	tcmp	r7, r1
    2adc:	c1e0      	tjne.n	2aa0 <ll_searchAddr_in_WhiteList_and_ResolvingList+0x18>
    2ade:	f0d2      	tshftls	r2, r2, #3
    2ae0:	e8ad      	tadds	r5, r5, r2
    2ae2:	8002      	tj.n	2aea <ll_searchAddr_in_WhiteList_and_ResolvingList+0x62>
    2ae4:	a500      	tmovs	r5, #0
    2ae6:	a801      	tcmp	r0, #1
    2ae8:	c001      	tjeq.n	2aee <ll_searchAddr_in_WhiteList_and_ResolvingList+0x66>
    2aea:	ec28      	tadds	r0, r5, #0
    2aec:	6df0      	tpop	{r4, r5, r6, r7, pc}
    2aee:	4963      	tloadrb	r3, [r4, #5]
    2af0:	a2c0      	tmovs	r2, #192	; 0xc0
    2af2:	0013      	tands	r3, r2
    2af4:	ab40      	tcmp	r3, #64	; 0x40
    2af6:	c1f8      	tjne.n	2aea <ll_searchAddr_in_WhiteList_and_ResolvingList+0x62>
    2af8:	0f0d      	tloadr	r7, [pc, #52]	; (2b30 <ll_searchAddr_in_WhiteList_and_ResolvingList+0xa8>)
    2afa:	a331      	tmovs	r3, #49	; 0x31
    2afc:	1cfb      	tloadrb	r3, [r7, r3]
    2afe:	a600      	tmovs	r6, #0
    2b00:	ab00      	tcmp	r3, #0
    2b02:	c0f2      	tjeq.n	2aea <ll_searchAddr_in_WhiteList_and_ResolvingList+0x62>
    2b04:	800c      	tj.n	2b20 <ll_searchAddr_in_WhiteList_and_ResolvingList+0x98>
    2b06:	f075      	tshftls	r5, r6, #1
    2b08:	e9ad      	tadds	r5, r5, r6
    2b0a:	f0ed      	tshftls	r5, r5, #3
    2b0c:	b508      	tadds	r5, #8
    2b0e:	0a08      	tloadr	r2, [pc, #32]	; (2b30 <ll_searchAddr_in_WhiteList_and_ResolvingList+0xa8>)
    2b10:	e8ad      	tadds	r5, r5, r2
    2b12:	ec28      	tadds	r0, r5, #0
    2b14:	ec21      	tadds	r1, r4, #0
    2b16:	9000 980d 	tjl	2b34 <smp_quickResolvPrivateAddr>
    2b1a:	a800      	tcmp	r0, #0
    2b1c:	c1e5      	tjne.n	2aea <ll_searchAddr_in_WhiteList_and_ResolvingList+0x62>
    2b1e:	b601      	tadds	r6, #1
    2b20:	a230      	tmovs	r2, #48	; 0x30
    2b22:	1cbb      	tloadrb	r3, [r7, r2]
    2b24:	029e      	tcmp	r6, r3
    2b26:	cbee      	tjlt.n	2b06 <ll_searchAddr_in_WhiteList_and_ResolvingList+0x7e>
    2b28:	a500      	tmovs	r5, #0
    2b2a:	87de      	tj.n	2aea <ll_searchAddr_in_WhiteList_and_ResolvingList+0x62>
    2b2c:	0084357c 	taddeq	r3, r4, ip, ror r5
    2b30:	00843540 	taddeq	r3, r4, r0, asr #10

00002b34 <smp_quickResolvPrivateAddr>:
smp_quickResolvPrivateAddr():
    2b34:	6570      	tpush	{r4, r5, r6, lr}
    2b36:	6081      	tsub	sp, #4
    2b38:	0a1e      	tloadr	r2, [pc, #120]	; (2bb4 <smp_quickResolvPrivateAddr+0x80>)
    2b3a:	4815      	tloadrb	r5, [r2, #0]
    2b3c:	a300      	tmovs	r3, #0
    2b3e:	4013      	tstorerb	r3, [r2, #0]
    2b40:	0c1d      	tloadr	r4, [pc, #116]	; (2bb8 <smp_quickResolvPrivateAddr+0x84>)
    2b42:	4023      	tstorerb	r3, [r4, #0]
    2b44:	5806      	tloadr	r6, [r0, #0]
    2b46:	baf3      	tsubs	r2, #243	; 0xf3
    2b48:	5016      	tstorer	r6, [r2, #0]
    2b4a:	5846      	tloadr	r6, [r0, #4]
    2b4c:	b204      	tadds	r2, #4
    2b4e:	5016      	tstorer	r6, [r2, #0]
    2b50:	5886      	tloadr	r6, [r0, #8]
    2b52:	b204      	tadds	r2, #4
    2b54:	5016      	tstorer	r6, [r2, #0]
    2b56:	58c0      	tloadr	r0, [r0, #12]
    2b58:	b204      	tadds	r2, #4
    2b5a:	5010      	tstorer	r0, [r2, #0]
    2b5c:	ba14      	tsubs	r2, #20
    2b5e:	5013      	tstorer	r3, [r2, #0]
    2b60:	5013      	tstorer	r3, [r2, #0]
    2b62:	5013      	tstorer	r3, [r2, #0]
    2b64:	4908      	tloadrb	r0, [r1, #4]
    2b66:	f400      	tshftls	r0, r0, #16
    2b68:	48cb      	tloadrb	r3, [r1, #3]
    2b6a:	f61b      	tshftls	r3, r3, #24
    2b6c:	e8c3      	tadds	r3, r0, r3
    2b6e:	4948      	tloadrb	r0, [r1, #5]
    2b70:	f200      	tshftls	r0, r0, #8
    2b72:	e81b      	tadds	r3, r3, r0
    2b74:	5013      	tstorer	r3, [r2, #0]
    2b76:	ec20      	tadds	r0, r4, #0
    2b78:	a204      	tmovs	r2, #4
    2b7a:	4803      	tloadrb	r3, [r0, #0]
    2b7c:	021a      	tnand	r2, r3
    2b7e:	c0fc      	tjeq.n	2b7a <smp_quickResolvPrivateAddr+0x46>
    2b80:	0b0e      	tloadr	r3, [pc, #56]	; (2bbc <smp_quickResolvPrivateAddr+0x88>)
    2b82:	581a      	tloadr	r2, [r3, #0]
    2b84:	581a      	tloadr	r2, [r3, #0]
    2b86:	581a      	tloadr	r2, [r3, #0]
    2b88:	581a      	tloadr	r2, [r3, #0]
    2b8a:	066b      	tmov	r3, sp
    2b8c:	3200      	tstorer	r2, [sp, #0]
    2b8e:	0a09      	tloadr	r2, [pc, #36]	; (2bb4 <smp_quickResolvPrivateAddr+0x80>)
    2b90:	4015      	tstorerb	r5, [r2, #0]
    2b92:	48dc      	tloadrb	r4, [r3, #3]
    2b94:	480a      	tloadrb	r2, [r1, #0]
    2b96:	a000      	tmovs	r0, #0
    2b98:	0294      	tcmp	r4, r2
    2b9a:	c001      	tjeq.n	2ba0 <smp_quickResolvPrivateAddr+0x6c>
    2b9c:	6001      	tadd	sp, #4
    2b9e:	6d70      	tpop	{r4, r5, r6, pc}
    2ba0:	489c      	tloadrb	r4, [r3, #2]
    2ba2:	484a      	tloadrb	r2, [r1, #1]
    2ba4:	0294      	tcmp	r4, r2
    2ba6:	c1f9      	tjne.n	2b9c <smp_quickResolvPrivateAddr+0x68>
    2ba8:	4858      	tloadrb	r0, [r3, #1]
    2baa:	488b      	tloadrb	r3, [r1, #2]
    2bac:	eac0      	tsubs	r0, r0, r3
    2bae:	0243      	tnegs	r3, r0
    2bb0:	0158      	taddcs	r0, r3
    2bb2:	87f3      	tj.n	2b9c <smp_quickResolvPrivateAddr+0x68>
    2bb4:	00800643 	taddeq	r0, r0, r3, asr #12
    2bb8:	00800540 	taddeq	r0, r0, r0, asr #10
    2bbc:	00800548 	taddeq	r0, r0, r8, asr #10

00002bc0 <blt_ota_server_terminate>:
blt_ota_server_terminate():
    2bc0:	6500      	tpush	{lr}
    2bc2:	f400      	tshftls	r0, r0, #16
    2bc4:	fc00      	tshftrs	r0, r0, #16
    2bc6:	0b0a      	tloadr	r3, [pc, #40]	; (2bf0 <blt_ota_server_terminate+0x30>)
    2bc8:	2ada      	tloadrh	r2, [r3, #22]
    2bca:	0282      	tcmp	r2, r0
    2bcc:	c001      	tjeq.n	2bd2 <blt_ota_server_terminate+0x12>
    2bce:	a000      	tmovs	r0, #0
    2bd0:	6d00      	tpop	{pc}
    2bd2:	481a      	tloadrb	r2, [r3, #0]
    2bd4:	aa04      	tcmp	r2, #4
    2bd6:	c006      	tjeq.n	2be6 <blt_ota_server_terminate+0x26>
    2bd8:	aa00      	tcmp	r2, #0
    2bda:	c0f8      	tjeq.n	2bce <blt_ota_server_terminate+0xe>
    2bdc:	a008      	tmovs	r0, #8
    2bde:	a10e      	tmovs	r1, #14
    2be0:	900b 9e22 	tjl	e828 <blt_ota_setResult>
    2be4:	87f3      	tj.n	2bce <blt_ota_server_terminate+0xe>
    2be6:	a208      	tmovs	r2, #8
    2be8:	401a      	tstorerb	r2, [r3, #0]
    2bea:	a200      	tmovs	r2, #0
    2bec:	431a      	tstorerb	r2, [r3, #12]
    2bee:	87ee      	tj.n	2bce <blt_ota_server_terminate+0xe>
    2bf0:	008437ec 	taddeq	r3, r4, ip, ror #15

00002bf4 <blt_ota_server_main_loop>:
blt_ota_server_main_loop():
    2bf4:	6500      	tpush	{lr}
    2bf6:	0b04      	tloadr	r3, [pc, #16]	; (2c08 <blt_ota_server_main_loop+0x14>)
    2bf8:	491b      	tloadrb	r3, [r3, #4]
    2bfa:	ab00      	tcmp	r3, #0
    2bfc:	c001      	tjeq.n	2c02 <blt_ota_server_main_loop+0xe>
    2bfe:	900c 98cb 	tjl	ed98 <blt_proc_ota_server>
    2c02:	a000      	tmovs	r0, #0
    2c04:	6d00      	tpop	{pc}
    2c06:	46c0      	tnop			; (mov r8, r8)
    2c08:	008437ec 	taddeq	r3, r4, ip, ror #15

00002c0c <smemset>:
smemset():
    2c0c:	aa00      	tcmp	r2, #0
    2c0e:	cd06      	tjle.n	2c1e <smemset+0x12>
    2c10:	f609      	tshftls	r1, r1, #24
    2c12:	fe09      	tshftrs	r1, r1, #24
    2c14:	e882      	tadds	r2, r0, r2
    2c16:	4001      	tstorerb	r1, [r0, #0]
    2c18:	b001      	tadds	r0, #1
    2c1a:	0290      	tcmp	r0, r2
    2c1c:	c1fb      	tjne.n	2c16 <smemset+0xa>
    2c1e:	0770      	tjex	lr

00002c20 <smemcpy>:
smemcpy():
    2c20:	6510      	tpush	{r4, lr}
    2c22:	aa00      	tcmp	r2, #0
    2c24:	c005      	tjeq.n	2c32 <smemcpy+0x12>
    2c26:	a300      	tmovs	r3, #0
    2c28:	1ccc      	tloadrb	r4, [r1, r3]
    2c2a:	14c4      	tstorerb	r4, [r0, r3]
    2c2c:	b301      	tadds	r3, #1
    2c2e:	0293      	tcmp	r3, r2
    2c30:	c1fa      	tjne.n	2c28 <smemcpy+0x8>
    2c32:	6d10      	tpop	{r4, pc}

00002c34 <smemcmp>:
smemcmp():
    2c34:	6530      	tpush	{r4, r5, lr}
    2c36:	a300      	tmovs	r3, #0
    2c38:	aa00      	tcmp	r2, #0
    2c3a:	c011      	tjeq.n	2c60 <smemcmp+0x2c>
    2c3c:	ec04      	tadds	r4, r0, #0
    2c3e:	4805      	tloadrb	r5, [r0, #0]
    2c40:	4808      	tloadrb	r0, [r1, #0]
    2c42:	a301      	tmovs	r3, #1
    2c44:	0285      	tcmp	r5, r0
    2c46:	c10b      	tjne.n	2c60 <smemcmp+0x2c>
    2c48:	a300      	tmovs	r3, #0
    2c4a:	ee55      	tsubs	r5, r2, #1
    2c4c:	8005      	tj.n	2c5a <smemcmp+0x26>
    2c4e:	b401      	tadds	r4, #1
    2c50:	b301      	tadds	r3, #1
    2c52:	4822      	tloadrb	r2, [r4, #0]
    2c54:	1cc8      	tloadrb	r0, [r1, r3]
    2c56:	0282      	tcmp	r2, r0
    2c58:	c104      	tjne.n	2c64 <smemcmp+0x30>
    2c5a:	02ab      	tcmp	r3, r5
    2c5c:	c1f7      	tjne.n	2c4e <smemcmp+0x1a>
    2c5e:	a300      	tmovs	r3, #0
    2c60:	ec18      	tadds	r0, r3, #0
    2c62:	6d30      	tpop	{r4, r5, pc}
    2c64:	a301      	tmovs	r3, #1
    2c66:	87fb      	tj.n	2c60 <smemcmp+0x2c>

Disassembly of section .text:

00008000 <blc_readFlashSize_autoConfigCustomFlashSector>:
blc_readFlashSize_autoConfigCustomFlashSector():
    8000:	6500      	tpush	{lr}
    8002:	9000 9c2b 	tjl	885c <flash_get_capacity>
    8006:	a813      	tcmp	r0, #19
    8008:	c002      	tjeq.n	8010 <blc_readFlashSize_autoConfigCustomFlashSector+0x10>
    800a:	a814      	tcmp	r0, #20
    800c:	c008      	tjeq.n	8020 <blc_readFlashSize_autoConfigCustomFlashSector+0x20>
    800e:	87fe      	tj.n	800e <blc_readFlashSize_autoConfigCustomFlashSector+0xe>
    8010:	0a07      	tloadr	r2, [pc, #28]	; (8030 <blc_readFlashSize_autoConfigCustomFlashSector+0x30>)
    8012:	a3ec      	tmovs	r3, #236	; 0xec
    8014:	f2db      	tshftls	r3, r3, #11
    8016:	5013      	tstorer	r3, [r2, #0]
    8018:	a3ee      	tmovs	r3, #238	; 0xee
    801a:	f2db      	tshftls	r3, r3, #11
    801c:	5053      	tstorer	r3, [r2, #4]
    801e:	6d00      	tpop	{pc}
    8020:	0a03      	tloadr	r2, [pc, #12]	; (8030 <blc_readFlashSize_autoConfigCustomFlashSector+0x30>)
    8022:	a3ff      	tmovs	r3, #255	; 0xff
    8024:	f31b      	tshftls	r3, r3, #12
    8026:	5013      	tstorer	r3, [r2, #0]
    8028:	a3fe      	tmovs	r3, #254	; 0xfe
    802a:	f31b      	tshftls	r3, r3, #12
    802c:	5053      	tstorer	r3, [r2, #4]
    802e:	87f6      	tj.n	801e <blc_readFlashSize_autoConfigCustomFlashSector+0x1e>
    8030:	00842c68 	taddeq	r2, r4, r8, ror #24

00008034 <blc_initMacAddress>:
blc_initMacAddress():
    8034:	65f0      	tpush	{r4, r5, r6, r7, lr}
    8036:	0657      	tmov	r7, sl
    8038:	064e      	tmov	r6, r9
    803a:	0645      	tmov	r5, r8
    803c:	64e0      	tpush	{r5, r6, r7}
    803e:	6086      	tsub	sp, #24
    8040:	ec07      	tadds	r7, r0, #0
    8042:	ec0c      	tadds	r4, r1, #0
    8044:	ec15      	tadds	r5, r2, #0
    8046:	0b35      	tloadr	r3, [pc, #212]	; (811c <blc_initMacAddress+0xe8>)
    8048:	581b      	tloadr	r3, [r3, #0]
    804a:	ab00      	tcmp	r3, #0
    804c:	c105      	tjne.n	805a <blc_initMacAddress+0x26>
    804e:	6006      	tadd	sp, #24
    8050:	6c1c      	tpop	{r2, r3, r4}
    8052:	0690      	tmov	r8, r2
    8054:	0699      	tmov	r9, r3
    8056:	06a2      	tmov	sl, r4
    8058:	6df0      	tpop	{r4, r5, r6, r7, pc}
    805a:	066e      	tmov	r6, sp
    805c:	0b30      	tloadr	r3, [pc, #192]	; (8120 <blc_initMacAddress+0xec>)
    805e:	581b      	tloadr	r3, [r3, #0]
    8060:	a108      	tmovs	r1, #8
    8062:	066a      	tmov	r2, sp
    8064:	9000 9862 	tjl	812c <blc_initMacAddress+0xf8>
    8068:	7904      	tadd	r1, sp, #16
    806a:	0688      	tmov	r8, r1
    806c:	a005      	tmovs	r0, #5
    806e:	9001 98d3 	tjl	9218 <generateRandomNum>
    8072:	7902      	tadd	r1, sp, #8
    8074:	0b2b      	tloadr	r3, [pc, #172]	; (8124 <blc_initMacAddress+0xf0>)
    8076:	581a      	tloadr	r2, [r3, #0]
    8078:	3202      	tstorer	r2, [sp, #8]
    807a:	289b      	tloadrh	r3, [r3, #4]
    807c:	208b      	tstorerh	r3, [r1, #4]
    807e:	0668      	tmov	r0, sp
    8080:	a206      	tmovs	r2, #6
    8082:	9000 9c25 	tjl	88d0 <memcmp>
    8086:	a800      	tcmp	r0, #0
    8088:	c130      	tjne.n	80ec <blc_initMacAddress+0xb8>
    808a:	0641      	tmov	r1, r8
    808c:	480b      	tloadrb	r3, [r1, #0]
    808e:	4023      	tstorerb	r3, [r4, #0]
    8090:	ec62      	tadds	r2, r4, #1
    8092:	0692      	tmov	sl, r2
    8094:	484b      	tloadrb	r3, [r1, #1]
    8096:	4063      	tstorerb	r3, [r4, #1]
    8098:	eca3      	tadds	r3, r4, #2
    809a:	0699      	tmov	r9, r3
    809c:	488b      	tloadrb	r3, [r1, #2]
    809e:	40a3      	tstorerb	r3, [r4, #2]
    80a0:	a338      	tmovs	r3, #56	; 0x38
    80a2:	40e3      	tstorerb	r3, [r4, #3]
    80a4:	a3c1      	tmovs	r3, #193	; 0xc1
    80a6:	4123      	tstorerb	r3, [r4, #4]
    80a8:	a3a4      	tmovs	r3, #164	; 0xa4
    80aa:	4163      	tstorerb	r3, [r4, #5]
    80ac:	0b1e      	tloadr	r3, [pc, #120]	; (8128 <blc_initMacAddress+0xf4>)
    80ae:	581b      	tloadr	r3, [r3, #0]
    80b0:	ec38      	tadds	r0, r7, #0
    80b2:	a106      	tmovs	r1, #6
    80b4:	ec22      	tadds	r2, r4, #0
    80b6:	9000 9839 	tjl	812c <blc_initMacAddress+0xf8>
    80ba:	4823      	tloadrb	r3, [r4, #0]
    80bc:	402b      	tstorerb	r3, [r5, #0]
    80be:	0651      	tmov	r1, sl
    80c0:	480b      	tloadrb	r3, [r1, #0]
    80c2:	406b      	tstorerb	r3, [r5, #1]
    80c4:	064a      	tmov	r2, r9
    80c6:	4813      	tloadrb	r3, [r2, #0]
    80c8:	40ab      	tstorerb	r3, [r5, #2]
    80ca:	a3c0      	tmovs	r3, #192	; 0xc0
    80cc:	416b      	tstorerb	r3, [r5, #5]
    80ce:	49f3      	tloadrb	r3, [r6, #7]
    80d0:	f21b      	tshftls	r3, r3, #8
    80d2:	49b2      	tloadrb	r2, [r6, #6]
    80d4:	0313      	tors	r3, r2
    80d6:	f41b      	tshftls	r3, r3, #16
    80d8:	e41b      	tasrs	r3, r3, #16
    80da:	b301      	tadds	r3, #1
    80dc:	c010      	tjeq.n	8100 <blc_initMacAddress+0xcc>
    80de:	ece8      	tadds	r0, r5, #3
    80e0:	0669      	tmov	r1, sp
    80e2:	b106      	tadds	r1, #6
    80e4:	a202      	tmovs	r2, #2
    80e6:	9000 9c2f 	tjl	8948 <memcpy>
    80ea:	87b0      	tj.n	804e <blc_initMacAddress+0x1a>
    80ec:	ec20      	tadds	r0, r4, #0
    80ee:	0669      	tmov	r1, sp
    80f0:	a206      	tmovs	r2, #6
    80f2:	9000 9c29 	tjl	8948 <memcpy>
    80f6:	ec62      	tadds	r2, r4, #1
    80f8:	0692      	tmov	sl, r2
    80fa:	eca3      	tadds	r3, r4, #2
    80fc:	0699      	tmov	r9, r3
    80fe:	87dc      	tj.n	80ba <blc_initMacAddress+0x86>
    8100:	ecea      	tadds	r2, r5, #3
    8102:	0641      	tmov	r1, r8
    8104:	48cb      	tloadrb	r3, [r1, #3]
    8106:	40eb      	tstorerb	r3, [r5, #3]
    8108:	490b      	tloadrb	r3, [r1, #4]
    810a:	412b      	tstorerb	r3, [r5, #4]
    810c:	edb8      	tadds	r0, r7, #6
    810e:	0b06      	tloadr	r3, [pc, #24]	; (8128 <blc_initMacAddress+0xf4>)
    8110:	581b      	tloadr	r3, [r3, #0]
    8112:	a102      	tmovs	r1, #2
    8114:	9000 980a 	tjl	812c <blc_initMacAddress+0xf8>
    8118:	8799      	tj.n	804e <blc_initMacAddress+0x1a>
    811a:	46c0      	tnop			; (mov r8, r8)
    811c:	00842c68 	taddeq	r2, r4, r8, ror #24
    8120:	00843134 	taddeq	r3, r4, r4, lsr r1
    8124:	0000f6d4 	undefined instruction 0x0000f6d4
    8128:	0084313c 	taddeq	r3, r4, ip, lsr r1
    812c:	0718      	tjex	r3
    812e:	46c0      	tnop			; (mov r8, r8)

00008130 <app_switch_to_indirect_adv>:
app_switch_to_indirect_adv():
    8130:	6500      	tpush	{lr}
    8132:	6084      	tsub	sp, #16
    8134:	0b08      	tloadr	r3, [pc, #32]	; (8158 <app_switch_to_indirect_adv+0x28>)
    8136:	481b      	tloadrb	r3, [r3, #0]
    8138:	a200      	tmovs	r2, #0
    813a:	3200      	tstorer	r2, [sp, #0]
    813c:	3201      	tstorer	r2, [sp, #4]
    813e:	a107      	tmovs	r1, #7
    8140:	3102      	tstorer	r1, [sp, #8]
    8142:	3203      	tstorer	r2, [sp, #12]
    8144:	a030      	tmovs	r0, #48	; 0x30
    8146:	a138      	tmovs	r1, #56	; 0x38
    8148:	9001 9b5c 	tjl	9804 <bls_ll_setAdvParam>
    814c:	a001      	tmovs	r0, #1
    814e:	9001 9a49 	tjl	95e4 <bls_ll_setAdvEnable>
    8152:	6004      	tadd	sp, #16
    8154:	6d00      	tpop	{pc}
    8156:	46c0      	tnop			; (mov r8, r8)
    8158:	00842c70 	taddeq	r2, r4, r0, ror ip

0000815c <task_terminate>:
task_terminate():
    815c:	0a08      	tloadr	r2, [pc, #32]	; (8180 <task_terminate+0x24>)
    815e:	a300      	tmovs	r3, #0
    8160:	5053      	tstorer	r3, [r2, #4]
    8162:	0b08      	tloadr	r3, [pc, #32]	; (8184 <task_terminate+0x28>)
    8164:	4819      	tloadrb	r1, [r3, #0]
    8166:	a020      	tmovs	r0, #32
    8168:	0381      	tbclrs	r1, r0
    816a:	4019      	tstorerb	r1, [r3, #0]
    816c:	4819      	tloadrb	r1, [r3, #0]
    816e:	a004      	tmovs	r0, #4
    8170:	0381      	tbclrs	r1, r0
    8172:	4019      	tstorerb	r1, [r3, #0]
    8174:	b3a6      	tadds	r3, #166	; 0xa6
    8176:	b3ff      	tadds	r3, #255	; 0xff
    8178:	581b      	tloadr	r3, [r3, #0]
    817a:	5093      	tstorer	r3, [r2, #8]
    817c:	0770      	tjex	lr
    817e:	46c0      	tnop			; (mov r8, r8)
    8180:	00842c70 	taddeq	r2, r4, r0, ror ip
    8184:	0080059b 	umulleq	r0, r0, fp, r5

00008188 <task_connect>:
task_connect():
    8188:	6500      	tpush	{lr}
    818a:	a3c8      	tmovs	r3, #200	; 0xc8
    818c:	f05b      	tshftls	r3, r3, #1
    818e:	a008      	tmovs	r0, #8
    8190:	a108      	tmovs	r1, #8
    8192:	a263      	tmovs	r2, #99	; 0x63
    8194:	9004 9cae 	tjl	caf4 <bls_l2cap_requestConnParamUpdate>
    8198:	090a      	tloadr	r1, [pc, #40]	; (81c4 <task_connect+0x3c>)
    819a:	580a      	tloadr	r2, [r1, #0]
    819c:	0b0a      	tloadr	r3, [pc, #40]	; (81c8 <task_connect+0x40>)
    819e:	50da      	tstorer	r2, [r3, #12]
    81a0:	a201      	tmovs	r2, #1
    81a2:	505a      	tstorer	r2, [r3, #4]
    81a4:	5809      	tloadr	r1, [r1, #0]
    81a6:	030a      	tors	r2, r1
    81a8:	511a      	tstorer	r2, [r3, #16]
    81aa:	0b08      	tloadr	r3, [pc, #32]	; (81cc <task_connect+0x44>)
    81ac:	4819      	tloadrb	r1, [r3, #0]
    81ae:	a220      	tmovs	r2, #32
    81b0:	030a      	tors	r2, r1
    81b2:	f612      	tshftls	r2, r2, #24
    81b4:	fe12      	tshftrs	r2, r2, #24
    81b6:	401a      	tstorerb	r2, [r3, #0]
    81b8:	481a      	tloadrb	r2, [r3, #0]
    81ba:	a104      	tmovs	r1, #4
    81bc:	038a      	tbclrs	r2, r1
    81be:	401a      	tstorerb	r2, [r3, #0]
    81c0:	6d00      	tpop	{pc}
    81c2:	46c0      	tnop			; (mov r8, r8)
    81c4:	00800740 	taddeq	r0, r0, r0, asr #14
    81c8:	00842c70 	taddeq	r2, r4, r0, ror ip
    81cc:	0080059b 	umulleq	r0, r0, fp, r5

000081d0 <key_change_proc>:
key_change_proc():
    81d0:	6530      	tpush	{r4, r5, lr}
    81d2:	6083      	tsub	sp, #12
    81d4:	0b20      	tloadr	r3, [pc, #128]	; (8258 <key_change_proc+0x88>)
    81d6:	581b      	tloadr	r3, [r3, #0]
    81d8:	0920      	tloadr	r1, [pc, #128]	; (825c <key_change_proc+0x8c>)
    81da:	50cb      	tstorer	r3, [r1, #12]
    81dc:	0820      	tloadr	r0, [pc, #128]	; (8260 <key_change_proc+0x90>)
    81de:	4885      	tloadrb	r5, [r0, #2]
    81e0:	066a      	tmov	r2, sp
    81e2:	a300      	tmovs	r3, #0
    81e4:	4013      	tstorerb	r3, [r2, #0]
    81e6:	4053      	tstorerb	r3, [r2, #1]
    81e8:	4093      	tstorerb	r3, [r2, #2]
    81ea:	40d3      	tstorerb	r3, [r2, #3]
    81ec:	4113      	tstorerb	r3, [r2, #4]
    81ee:	4153      	tstorerb	r3, [r2, #5]
    81f0:	4193      	tstorerb	r3, [r2, #6]
    81f2:	41d3      	tstorerb	r3, [r2, #7]
    81f4:	a401      	tmovs	r4, #1
    81f6:	514c      	tstorer	r4, [r1, #20]
    81f8:	4800      	tloadrb	r0, [r0, #0]
    81fa:	a802      	tcmp	r0, #2
    81fc:	c007      	tjeq.n	820e <key_change_proc+0x3e>
    81fe:	a801      	tcmp	r0, #1
    8200:	c007      	tjeq.n	8212 <key_change_proc+0x42>
    8202:	514b      	tstorer	r3, [r1, #20]
    8204:	4e09      	tloadrb	r1, [r1, #24]
    8206:	a901      	tcmp	r1, #1
    8208:	c01e      	tjeq.n	8248 <key_change_proc+0x78>
    820a:	a902      	tcmp	r1, #2
    820c:	c015      	tjeq.n	823a <key_change_proc+0x6a>
    820e:	6003      	tadd	sp, #12
    8210:	6d30      	tpop	{r4, r5, pc}
    8212:	adef      	tcmp	r5, #239	; 0xef
    8214:	c90e      	tjls.n	8234 <key_change_proc+0x64>
    8216:	4608      	tstorerb	r0, [r1, #24]
    8218:	adf0      	tcmp	r5, #240	; 0xf0
    821a:	c019      	tjeq.n	8250 <key_change_proc+0x80>
    821c:	066a      	tmov	r2, sp
    821e:	b20a      	tadds	r2, #10
    8220:	adf1      	tcmp	r5, #241	; 0xf1
    8222:	c101      	tjne.n	8228 <key_change_proc+0x58>
    8224:	a3ea      	tmovs	r3, #234	; 0xea
    8226:	2013      	tstorerh	r3, [r2, #0]
    8228:	a040      	tmovs	r0, #64	; 0x40
    822a:	a119      	tmovs	r1, #25
    822c:	a302      	tmovs	r3, #2
    822e:	9004 9a79 	tjl	c724 <blc_gatt_pushHandleValueNotify>
    8232:	87ec      	tj.n	820e <key_change_proc+0x3e>
    8234:	a302      	tmovs	r3, #2
    8236:	460b      	tstorerb	r3, [r1, #24]
    8238:	4095      	tstorerb	r5, [r2, #2]
    823a:	a040      	tmovs	r0, #64	; 0x40
    823c:	a11d      	tmovs	r1, #29
    823e:	066a      	tmov	r2, sp
    8240:	a308      	tmovs	r3, #8
    8242:	9004 9a6f 	tjl	c724 <blc_gatt_pushHandleValueNotify>
    8246:	87e2      	tj.n	820e <key_change_proc+0x3e>
    8248:	066a      	tmov	r2, sp
    824a:	b20a      	tadds	r2, #10
    824c:	2013      	tstorerh	r3, [r2, #0]
    824e:	87eb      	tj.n	8228 <key_change_proc+0x58>
    8250:	b20a      	tadds	r2, #10
    8252:	a3e9      	tmovs	r3, #233	; 0xe9
    8254:	2013      	tstorerh	r3, [r2, #0]
    8256:	87e7      	tj.n	8228 <key_change_proc+0x58>
    8258:	00800740 	taddeq	r0, r0, r0, asr #14
    825c:	00842c70 	taddeq	r2, r4, r0, ror ip
    8260:	00848f68 	taddeq	r8, r4, r8, ror #30

00008264 <user_init_normal>:
user_init_normal():
    8264:	6570      	tpush	{r4, r5, r6, lr}
    8266:	6098      	tsub	sp, #96	; 0x60
    8268:	9000 9f94 	tjl	9194 <random_generator_init>
    826c:	0b43      	tloadr	r3, [pc, #268]	; (837c <user_init_normal+0x118>)
    826e:	5818      	tloadr	r0, [r3, #0]
    8270:	7d16      	tadd	r5, sp, #88	; 0x58
    8272:	ec29      	tadds	r1, r5, #0
    8274:	7a14      	tadd	r2, sp, #80	; 0x50
    8276:	97ff 9edd 	tjl	8034 <blc_initMacAddress>
    827a:	0c41      	tloadr	r4, [pc, #260]	; (8380 <user_init_normal+0x11c>)
    827c:	a600      	tmovs	r6, #0
    827e:	4026      	tstorerb	r6, [r4, #0]
    8280:	97f9 9c74 	tjl	1b6c <blc_ll_initBasicMCU>
    8284:	ec28      	tadds	r0, r5, #0
    8286:	9001 9927 	tjl	94d8 <blc_ll_initStandby_module>
    828a:	ec28      	tadds	r0, r5, #0
    828c:	9001 9a02 	tjl	9694 <blc_ll_initAdvertising_module>
    8290:	9001 9d96 	tjl	9dc0 <blc_ll_initConnection_module>
    8294:	9001 9ee0 	tjl	a058 <blc_ll_initSlaveRole_module>
    8298:	9003 9890 	tjl	b3bc <blc_ll_initPowerManagement_module>
    829c:	9004 9b76 	tjl	c98c <blc_gap_peripheral_init>
    82a0:	9000 9990 	tjl	85c4 <my_att_init>
    82a4:	0837      	tloadr	r0, [pc, #220]	; (8384 <user_init_normal+0x120>)
    82a6:	9004 9bb5 	tjl	ca14 <blc_l2cap_register_handler>
    82aa:	9005 9db1 	tjl	de10 <blc_smp_peripheral_init>
    82ae:	0836      	tloadr	r0, [pc, #216]	; (8388 <user_init_normal+0x124>)
    82b0:	a113      	tmovs	r1, #19
    82b2:	9001 9a3d 	tjl	9730 <bls_ll_setAdvData>
    82b6:	0835      	tloadr	r0, [pc, #212]	; (838c <user_init_normal+0x128>)
    82b8:	a109      	tmovs	r1, #9
    82ba:	9001 9a7b 	tjl	97b4 <bls_ll_setScanRspData>
    82be:	9005 9dcf 	tjl	de60 <blc_smp_param_getCurrentBondingDeviceNumber>
    82c2:	a800      	tcmp	r0, #0
    82c4:	c139      	tjne.n	833a <user_init_normal+0xd6>
    82c6:	4823      	tloadrb	r3, [r4, #0]
    82c8:	3000      	tstorer	r0, [sp, #0]
    82ca:	3001      	tstorer	r0, [sp, #4]
    82cc:	a207      	tmovs	r2, #7
    82ce:	3202      	tstorer	r2, [sp, #8]
    82d0:	3003      	tstorer	r0, [sp, #12]
    82d2:	a030      	tmovs	r0, #48	; 0x30
    82d4:	a138      	tmovs	r1, #56	; 0x38
    82d6:	a200      	tmovs	r2, #0
    82d8:	9001 9a94 	tjl	9804 <bls_ll_setAdvParam>
    82dc:	a800      	tcmp	r0, #0
    82de:	c12b      	tjne.n	8338 <user_init_normal+0xd4>
    82e0:	a001      	tmovs	r0, #1
    82e2:	9001 997f 	tjl	95e4 <bls_ll_setAdvEnable>
    82e6:	9006 9dc9 	tjl	ee7c <blc_ota_initOtaServer_module>
    82ea:	a0bf      	tmovs	r0, #191	; 0xbf
    82ec:	97f8 9f3c 	tjl	1168 <rf_set_power_level_index>
    82f0:	a00f      	tmovs	r0, #15
    82f2:	0927      	tloadr	r1, [pc, #156]	; (8390 <user_init_normal+0x12c>)
    82f4:	9001 9872 	tjl	93dc <bls_app_registerEventCallback>
    82f8:	a003      	tmovs	r0, #3
    82fa:	0926      	tloadr	r1, [pc, #152]	; (8394 <user_init_normal+0x130>)
    82fc:	9001 986e 	tjl	93dc <bls_app_registerEventCallback>
    8300:	a004      	tmovs	r0, #4
    8302:	0925      	tloadr	r1, [pc, #148]	; (8398 <user_init_normal+0x134>)
    8304:	9001 986a 	tjl	93dc <bls_app_registerEventCallback>
    8308:	a000      	tmovs	r0, #0
    830a:	9003 986d 	tjl	b3e8 <bls_pm_setSuspendMask>
    830e:	a088      	tmovs	r0, #136	; 0x88
    8310:	f040      	tshftls	r0, r0, #1
    8312:	a101      	tmovs	r1, #1
    8314:	a201      	tmovs	r2, #1
    8316:	9000 9e9f 	tjl	9058 <cpu_set_gpio_wakeup>
    831a:	a090      	tmovs	r0, #144	; 0x90
    831c:	f040      	tshftls	r0, r0, #1
    831e:	a101      	tmovs	r1, #1
    8320:	a201      	tmovs	r2, #1
    8322:	9000 9e99 	tjl	9058 <cpu_set_gpio_wakeup>
    8326:	a009      	tmovs	r0, #9
    8328:	091c      	tloadr	r1, [pc, #112]	; (839c <user_init_normal+0x138>)
    832a:	9001 9857 	tjl	93dc <bls_app_registerEventCallback>
    832e:	0b1c      	tloadr	r3, [pc, #112]	; (83a0 <user_init_normal+0x13c>)
    8330:	581b      	tloadr	r3, [r3, #0]
    8332:	50a3      	tstorer	r3, [r4, #8]
    8334:	6018      	tadd	sp, #96	; 0x60
    8336:	6d70      	tpop	{r4, r5, r6, pc}
    8338:	87fe      	tj.n	8338 <user_init_normal+0xd4>
    833a:	b801      	tsubs	r0, #1
    833c:	f600      	tshftls	r0, r0, #24
    833e:	fe00      	tshftrs	r0, r0, #24
    8340:	7d04      	tadd	r5, sp, #16
    8342:	ec29      	tadds	r1, r5, #0
    8344:	9005 9f6a 	tjl	e21c <bls_smp_param_loadByIndex>
    8348:	4823      	tloadrb	r3, [r4, #0]
    834a:	486a      	tloadrb	r2, [r5, #1]
    834c:	3200      	tstorer	r2, [sp, #0]
    834e:	066a      	tmov	r2, sp
    8350:	b212      	tadds	r2, #18
    8352:	3201      	tstorer	r2, [sp, #4]
    8354:	a207      	tmovs	r2, #7
    8356:	3202      	tstorer	r2, [sp, #8]
    8358:	3603      	tstorer	r6, [sp, #12]
    835a:	a030      	tmovs	r0, #48	; 0x30
    835c:	a138      	tmovs	r1, #56	; 0x38
    835e:	a204      	tmovs	r2, #4
    8360:	9001 9a50 	tjl	9804 <bls_ll_setAdvParam>
    8364:	a800      	tcmp	r0, #0
    8366:	c000      	tjeq.n	836a <user_init_normal+0x106>
    8368:	87fe      	tj.n	8368 <user_init_normal+0x104>
    836a:	080e      	tloadr	r0, [pc, #56]	; (83a4 <user_init_normal+0x140>)
    836c:	a101      	tmovs	r1, #1
    836e:	9001 99cf 	tjl	9710 <bls_ll_setAdvDuration>
    8372:	a001      	tmovs	r0, #1
    8374:	090c      	tloadr	r1, [pc, #48]	; (83a8 <user_init_normal+0x144>)
    8376:	9001 9831 	tjl	93dc <bls_app_registerEventCallback>
    837a:	87b1      	tj.n	82e0 <user_init_normal+0x7c>
    837c:	00842c68 	taddeq	r2, r4, r8, ror #24
    8380:	00842c70 	taddeq	r2, r4, r0, ror ip
    8384:	0000cdbd 	undefined instruction 0x0000cdbd
    8388:	0000f6dc 	undefined instruction 0x0000f6dc
    838c:	0000f6f0 	undefined instruction 0x0000f6f0
    8390:	000003e1 	tandeq	r0, r0, r1, ror #7
    8394:	00008189 	tandeq	r8, r0, r9, lsl #3
    8398:	0000815d 	tandeq	r8, r0, sp, asr r1
    839c:	000003ed 	tandeq	r0, r0, sp, ror #7
    83a0:	00800740 	taddeq	r0, r0, r0, asr #14
    83a4:	001e8480 	tandseq	r8, lr, r0, lsl #9
    83a8:	00008131 	tandeq	r8, r0, r1, lsr r1

000083ac <Sci_CRC16RTU>:
Sci_CRC16RTU():
    83ac:	6570      	tpush	{r4, r5, r6, lr}
    83ae:	ec03      	tadds	r3, r0, #0
    83b0:	f60e      	tshftls	r6, r1, #24
    83b2:	fe36      	tshftrs	r6, r6, #24
    83b4:	a0ff      	tmovs	r0, #255	; 0xff
    83b6:	ae00      	tcmp	r6, #0
    83b8:	c019      	tjeq.n	83ee <Sci_CRC16RTU+0x42>
    83ba:	a500      	tmovs	r5, #0
    83bc:	0a0c      	tloadr	r2, [pc, #48]	; (83f0 <Sci_CRC16RTU+0x44>)
    83be:	a001      	tmovs	r0, #1
    83c0:	0c0c      	tloadr	r4, [pc, #48]	; (83f4 <Sci_CRC16RTU+0x48>)
    83c2:	1d59      	tloadrb	r1, [r3, r5]
    83c4:	004a      	txors	r2, r1
    83c6:	a108      	tmovs	r1, #8
    83c8:	8006      	tj.n	83d8 <Sci_CRC16RTU+0x2c>
    83ca:	f852      	tshftrs	r2, r2, #1
    83cc:	0062      	txors	r2, r4
    83ce:	f412      	tshftls	r2, r2, #16
    83d0:	fc12      	tshftrs	r2, r2, #16
    83d2:	b901      	tsubs	r1, #1
    83d4:	a900      	tcmp	r1, #0
    83d6:	c005      	tjeq.n	83e4 <Sci_CRC16RTU+0x38>
    83d8:	0210      	tnand	r0, r2
    83da:	c1f6      	tjne.n	83ca <Sci_CRC16RTU+0x1e>
    83dc:	f852      	tshftrs	r2, r2, #1
    83de:	b901      	tsubs	r1, #1
    83e0:	a900      	tcmp	r1, #0
    83e2:	c1f9      	tjne.n	83d8 <Sci_CRC16RTU+0x2c>
    83e4:	b501      	tadds	r5, #1
    83e6:	02b5      	tcmp	r5, r6
    83e8:	c3eb      	tjcc.n	83c2 <Sci_CRC16RTU+0x16>
    83ea:	f612      	tshftls	r2, r2, #24
    83ec:	fe10      	tshftrs	r0, r2, #24
    83ee:	6d70      	tpop	{r4, r5, r6, pc}
    83f0:	0000ffff 	undefined instruction 0x0000ffff
    83f4:	ffffa001 	undefined instruction 0xffffa001

000083f8 <notify_big_packet>:
notify_big_packet():
    83f8:	65f0      	tpush	{r4, r5, r6, r7, lr}
    83fa:	0657      	tmov	r7, sl
    83fc:	0646      	tmov	r6, r8
    83fe:	64c0      	tpush	{r6, r7}
    8400:	ec17      	tadds	r7, r2, #0
    8402:	f400      	tshftls	r0, r0, #16
    8404:	fc00      	tshftrs	r0, r0, #16
    8406:	0682      	tmov	sl, r0
    8408:	f409      	tshftls	r1, r1, #16
    840a:	fc09      	tshftrs	r1, r1, #16
    840c:	0688      	tmov	r8, r1
    840e:	f41e      	tshftls	r6, r3, #16
    8410:	fc36      	tshftrs	r6, r6, #16
    8412:	a000      	tmovs	r0, #0
    8414:	ae00      	tcmp	r6, #0
    8416:	c014      	tjeq.n	8442 <notify_big_packet+0x4a>
    8418:	a400      	tmovs	r4, #0
    841a:	8004      	tj.n	8426 <notify_big_packet+0x2e>
    841c:	e92c      	tadds	r4, r5, r4
    841e:	f424      	tshftls	r4, r4, #16
    8420:	fc24      	tshftrs	r4, r4, #16
    8422:	02a6      	tcmp	r6, r4
    8424:	c90d      	tjls.n	8442 <notify_big_packet+0x4a>
    8426:	eb35      	tsubs	r5, r6, r4
    8428:	ad14      	tcmp	r5, #20
    842a:	cd00      	tjle.n	842e <notify_big_packet+0x36>
    842c:	a514      	tmovs	r5, #20
    842e:	f62d      	tshftls	r5, r5, #24
    8430:	fe2d      	tshftrs	r5, r5, #24
    8432:	e93a      	tadds	r2, r7, r4
    8434:	0650      	tmov	r0, sl
    8436:	0641      	tmov	r1, r8
    8438:	ec2b      	tadds	r3, r5, #0
    843a:	9004 9973 	tjl	c724 <blc_gatt_pushHandleValueNotify>
    843e:	a800      	tcmp	r0, #0
    8440:	c0ec      	tjeq.n	841c <notify_big_packet+0x24>
    8442:	6c0c      	tpop	{r2, r3}
    8444:	0690      	tmov	r8, r2
    8446:	069a      	tmov	sl, r3
    8448:	6df0      	tpop	{r4, r5, r6, r7, pc}
    844a:	46c0      	tnop			; (mov r8, r8)

0000844c <main_loop>:
main_loop():
    844c:	65f0      	tpush	{r4, r5, r6, r7, lr}
    844e:	065f      	tmov	r7, fp
    8450:	0656      	tmov	r6, sl
    8452:	064d      	tmov	r5, r9
    8454:	0644      	tmov	r4, r8
    8456:	64f0      	tpush	{r4, r5, r6, r7}
    8458:	6082      	tsub	sp, #8
    845a:	97f9 9997 	tjl	178c <blt_sdk_main_loop>
    845e:	a000      	tmovs	r0, #0
    8460:	a100      	tmovs	r1, #0
    8462:	a200      	tmovs	r2, #0
    8464:	97f7 9fc2 	tjl	3ec <proc_keyboard>
    8468:	0b4b      	tloadr	r3, [pc, #300]	; (8598 <main_loop+0x14c>)
    846a:	585b      	tloadr	r3, [r3, #4]
    846c:	ab00      	tcmp	r3, #0
    846e:	c06f      	tjeq.n	8550 <main_loop+0x104>
    8470:	0b4a      	tloadr	r3, [pc, #296]	; (859c <main_loop+0x150>)
    8472:	481a      	tloadrb	r2, [r3, #0]
    8474:	aa00      	tcmp	r2, #0
    8476:	c06b      	tjeq.n	8550 <main_loop+0x104>
    8478:	a200      	tmovs	r2, #0
    847a:	401a      	tstorerb	r2, [r3, #0]
    847c:	0b48      	tloadr	r3, [pc, #288]	; (85a0 <main_loop+0x154>)
    847e:	4818      	tloadrb	r0, [r3, #0]
    8480:	b001      	tadds	r0, #1
    8482:	f600      	tshftls	r0, r0, #24
    8484:	fe00      	tshftrs	r0, r0, #24
    8486:	4018      	tstorerb	r0, [r3, #0]
    8488:	0946      	tloadr	r1, [pc, #280]	; (85a4 <main_loop+0x158>)
    848a:	e840      	tadds	r0, r0, r1
    848c:	f400      	tshftls	r0, r0, #16
    848e:	a201      	tmovs	r2, #1
    8490:	0d45      	tloadr	r5, [pc, #276]	; (85a8 <main_loop+0x15c>)
    8492:	402a      	tstorerb	r2, [r5, #0]
    8494:	a203      	tmovs	r2, #3
    8496:	406a      	tstorerb	r2, [r5, #1]
    8498:	a24c      	tmovs	r2, #76	; 0x4c
    849a:	40aa      	tstorerb	r2, [r5, #2]
    849c:	fe06      	tshftrs	r6, r0, #24
    849e:	f200      	tshftls	r0, r0, #8
    84a0:	fe00      	tshftrs	r0, r0, #24
    84a2:	481b      	tloadrb	r3, [r3, #0]
    84a4:	069a      	tmov	sl, r3
    84a6:	a7fa      	tmovs	r7, #250	; 0xfa
    84a8:	f0ff      	tshftls	r7, r7, #3
    84aa:	ec3b      	tadds	r3, r7, #0
    84ac:	0453      	tadd	r3, sl
    84ae:	fa1b      	tshftrs	r3, r3, #8
    84b0:	069b      	tmov	fp, r3
    84b2:	a130      	tmovs	r1, #48	; 0x30
    84b4:	0249      	tnegs	r1, r1
    84b6:	ec0b      	tadds	r3, r1, #0
    84b8:	0453      	tadd	r3, sl
    84ba:	f61b      	tshftls	r3, r3, #24
    84bc:	fe1b      	tshftrs	r3, r3, #24
    84be:	0699      	tmov	r9, r3
    84c0:	a2fa      	tmovs	r2, #250	; 0xfa
    84c2:	f092      	tshftls	r2, r2, #2
    84c4:	ec13      	tadds	r3, r2, #0
    84c6:	0453      	tadd	r3, sl
    84c8:	fa1b      	tshftrs	r3, r3, #8
    84ca:	3300      	tstorer	r3, [sp, #0]
    84cc:	a518      	tmovs	r5, #24
    84ce:	026d      	tnegs	r5, r5
    84d0:	ec2b      	tadds	r3, r5, #0
    84d2:	0453      	tadd	r3, sl
    84d4:	f61b      	tshftls	r3, r3, #24
    84d6:	fe1b      	tshftrs	r3, r3, #24
    84d8:	3301      	tstorer	r3, [sp, #4]
    84da:	0f34      	tloadr	r7, [pc, #208]	; (85ac <main_loop+0x160>)
    84dc:	ec3b      	tadds	r3, r7, #0
    84de:	0453      	tadd	r3, sl
    84e0:	fa1b      	tshftrs	r3, r3, #8
    84e2:	0698      	tmov	r8, r3
    84e4:	b924      	tsubs	r1, #36	; 0x24
    84e6:	ec0b      	tadds	r3, r1, #0
    84e8:	0453      	tadd	r3, sl
    84ea:	f61b      	tshftls	r3, r3, #24
    84ec:	fe1b      	tshftrs	r3, r3, #24
    84ee:	069c      	tmov	ip, r3
    84f0:	0b2d      	tloadr	r3, [pc, #180]	; (85a8 <main_loop+0x15c>)
    84f2:	b303      	tadds	r3, #3
    84f4:	a403      	tmovs	r4, #3
    84f6:	a101      	tmovs	r1, #1
    84f8:	a200      	tmovs	r2, #0
    84fa:	8011      	tj.n	8520 <main_loop+0xd4>
    84fc:	aa21      	tcmp	r2, #33	; 0x21
    84fe:	c02e      	tjeq.n	855e <main_loop+0x112>
    8500:	aa22      	tcmp	r2, #34	; 0x22
    8502:	c031      	tjeq.n	8568 <main_loop+0x11c>
    8504:	aa23      	tcmp	r2, #35	; 0x23
    8506:	c034      	tjeq.n	8572 <main_loop+0x126>
    8508:	aa24      	tcmp	r2, #36	; 0x24
    850a:	c037      	tjeq.n	857c <main_loop+0x130>
    850c:	aa25      	tcmp	r2, #37	; 0x25
    850e:	c03a      	tjeq.n	8586 <main_loop+0x13a>
    8510:	aa26      	tcmp	r2, #38	; 0x26
    8512:	c00f      	tjeq.n	8534 <main_loop+0xe8>
    8514:	a926      	tcmp	r1, #38	; 0x26
    8516:	c815      	tjhi.n	8544 <main_loop+0xf8>
    8518:	b201      	tadds	r2, #1
    851a:	b302      	tadds	r3, #2
    851c:	b101      	tadds	r1, #1
    851e:	b402      	tadds	r4, #2
    8520:	401e      	tstorerb	r6, [r3, #0]
    8522:	ec65      	tadds	r5, r4, #1
    8524:	4058      	tstorerb	r0, [r3, #1]
    8526:	aa20      	tcmp	r2, #32
    8528:	c1e8      	tjne.n	84fc <main_loop+0xb0>
    852a:	0645      	tmov	r5, r8
    852c:	401d      	tstorerb	r5, [r3, #0]
    852e:	0667      	tmov	r7, ip
    8530:	405f      	tstorerb	r7, [r3, #1]
    8532:	87f1      	tj.n	8518 <main_loop+0xcc>
    8534:	081c      	tloadr	r0, [pc, #112]	; (85a8 <main_loop+0x15c>)
    8536:	a14f      	tmovs	r1, #79	; 0x4f
    8538:	97ff 9f38 	tjl	83ac <Sci_CRC16RTU>
    853c:	091a      	tloadr	r1, [pc, #104]	; (85a8 <main_loop+0x15c>)
    853e:	1508      	tstorerb	r0, [r1, r4]
    8540:	a300      	tmovs	r3, #0
    8542:	154b      	tstorerb	r3, [r1, r5]
    8544:	a040      	tmovs	r0, #64	; 0x40
    8546:	a133      	tmovs	r1, #51	; 0x33
    8548:	0a17      	tloadr	r2, [pc, #92]	; (85a8 <main_loop+0x15c>)
    854a:	a351      	tmovs	r3, #81	; 0x51
    854c:	97ff 9f54 	tjl	83f8 <notify_big_packet>
    8550:	6002      	tadd	sp, #8
    8552:	6c3c      	tpop	{r2, r3, r4, r5}
    8554:	0690      	tmov	r8, r2
    8556:	0699      	tmov	r9, r3
    8558:	06a2      	tmov	sl, r4
    855a:	06ab      	tmov	fp, r5
    855c:	6df0      	tpop	{r4, r5, r6, r7, pc}
    855e:	065d      	tmov	r5, fp
    8560:	401d      	tstorerb	r5, [r3, #0]
    8562:	064f      	tmov	r7, r9
    8564:	405f      	tstorerb	r7, [r3, #1]
    8566:	87d7      	tj.n	8518 <main_loop+0xcc>
    8568:	a500      	tmovs	r5, #0
    856a:	401d      	tstorerb	r5, [r3, #0]
    856c:	a701      	tmovs	r7, #1
    856e:	405f      	tstorerb	r7, [r3, #1]
    8570:	87d2      	tj.n	8518 <main_loop+0xcc>
    8572:	a500      	tmovs	r5, #0
    8574:	401d      	tstorerb	r5, [r3, #0]
    8576:	a702      	tmovs	r7, #2
    8578:	405f      	tstorerb	r7, [r3, #1]
    857a:	87cd      	tj.n	8518 <main_loop+0xcc>
    857c:	a500      	tmovs	r5, #0
    857e:	401d      	tstorerb	r5, [r3, #0]
    8580:	0657      	tmov	r7, sl
    8582:	405f      	tstorerb	r7, [r3, #1]
    8584:	87c8      	tj.n	8518 <main_loop+0xcc>
    8586:	066d      	tmov	r5, sp
    8588:	482d      	tloadrb	r5, [r5, #0]
    858a:	401d      	tstorerb	r5, [r3, #0]
    858c:	066f      	tmov	r7, sp
    858e:	ed3d      	tadds	r5, r7, #4
    8590:	482f      	tloadrb	r7, [r5, #0]
    8592:	405f      	tstorerb	r7, [r3, #1]
    8594:	87c0      	tj.n	8518 <main_loop+0xcc>
    8596:	46c0      	tnop			; (mov r8, r8)
    8598:	00842c70 	taddeq	r2, r4, r0, ror ip
    859c:	00848ec1 	taddeq	r8, r4, r1, asr #29
    85a0:	00848ec0 	taddeq	r8, r4, r0, asr #29
    85a4:	000009c4 	tandeq	r0, r0, r4, asr #19
    85a8:	00848900 	taddeq	r8, r4, r0, lsl #18
    85ac:	00000dac 	tandeq	r0, r0, ip, lsr #27

000085b0 <module_onReceiveData>:
module_onReceiveData():
    85b0:	4883      	tloadrb	r3, [r0, #2]
    85b2:	ab03      	tcmp	r3, #3
    85b4:	c002      	tjeq.n	85bc <module_onReceiveData+0xc>
    85b6:	a201      	tmovs	r2, #1
    85b8:	0b01      	tloadr	r3, [pc, #4]	; (85c0 <module_onReceiveData+0x10>)
    85ba:	401a      	tstorerb	r2, [r3, #0]
    85bc:	a000      	tmovs	r0, #0
    85be:	0770      	tjex	lr
    85c0:	00848ec1 	taddeq	r8, r4, r1, asr #29

000085c4 <my_att_init>:
my_att_init():
    85c4:	6500      	tpush	{lr}
    85c6:	0802      	tloadr	r0, [pc, #8]	; (85d0 <my_att_init+0xc>)
    85c8:	9003 9900 	tjl	b7cc <bls_att_setAttributeTable>
    85cc:	6d00      	tpop	{pc}
    85ce:	46c0      	tnop			; (mov r8, r8)
    85d0:	0000f908 	tandeq	pc, r0, r8, lsl #18

000085d4 <adc_set_ref_voltage>:
adc_set_ref_voltage():
    85d4:	6510      	tpush	{r4, lr}
    85d6:	f60c      	tshftls	r4, r1, #24
    85d8:	fe24      	tshftrs	r4, r4, #24
    85da:	f0a1      	tshftls	r1, r4, #2
    85dc:	f123      	tshftls	r3, r4, #4
    85de:	0319      	tors	r1, r3
    85e0:	0321      	tors	r1, r4
    85e2:	f609      	tshftls	r1, r1, #24
    85e4:	fe09      	tshftrs	r1, r1, #24
    85e6:	a0e7      	tmovs	r0, #231	; 0xe7
    85e8:	97f7 9ff4 	tjl	5d4 <analog_write>
    85ec:	ac02      	tcmp	r4, #2
    85ee:	c00d      	tjeq.n	860c <adc_set_ref_voltage+0x38>
    85f0:	a0fa      	tmovs	r0, #250	; 0xfa
    85f2:	97f7 9fcf 	tjl	594 <analog_read>
    85f6:	a33f      	tmovs	r3, #63	; 0x3f
    85f8:	ec01      	tadds	r1, r0, #0
    85fa:	0399      	tbclrs	r1, r3
    85fc:	a315      	tmovs	r3, #21
    85fe:	0319      	tors	r1, r3
    8600:	f609      	tshftls	r1, r1, #24
    8602:	fe09      	tshftrs	r1, r1, #24
    8604:	a0fa      	tmovs	r0, #250	; 0xfa
    8606:	97f7 9fe5 	tjl	5d4 <analog_write>
    860a:	6d10      	tpop	{r4, pc}
    860c:	a0fa      	tmovs	r0, #250	; 0xfa
    860e:	97f7 9fc1 	tjl	594 <analog_read>
    8612:	a33f      	tmovs	r3, #63	; 0x3f
    8614:	ec01      	tadds	r1, r0, #0
    8616:	0399      	tbclrs	r1, r3
    8618:	a33d      	tmovs	r3, #61	; 0x3d
    861a:	87f0      	tj.n	85fe <adc_set_ref_voltage+0x2a>

0000861c <rc_24m_cal>:
rc_24m_cal():
    861c:	6500      	tpush	{lr}
    861e:	a0c8      	tmovs	r0, #200	; 0xc8
    8620:	a180      	tmovs	r1, #128	; 0x80
    8622:	97f7 9fd7 	tjl	5d4 <analog_write>
    8626:	a030      	tmovs	r0, #48	; 0x30
    8628:	97f7 9fb4 	tjl	594 <analog_read>
    862c:	a380      	tmovs	r3, #128	; 0x80
    862e:	025b      	tnegs	r3, r3
    8630:	0303      	tors	r3, r0
    8632:	f619      	tshftls	r1, r3, #24
    8634:	fe09      	tshftrs	r1, r1, #24
    8636:	a030      	tmovs	r0, #48	; 0x30
    8638:	97f7 9fcc 	tjl	5d4 <analog_write>
    863c:	a0c7      	tmovs	r0, #199	; 0xc7
    863e:	a10e      	tmovs	r1, #14
    8640:	97f7 9fc8 	tjl	5d4 <analog_write>
    8644:	a0c7      	tmovs	r0, #199	; 0xc7
    8646:	a10f      	tmovs	r1, #15
    8648:	97f7 9fc4 	tjl	5d4 <analog_write>
    864c:	a0cf      	tmovs	r0, #207	; 0xcf
    864e:	97f7 9fa1 	tjl	594 <analog_read>
    8652:	f603      	tshftls	r3, r0, #24
    8654:	c5fa      	tjpl.n	864c <rc_24m_cal+0x30>
    8656:	a0cb      	tmovs	r0, #203	; 0xcb
    8658:	97f7 9f9c 	tjl	594 <analog_read>
    865c:	ec01      	tadds	r1, r0, #0
    865e:	a033      	tmovs	r0, #51	; 0x33
    8660:	97f7 9fb8 	tjl	5d4 <analog_write>
    8664:	a030      	tmovs	r0, #48	; 0x30
    8666:	97f7 9f95 	tjl	594 <analog_read>
    866a:	a17f      	tmovs	r1, #127	; 0x7f
    866c:	0001      	tands	r1, r0
    866e:	a030      	tmovs	r0, #48	; 0x30
    8670:	97f7 9fb0 	tjl	5d4 <analog_write>
    8674:	a0c7      	tmovs	r0, #199	; 0xc7
    8676:	a10e      	tmovs	r1, #14
    8678:	97f7 9fac 	tjl	5d4 <analog_write>
    867c:	6d00      	tpop	{pc}
    867e:	46c0      	tnop			; (mov r8, r8)

00008680 <rc_32k_cal>:
rc_32k_cal():
    8680:	6510      	tpush	{r4, lr}
    8682:	a030      	tmovs	r0, #48	; 0x30
    8684:	a160      	tmovs	r1, #96	; 0x60
    8686:	97f7 9fa5 	tjl	5d4 <analog_write>
    868a:	a0c6      	tmovs	r0, #198	; 0xc6
    868c:	a1f6      	tmovs	r1, #246	; 0xf6
    868e:	97f7 9fa1 	tjl	5d4 <analog_write>
    8692:	a0c6      	tmovs	r0, #198	; 0xc6
    8694:	a1f7      	tmovs	r1, #247	; 0xf7
    8696:	97f7 9f9d 	tjl	5d4 <analog_write>
    869a:	a440      	tmovs	r4, #64	; 0x40
    869c:	a0cf      	tmovs	r0, #207	; 0xcf
    869e:	97f7 9f79 	tjl	594 <analog_read>
    86a2:	0204      	tnand	r4, r0
    86a4:	c0fa      	tjeq.n	869c <rc_32k_cal+0x1c>
    86a6:	a0c9      	tmovs	r0, #201	; 0xc9
    86a8:	97f7 9f74 	tjl	594 <analog_read>
    86ac:	ec01      	tadds	r1, r0, #0
    86ae:	a032      	tmovs	r0, #50	; 0x32
    86b0:	97f7 9f90 	tjl	5d4 <analog_write>
    86b4:	a0ca      	tmovs	r0, #202	; 0xca
    86b6:	97f7 9f6d 	tjl	594 <analog_read>
    86ba:	ec01      	tadds	r1, r0, #0
    86bc:	a031      	tmovs	r0, #49	; 0x31
    86be:	97f7 9f89 	tjl	5d4 <analog_write>
    86c2:	a0c6      	tmovs	r0, #198	; 0xc6
    86c4:	a1f6      	tmovs	r1, #246	; 0xf6
    86c6:	97f7 9f85 	tjl	5d4 <analog_write>
    86ca:	a030      	tmovs	r0, #48	; 0x30
    86cc:	a120      	tmovs	r1, #32
    86ce:	97f7 9f81 	tjl	5d4 <analog_write>
    86d2:	6d10      	tpop	{r4, pc}

000086d4 <doubler_calibration>:
doubler_calibration():
    86d4:	6510      	tpush	{r4, lr}
    86d6:	a086      	tmovs	r0, #134	; 0x86
    86d8:	a1bb      	tmovs	r1, #187	; 0xbb
    86da:	97f7 9f7b 	tjl	5d4 <analog_write>
    86de:	a082      	tmovs	r0, #130	; 0x82
    86e0:	97f7 9f58 	tjl	594 <analog_read>
    86e4:	a17f      	tmovs	r1, #127	; 0x7f
    86e6:	0001      	tands	r1, r0
    86e8:	a082      	tmovs	r0, #130	; 0x82
    86ea:	97f7 9f73 	tjl	5d4 <analog_write>
    86ee:	a087      	tmovs	r0, #135	; 0x87
    86f0:	97f7 9f50 	tjl	594 <analog_read>
    86f4:	a303      	tmovs	r3, #3
    86f6:	ec01      	tadds	r1, r0, #0
    86f8:	0399      	tbclrs	r1, r3
    86fa:	a302      	tmovs	r3, #2
    86fc:	0319      	tors	r1, r3
    86fe:	f609      	tshftls	r1, r1, #24
    8700:	fe09      	tshftrs	r1, r1, #24
    8702:	a087      	tmovs	r0, #135	; 0x87
    8704:	97f7 9f66 	tjl	5d4 <analog_write>
    8708:	a087      	tmovs	r0, #135	; 0x87
    870a:	97f7 9f43 	tjl	594 <analog_read>
    870e:	a304      	tmovs	r3, #4
    8710:	ec01      	tadds	r1, r0, #0
    8712:	0319      	tors	r1, r3
    8714:	f609      	tshftls	r1, r1, #24
    8716:	fe09      	tshftrs	r1, r1, #24
    8718:	a087      	tmovs	r0, #135	; 0x87
    871a:	97f7 9f5b 	tjl	5d4 <analog_write>
    871e:	a088      	tmovs	r0, #136	; 0x88
    8720:	97f7 9f38 	tjl	594 <analog_read>
    8724:	ec04      	tadds	r4, r0, #0
    8726:	a087      	tmovs	r0, #135	; 0x87
    8728:	97f7 9f34 	tjl	594 <analog_read>
    872c:	a11f      	tmovs	r1, #31
    872e:	000c      	tands	r4, r1
    8730:	f0e1      	tshftls	r1, r4, #3
    8732:	a407      	tmovs	r4, #7
    8734:	0020      	tands	r0, r4
    8736:	0301      	tors	r1, r0
    8738:	a087      	tmovs	r0, #135	; 0x87
    873a:	97f7 9f4b 	tjl	5d4 <analog_write>
    873e:	a082      	tmovs	r0, #130	; 0x82
    8740:	97f7 9f28 	tjl	594 <analog_read>
    8744:	a380      	tmovs	r3, #128	; 0x80
    8746:	025b      	tnegs	r3, r3
    8748:	0303      	tors	r3, r0
    874a:	f619      	tshftls	r1, r3, #24
    874c:	fe09      	tshftrs	r1, r1, #24
    874e:	a082      	tmovs	r0, #130	; 0x82
    8750:	97f7 9f40 	tjl	5d4 <analog_write>
    8754:	a087      	tmovs	r0, #135	; 0x87
    8756:	97f7 9f1d 	tjl	594 <analog_read>
    875a:	a1fd      	tmovs	r1, #253	; 0xfd
    875c:	0001      	tands	r1, r0
    875e:	a087      	tmovs	r0, #135	; 0x87
    8760:	97f7 9f38 	tjl	5d4 <analog_write>
    8764:	a086      	tmovs	r0, #134	; 0x86
    8766:	a1fb      	tmovs	r1, #251	; 0xfb
    8768:	97f7 9f34 	tjl	5d4 <analog_write>
    876c:	6d10      	tpop	{r4, pc}
    876e:	46c0      	tnop			; (mov r8, r8)

00008770 <flash_read_data>:
flash_read_data():
    8770:	6500      	tpush	{lr}
    8772:	6082      	tsub	sp, #8
    8774:	ec03      	tadds	r3, r0, #0
    8776:	3200      	tstorer	r2, [sp, #0]
    8778:	3101      	tstorer	r1, [sp, #4]
    877a:	a003      	tmovs	r0, #3
    877c:	ec19      	tadds	r1, r3, #0
    877e:	a201      	tmovs	r2, #1
    8780:	a300      	tmovs	r3, #0
    8782:	97f7 9fb3 	tjl	6ec <flash_mspi_read_ram>
    8786:	6002      	tadd	sp, #8
    8788:	6d00      	tpop	{pc}
    878a:	46c0      	tnop			; (mov r8, r8)

0000878c <flash_page_program>:
flash_page_program():
    878c:	65f0      	tpush	{r4, r5, r6, r7, lr}
    878e:	6081      	tsub	sp, #4
    8790:	ec06      	tadds	r6, r0, #0
    8792:	ec0d      	tadds	r5, r1, #0
    8794:	ec17      	tadds	r7, r2, #0
    8796:	a4ff      	tmovs	r4, #255	; 0xff
    8798:	0004      	tands	r4, r0
    879a:	a380      	tmovs	r3, #128	; 0x80
    879c:	f05b      	tshftls	r3, r3, #1
    879e:	eb1c      	tsubs	r4, r3, r4
    87a0:	8001      	tj.n	87a6 <flash_page_program+0x1a>
    87a2:	a480      	tmovs	r4, #128	; 0x80
    87a4:	f064      	tshftls	r4, r4, #1
    87a6:	02ac      	tcmp	r4, r5
    87a8:	c900      	tjls.n	87ac <flash_page_program+0x20>
    87aa:	ec2c      	tadds	r4, r5, #0
    87ac:	3400      	tstorer	r4, [sp, #0]
    87ae:	a002      	tmovs	r0, #2
    87b0:	ec31      	tadds	r1, r6, #0
    87b2:	a201      	tmovs	r2, #1
    87b4:	ec3b      	tadds	r3, r7, #0
    87b6:	97f7 9ff1 	tjl	79c <flash_mspi_write_ram>
    87ba:	e936      	tadds	r6, r6, r4
    87bc:	e93f      	tadds	r7, r7, r4
    87be:	eb2d      	tsubs	r5, r5, r4
    87c0:	ad00      	tcmp	r5, #0
    87c2:	c1ee      	tjne.n	87a2 <flash_page_program+0x16>
    87c4:	6001      	tadd	sp, #4
    87c6:	6df0      	tpop	{r4, r5, r6, r7, pc}

000087c8 <flash_erase_sector>:
flash_erase_sector():
    87c8:	6500      	tpush	{lr}
    87ca:	6081      	tsub	sp, #4
    87cc:	ec01      	tadds	r1, r0, #0
    87ce:	a208      	tmovs	r2, #8
    87d0:	0b04      	tloadr	r3, [pc, #16]	; (87e4 <flash_erase_sector+0x1c>)
    87d2:	401a      	tstorerb	r2, [r3, #0]
    87d4:	a300      	tmovs	r3, #0
    87d6:	3300      	tstorer	r3, [sp, #0]
    87d8:	a020      	tmovs	r0, #32
    87da:	a201      	tmovs	r2, #1
    87dc:	97f7 9fde 	tjl	79c <flash_mspi_write_ram>
    87e0:	6001      	tadd	sp, #4
    87e2:	6d00      	tpop	{pc}
    87e4:	00800623 	taddeq	r0, r0, r3, lsr #12

000087e8 <flash_read_mid>:
flash_read_mid():
    87e8:	6530      	tpush	{r4, r5, lr}
    87ea:	6084      	tsub	sp, #16
    87ec:	a400      	tmovs	r4, #0
    87ee:	3403      	tstorer	r4, [sp, #12]
    87f0:	7b03      	tadd	r3, sp, #12
    87f2:	3300      	tstorer	r3, [sp, #0]
    87f4:	a303      	tmovs	r3, #3
    87f6:	3301      	tstorer	r3, [sp, #4]
    87f8:	a09f      	tmovs	r0, #159	; 0x9f
    87fa:	a100      	tmovs	r1, #0
    87fc:	a200      	tmovs	r2, #0
    87fe:	a300      	tmovs	r3, #0
    8800:	97f7 9f74 	tjl	6ec <flash_mspi_read_ram>
    8804:	3803      	tloadr	r0, [sp, #12]
    8806:	0b10      	tloadr	r3, [pc, #64]	; (8848 <flash_read_mid+0x60>)
    8808:	0298      	tcmp	r0, r3
    880a:	c001      	tjeq.n	8810 <flash_read_mid+0x28>
    880c:	6004      	tadd	sp, #16
    880e:	6d30      	tpop	{r4, r5, pc}
    8810:	7d02      	tadd	r5, sp, #8
    8812:	3402      	tstorer	r4, [sp, #8]
    8814:	3500      	tstorer	r5, [sp, #0]
    8816:	a304      	tmovs	r3, #4
    8818:	3301      	tstorer	r3, [sp, #4]
    881a:	a05a      	tmovs	r0, #90	; 0x5a
    881c:	a100      	tmovs	r1, #0
    881e:	a201      	tmovs	r2, #1
    8820:	a301      	tmovs	r3, #1
    8822:	97f7 9f63 	tjl	6ec <flash_mspi_read_ram>
    8826:	482b      	tloadrb	r3, [r5, #0]
    8828:	ab53      	tcmp	r3, #83	; 0x53
    882a:	c001      	tjeq.n	8830 <flash_read_mid+0x48>
    882c:	3803      	tloadr	r0, [sp, #12]
    882e:	87ed      	tj.n	880c <flash_read_mid+0x24>
    8830:	486b      	tloadrb	r3, [r5, #1]
    8832:	ab46      	tcmp	r3, #70	; 0x46
    8834:	c1fa      	tjne.n	882c <flash_read_mid+0x44>
    8836:	48ab      	tloadrb	r3, [r5, #2]
    8838:	ab44      	tcmp	r3, #68	; 0x44
    883a:	c1f7      	tjne.n	882c <flash_read_mid+0x44>
    883c:	48eb      	tloadrb	r3, [r5, #3]
    883e:	ab50      	tcmp	r3, #80	; 0x50
    8840:	c1f4      	tjne.n	882c <flash_read_mid+0x44>
    8842:	0802      	tloadr	r0, [pc, #8]	; (884c <flash_read_mid+0x64>)
    8844:	87e2      	tj.n	880c <flash_read_mid+0x24>
    8846:	46c0      	tnop			; (mov r8, r8)
    8848:	001460c8 	tandseq	r6, r4, r8, asr #1
    884c:	011460c8 	tnandeq	r4, r8, asr #1

00008850 <flash_set_capacity>:
flash_set_capacity():
    8850:	0b01      	tloadr	r3, [pc, #4]	; (8858 <flash_set_capacity+0x8>)
    8852:	4118      	tstorerb	r0, [r3, #4]
    8854:	0770      	tjex	lr
    8856:	46c0      	tnop			; (mov r8, r8)
    8858:	00843134 	taddeq	r3, r4, r4, lsr r1

0000885c <flash_get_capacity>:
flash_get_capacity():
    885c:	0b01      	tloadr	r3, [pc, #4]	; (8864 <flash_get_capacity+0x8>)
    885e:	4918      	tloadrb	r0, [r3, #4]
    8860:	0770      	tjex	lr
    8862:	46c0      	tnop			; (mov r8, r8)
    8864:	00843134 	taddeq	r3, r4, r4, lsr r1

00008868 <flash_get_vendor>:
flash_get_vendor():
    8868:	f400      	tshftls	r0, r0, #16
    886a:	fc00      	tshftrs	r0, r0, #16
    886c:	0b0f      	tloadr	r3, [pc, #60]	; (88ac <flash_get_vendor+0x44>)
    886e:	0298      	tcmp	r0, r3
    8870:	c01a      	tjeq.n	88a8 <flash_get_vendor+0x40>
    8872:	0298      	tcmp	r0, r3
    8874:	c90a      	tjls.n	888c <flash_get_vendor+0x24>
    8876:	0b0e      	tloadr	r3, [pc, #56]	; (88b0 <flash_get_vendor+0x48>)
    8878:	0298      	tcmp	r0, r3
    887a:	c011      	tjeq.n	88a0 <flash_get_vendor+0x38>
    887c:	b31e      	tadds	r3, #30
    887e:	0298      	tcmp	r0, r3
    8880:	c00c      	tjeq.n	889c <flash_get_vendor+0x34>
    8882:	bb23      	tsubs	r3, #35	; 0x23
    8884:	0298      	tcmp	r0, r3
    8886:	c007      	tjeq.n	8898 <flash_get_vendor+0x30>
    8888:	a000      	tmovs	r0, #0
    888a:	8006      	tj.n	889a <flash_get_vendor+0x32>
    888c:	0b09      	tloadr	r3, [pc, #36]	; (88b4 <flash_get_vendor+0x4c>)
    888e:	0298      	tcmp	r0, r3
    8890:	c008      	tjeq.n	88a4 <flash_get_vendor+0x3c>
    8892:	0b09      	tloadr	r3, [pc, #36]	; (88b8 <flash_get_vendor+0x50>)
    8894:	0298      	tcmp	r0, r3
    8896:	c1f7      	tjne.n	8888 <flash_get_vendor+0x20>
    8898:	0808      	tloadr	r0, [pc, #32]	; (88bc <flash_get_vendor+0x54>)
    889a:	0770      	tjex	lr
    889c:	0808      	tloadr	r0, [pc, #32]	; (88c0 <flash_get_vendor+0x58>)
    889e:	87fc      	tj.n	889a <flash_get_vendor+0x32>
    88a0:	0808      	tloadr	r0, [pc, #32]	; (88c4 <flash_get_vendor+0x5c>)
    88a2:	87fa      	tj.n	889a <flash_get_vendor+0x32>
    88a4:	0808      	tloadr	r0, [pc, #32]	; (88c8 <flash_get_vendor+0x60>)
    88a6:	87f8      	tj.n	889a <flash_get_vendor+0x32>
    88a8:	0808      	tloadr	r0, [pc, #32]	; (88cc <flash_get_vendor+0x64>)
    88aa:	87f6      	tj.n	889a <flash_get_vendor+0x32>
    88ac:	00006085 	tandeq	r6, r0, r5, lsl #1
    88b0:	000060cd 	tandeq	r6, r0, sp, asr #1
    88b4:	0000325e 	tandeq	r3, r0, lr, asr r2
    88b8:	00004051 	tandeq	r4, r0, r1, asr r0
    88bc:	010060c8 	tnandeq	r0, r8, asr #1
    88c0:	020060eb 	tandeq	r6, r0, #235	; 0xeb
    88c4:	040060cd 	tstorereq	r6, [r0], #-205	; 0xcd
    88c8:	0100325e 	tnandeq	r0, lr, asr r2
    88cc:	02006085 	tandeq	r6, r0, #133	; 0x85

000088d0 <memcmp>:
memcmp():
    88d0:	6530      	tpush	{r4, r5, lr}
    88d2:	a400      	tmovs	r4, #0
    88d4:	aa00      	tcmp	r2, #0
    88d6:	c00f      	tjeq.n	88f8 <memcmp+0x28>
    88d8:	4805      	tloadrb	r5, [r0, #0]
    88da:	480c      	tloadrb	r4, [r1, #0]
    88dc:	02a5      	tcmp	r5, r4
    88de:	c10d      	tjne.n	88fc <memcmp+0x2c>
    88e0:	ba01      	tsubs	r2, #1
    88e2:	a300      	tmovs	r3, #0
    88e4:	8005      	tj.n	88f2 <memcmp+0x22>
    88e6:	b001      	tadds	r0, #1
    88e8:	4805      	tloadrb	r5, [r0, #0]
    88ea:	b301      	tadds	r3, #1
    88ec:	1ccc      	tloadrb	r4, [r1, r3]
    88ee:	02a5      	tcmp	r5, r4
    88f0:	c104      	tjne.n	88fc <memcmp+0x2c>
    88f2:	029a      	tcmp	r2, r3
    88f4:	c1f7      	tjne.n	88e6 <memcmp+0x16>
    88f6:	a400      	tmovs	r4, #0
    88f8:	ec20      	tadds	r0, r4, #0
    88fa:	6d30      	tpop	{r4, r5, pc}
    88fc:	eb2c      	tsubs	r4, r5, r4
    88fe:	87fb      	tj.n	88f8 <memcmp+0x28>

00008900 <bbcopy>:
bbcopy():
    8900:	6510      	tpush	{r4, lr}
    8902:	0281      	tcmp	r1, r0
    8904:	c208      	tjcs.n	8918 <bbcopy+0x18>
    8906:	aa00      	tcmp	r2, #0
    8908:	c005      	tjeq.n	8916 <bbcopy+0x16>
    890a:	a300      	tmovs	r3, #0
    890c:	1cc4      	tloadrb	r4, [r0, r3]
    890e:	14cc      	tstorerb	r4, [r1, r3]
    8910:	b301      	tadds	r3, #1
    8912:	0293      	tcmp	r3, r2
    8914:	c1fa      	tjne.n	890c <bbcopy+0xc>
    8916:	6d10      	tpop	{r4, pc}
    8918:	aa00      	tcmp	r2, #0
    891a:	c0fc      	tjeq.n	8916 <bbcopy+0x16>
    891c:	ee53      	tsubs	r3, r2, #1
    891e:	e8c0      	tadds	r0, r0, r3
    8920:	e8c9      	tadds	r1, r1, r3
    8922:	0254      	tnegs	r4, r2
    8924:	a300      	tmovs	r3, #0
    8926:	1cc2      	tloadrb	r2, [r0, r3]
    8928:	14ca      	tstorerb	r2, [r1, r3]
    892a:	bb01      	tsubs	r3, #1
    892c:	02a3      	tcmp	r3, r4
    892e:	c1fa      	tjne.n	8926 <bbcopy+0x26>
    8930:	87f1      	tj.n	8916 <bbcopy+0x16>
    8932:	46c0      	tnop			; (mov r8, r8)

00008934 <memset>:
memset():
    8934:	aa00      	tcmp	r2, #0
    8936:	c006      	tjeq.n	8946 <memset+0x12>
    8938:	f609      	tshftls	r1, r1, #24
    893a:	fe09      	tshftrs	r1, r1, #24
    893c:	a300      	tmovs	r3, #0
    893e:	14c1      	tstorerb	r1, [r0, r3]
    8940:	b301      	tadds	r3, #1
    8942:	0293      	tcmp	r3, r2
    8944:	c1fb      	tjne.n	893e <memset+0xa>
    8946:	0770      	tjex	lr

00008948 <memcpy>:
memcpy():
    8948:	6510      	tpush	{r4, lr}
    894a:	ec04      	tadds	r4, r0, #0
    894c:	ec08      	tadds	r0, r1, #0
    894e:	ec21      	tadds	r1, r4, #0
    8950:	97ff 9fd6 	tjl	8900 <bbcopy>
    8954:	ec20      	tadds	r0, r4, #0
    8956:	6d10      	tpop	{r4, pc}

00008958 <swapN>:
swapN():
    8958:	6530      	tpush	{r4, r5, lr}
    895a:	ffcd      	tshftrs	r5, r1, #31
    895c:	e86d      	tadds	r5, r5, r1
    895e:	e06d      	tasrs	r5, r5, #1
    8960:	ad00      	tcmp	r5, #0
    8962:	cd0a      	tjle.n	897a <swapN+0x22>
    8964:	b901      	tsubs	r1, #1
    8966:	e841      	tadds	r1, r0, r1
    8968:	a300      	tmovs	r3, #0
    896a:	1cc2      	tloadrb	r2, [r0, r3]
    896c:	480c      	tloadrb	r4, [r1, #0]
    896e:	14c4      	tstorerb	r4, [r0, r3]
    8970:	400a      	tstorerb	r2, [r1, #0]
    8972:	b301      	tadds	r3, #1
    8974:	b901      	tsubs	r1, #1
    8976:	02ab      	tcmp	r3, r5
    8978:	c1f7      	tjne.n	896a <swapN+0x12>
    897a:	6d30      	tpop	{r4, r5, pc}

0000897c <swapX>:
swapX():
    897c:	6510      	tpush	{r4, lr}
    897e:	aa00      	tcmp	r2, #0
    8980:	cd08      	tjle.n	8994 <swapX+0x18>
    8982:	ee53      	tsubs	r3, r2, #1
    8984:	e8c9      	tadds	r1, r1, r3
    8986:	a300      	tmovs	r3, #0
    8988:	1cc4      	tloadrb	r4, [r0, r3]
    898a:	400c      	tstorerb	r4, [r1, #0]
    898c:	b301      	tadds	r3, #1
    898e:	b901      	tsubs	r1, #1
    8990:	0293      	tcmp	r3, r2
    8992:	c1f9      	tjne.n	8988 <swapX+0xc>
    8994:	6d10      	tpop	{r4, pc}
    8996:	46c0      	tnop			; (mov r8, r8)

00008998 <key_debounce_filter>:
key_debounce_filter():
    8998:	65f0      	tpush	{r4, r5, r6, r7, lr}
    899a:	065f      	tmov	r7, fp
    899c:	0656      	tmov	r6, sl
    899e:	064d      	tmov	r5, r9
    89a0:	0644      	tmov	r4, r8
    89a2:	64f0      	tpush	{r4, r5, r6, r7}
    89a4:	0683      	tmov	fp, r0
    89a6:	0688      	tmov	r8, r1
    89a8:	0e15      	tloadr	r6, [pc, #84]	; (8a00 <key_debounce_filter+0x68>)
    89aa:	0a16      	tloadr	r2, [pc, #88]	; (8a04 <key_debounce_filter+0x6c>)
    89ac:	a400      	tmovs	r4, #0
    89ae:	a300      	tmovs	r3, #0
    89b0:	069c      	tmov	ip, r3
    89b2:	f0a4      	tshftls	r4, r4, #2
    89b4:	ec21      	tadds	r1, r4, #0
    89b6:	0459      	tadd	r1, fp
    89b8:	580d      	tloadr	r5, [r1, #0]
    89ba:	a000      	tmovs	r0, #0
    89bc:	0580      	tcmp	r8, r0
    89be:	c113      	tjne.n	89e8 <key_debounce_filter+0x50>
    89c0:	5817      	tloadr	r7, [r2, #0]
    89c2:	06aa      	tmov	sl, r5
    89c4:	0557      	tcmp	r7, sl
    89c6:	c001      	tjeq.n	89cc <key_debounce_filter+0x34>
    89c8:	a101      	tmovs	r1, #1
    89ca:	068c      	tmov	ip, r1
    89cc:	d620      	tstorem	r6!, {r5}
    89ce:	0654      	tmov	r4, sl
    89d0:	d210      	tstorem	r2!, {r4}
    89d2:	b301      	tadds	r3, #1
    89d4:	ec1c      	tadds	r4, r3, #0
    89d6:	ab02      	tcmp	r3, #2
    89d8:	c1eb      	tjne.n	89b2 <key_debounce_filter+0x1a>
    89da:	0660      	tmov	r0, ip
    89dc:	6c3c      	tpop	{r2, r3, r4, r5}
    89de:	0690      	tmov	r8, r2
    89e0:	0699      	tmov	r9, r3
    89e2:	06a2      	tmov	sl, r4
    89e4:	06ab      	tmov	fp, r5
    89e6:	6df0      	tpop	{r4, r5, r6, r7, pc}
    89e8:	5817      	tloadr	r7, [r2, #0]
    89ea:	5834      	tloadr	r4, [r6, #0]
    89ec:	ec20      	tadds	r0, r4, #0
    89ee:	03b8      	tbclrs	r0, r7
    89f0:	0028      	tands	r0, r5
    89f2:	032c      	tors	r4, r5
    89f4:	003c      	tands	r4, r7
    89f6:	0304      	tors	r4, r0
    89f8:	06a2      	tmov	sl, r4
    89fa:	500c      	tstorer	r4, [r1, #0]
    89fc:	87e2      	tj.n	89c4 <key_debounce_filter+0x2c>
    89fe:	46c0      	tnop			; (mov r8, r8)
    8a00:	00848f10 	taddeq	r8, r4, r0, lsl pc
    8a04:	00848f18 	taddeq	r8, r4, r8, lsl pc

00008a08 <kb_scan_row>:
kb_scan_row():
    8a08:	65f0      	tpush	{r4, r5, r6, r7, lr}
    8a0a:	065f      	tmov	r7, fp
    8a0c:	0656      	tmov	r6, sl
    8a0e:	064d      	tmov	r5, r9
    8a10:	0644      	tmov	r4, r8
    8a12:	64f0      	tpush	{r4, r5, r6, r7}
    8a14:	ec03      	tadds	r3, r0, #0
    8a16:	0a34      	tloadr	r2, [pc, #208]	; (8ae8 <kb_scan_row+0xe0>)
    8a18:	4810      	tloadrb	r0, [r2, #0]
    8a1a:	0684      	tmov	ip, r0
    8a1c:	a000      	tmovs	r0, #0
    8a1e:	4010      	tstorerb	r0, [r2, #0]
    8a20:	f098      	tshftls	r0, r3, #2
    8a22:	0a32      	tloadr	r2, [pc, #200]	; (8aec <kb_scan_row+0xe4>)
    8a24:	1882      	tloadr	r2, [r0, r2]
    8a26:	f412      	tshftls	r2, r2, #16
    8a28:	f216      	tshftls	r6, r2, #8
    8a2a:	fe36      	tshftrs	r6, r6, #24
    8a2c:	06b1      	tmov	r9, r6
    8a2e:	fe12      	tshftrs	r2, r2, #24
    8a30:	f0d2      	tshftls	r2, r2, #3
    8a32:	082f      	tloadr	r0, [pc, #188]	; (8af0 <kb_scan_row+0xe8>)
    8a34:	e814      	tadds	r4, r2, r0
    8a36:	4820      	tloadrb	r0, [r4, #0]
    8a38:	03f5      	tmovns	r5, r6
    8a3a:	f62d      	tshftls	r5, r5, #24
    8a3c:	fe2d      	tshftrs	r5, r5, #24
    8a3e:	0028      	tands	r0, r5
    8a40:	4020      	tstorerb	r0, [r4, #0]
    8a42:	0e2c      	tloadr	r6, [pc, #176]	; (8af4 <kb_scan_row+0xec>)
    8a44:	e992      	tadds	r2, r2, r6
    8a46:	4810      	tloadrb	r0, [r2, #0]
    8a48:	0028      	tands	r0, r5
    8a4a:	4010      	tstorerb	r0, [r2, #0]
    8a4c:	082a      	tloadr	r0, [pc, #168]	; (8af8 <kb_scan_row+0xf0>)
    8a4e:	5800      	tloadr	r0, [r0, #0]
    8a50:	0683      	tmov	fp, r0
    8a52:	a000      	tmovs	r0, #0
    8a54:	065f      	tmov	r7, fp
    8a56:	f7ff      	tshftls	r7, r7, #31
    8a58:	c510      	tjpl.n	8a7c <kb_scan_row+0x74>
    8a5a:	0e28      	tloadr	r6, [pc, #160]	; (8afc <kb_scan_row+0xf4>)
    8a5c:	5837      	tloadr	r7, [r6, #0]
    8a5e:	06b8      	tmov	r8, r7
    8a60:	f43e      	tshftls	r6, r7, #16
    8a62:	fe36      	tshftrs	r6, r6, #24
    8a64:	1d8f      	tloadrb	r7, [r1, r6]
    8a66:	0646      	tmov	r6, r8
    8a68:	023e      	tnand	r6, r7
    8a6a:	c107      	tjne.n	8a7c <kb_scan_row+0x74>
    8a6c:	0824      	tloadr	r0, [pc, #144]	; (8b00 <kb_scan_row+0xf8>)
    8a6e:	5800      	tloadr	r0, [r0, #0]
    8a70:	1cc0      	tloadrb	r0, [r0, r3]
    8a72:	0680      	tmov	r8, r0
    8a74:	a001      	tmovs	r0, #1
    8a76:	a7ff      	tmovs	r7, #255	; 0xff
    8a78:	05b8      	tcmp	r8, r7
    8a7a:	c02d      	tjeq.n	8ad8 <kb_scan_row+0xd0>
    8a7c:	065f      	tmov	r7, fp
    8a7e:	f7bf      	tshftls	r7, r7, #30
    8a80:	c50e      	tjpl.n	8aa0 <kb_scan_row+0x98>
    8a82:	0f1e      	tloadr	r7, [pc, #120]	; (8afc <kb_scan_row+0xf4>)
    8a84:	587f      	tloadr	r7, [r7, #4]
    8a86:	f43e      	tshftls	r6, r7, #16
    8a88:	fe36      	tshftrs	r6, r6, #24
    8a8a:	1d8e      	tloadrb	r6, [r1, r6]
    8a8c:	0237      	tnand	r7, r6
    8a8e:	c107      	tjne.n	8aa0 <kb_scan_row+0x98>
    8a90:	0f1b      	tloadr	r7, [pc, #108]	; (8b00 <kb_scan_row+0xf8>)
    8a92:	583f      	tloadr	r7, [r7, #0]
    8a94:	b702      	tadds	r7, #2
    8a96:	1cfb      	tloadrb	r3, [r7, r3]
    8a98:	abff      	tcmp	r3, #255	; 0xff
    8a9a:	c020      	tjeq.n	8ade <kb_scan_row+0xd6>
    8a9c:	a302      	tmovs	r3, #2
    8a9e:	0318      	tors	r0, r3
    8aa0:	0b18      	tloadr	r3, [pc, #96]	; (8b04 <kb_scan_row+0xfc>)
    8aa2:	481b      	tloadrb	r3, [r3, #0]
    8aa4:	400b      	tstorerb	r3, [r1, #0]
    8aa6:	0b18      	tloadr	r3, [pc, #96]	; (8b08 <kb_scan_row+0x100>)
    8aa8:	481b      	tloadrb	r3, [r3, #0]
    8aaa:	404b      	tstorerb	r3, [r1, #1]
    8aac:	0b17      	tloadr	r3, [pc, #92]	; (8b0c <kb_scan_row+0x104>)
    8aae:	481b      	tloadrb	r3, [r3, #0]
    8ab0:	408b      	tstorerb	r3, [r1, #2]
    8ab2:	0b17      	tloadr	r3, [pc, #92]	; (8b10 <kb_scan_row+0x108>)
    8ab4:	481b      	tloadrb	r3, [r3, #0]
    8ab6:	40cb      	tstorerb	r3, [r1, #3]
    8ab8:	4823      	tloadrb	r3, [r4, #0]
    8aba:	001d      	tands	r5, r3
    8abc:	4025      	tstorerb	r5, [r4, #0]
    8abe:	4813      	tloadrb	r3, [r2, #0]
    8ac0:	064e      	tmov	r6, r9
    8ac2:	031e      	tors	r6, r3
    8ac4:	4016      	tstorerb	r6, [r2, #0]
    8ac6:	0b08      	tloadr	r3, [pc, #32]	; (8ae8 <kb_scan_row+0xe0>)
    8ac8:	0667      	tmov	r7, ip
    8aca:	401f      	tstorerb	r7, [r3, #0]
    8acc:	6c3c      	tpop	{r2, r3, r4, r5}
    8ace:	0690      	tmov	r8, r2
    8ad0:	0699      	tmov	r9, r3
    8ad2:	06a2      	tmov	sl, r4
    8ad4:	06ab      	tmov	fp, r5
    8ad6:	6df0      	tpop	{r4, r5, r6, r7, pc}
    8ad8:	0e0e      	tloadr	r6, [pc, #56]	; (8b14 <kb_scan_row+0x10c>)
    8ada:	4030      	tstorerb	r0, [r6, #0]
    8adc:	87ce      	tj.n	8a7c <kb_scan_row+0x74>
    8ade:	a701      	tmovs	r7, #1
    8ae0:	0b0c      	tloadr	r3, [pc, #48]	; (8b14 <kb_scan_row+0x10c>)
    8ae2:	401f      	tstorerb	r7, [r3, #0]
    8ae4:	87da      	tj.n	8a9c <kb_scan_row+0x94>
    8ae6:	46c0      	tnop			; (mov r8, r8)
    8ae8:	00800643 	taddeq	r0, r0, r3, asr #12
    8aec:	00848d24 	taddeq	r8, r4, r4, lsr #26
    8af0:	00800583 	taddeq	r0, r0, r3, lsl #11
    8af4:	00800582 	taddeq	r0, r0, r2, lsl #11
    8af8:	00848f40 	taddeq	r8, r4, r0, asr #30
    8afc:	00848d2c 	taddeq	r8, r4, ip, lsr #26
    8b00:	00848f84 	taddeq	r8, r4, r4, lsl #31
    8b04:	00800580 	taddeq	r0, r0, r0, lsl #11
    8b08:	00800588 	taddeq	r0, r0, r8, lsl #11
    8b0c:	00800590 	umulleq	r0, r0, r0, r5
    8b10:	00800598 	umulleq	r0, r0, r8, r5
    8b14:	00848f05 	taddeq	r8, r4, r5, lsl #30

00008b18 <kb_key_pressed>:
kb_key_pressed():
    8b18:	65f0      	tpush	{r4, r5, r6, r7, lr}
    8b1a:	ec05      	tadds	r5, r0, #0
    8b1c:	0c36      	tloadr	r4, [pc, #216]	; (8bf8 <kb_key_pressed+0xe0>)
    8b1e:	ec26      	tadds	r6, r4, #0
    8b20:	b608      	tadds	r6, #8
    8b22:	ec23      	tadds	r3, r4, #0
    8b24:	ec19      	tadds	r1, r3, #0
    8b26:	db04      	tloadm	r3!, {r2}
    8b28:	f412      	tshftls	r2, r2, #16
    8b2a:	fc17      	tshftrs	r7, r2, #16
    8b2c:	fe12      	tshftrs	r2, r2, #24
    8b2e:	f0d2      	tshftls	r2, r2, #3
    8b30:	0832      	tloadr	r0, [pc, #200]	; (8bfc <kb_key_pressed+0xe4>)
    8b32:	e812      	tadds	r2, r2, r0
    8b34:	4810      	tloadrb	r0, [r2, #0]
    8b36:	03b8      	tbclrs	r0, r7
    8b38:	4010      	tstorerb	r0, [r2, #0]
    8b3a:	580a      	tloadr	r2, [r1, #0]
    8b3c:	f412      	tshftls	r2, r2, #16
    8b3e:	fc10      	tshftrs	r0, r2, #16
    8b40:	fe12      	tshftrs	r2, r2, #24
    8b42:	f0d2      	tshftls	r2, r2, #3
    8b44:	092e      	tloadr	r1, [pc, #184]	; (8c00 <kb_key_pressed+0xe8>)
    8b46:	e852      	tadds	r2, r2, r1
    8b48:	4811      	tloadrb	r1, [r2, #0]
    8b4a:	0381      	tbclrs	r1, r0
    8b4c:	4011      	tstorerb	r1, [r2, #0]
    8b4e:	02b3      	tcmp	r3, r6
    8b50:	c1e8      	tjne.n	8b24 <kb_key_pressed+0xc>
    8b52:	a014      	tmovs	r0, #20
    8b54:	97f7 9ed4 	tjl	900 <sleep_us>
    8b58:	0b2a      	tloadr	r3, [pc, #168]	; (8c04 <kb_key_pressed+0xec>)
    8b5a:	481b      	tloadrb	r3, [r3, #0]
    8b5c:	402b      	tstorerb	r3, [r5, #0]
    8b5e:	0b2a      	tloadr	r3, [pc, #168]	; (8c08 <kb_key_pressed+0xf0>)
    8b60:	481b      	tloadrb	r3, [r3, #0]
    8b62:	406b      	tstorerb	r3, [r5, #1]
    8b64:	0b29      	tloadr	r3, [pc, #164]	; (8c0c <kb_key_pressed+0xf4>)
    8b66:	481b      	tloadrb	r3, [r3, #0]
    8b68:	40ab      	tstorerb	r3, [r5, #2]
    8b6a:	0b29      	tloadr	r3, [pc, #164]	; (8c10 <kb_key_pressed+0xf8>)
    8b6c:	481b      	tloadrb	r3, [r3, #0]
    8b6e:	40eb      	tstorerb	r3, [r5, #3]
    8b70:	0b28      	tloadr	r3, [pc, #160]	; (8c14 <kb_key_pressed+0xfc>)
    8b72:	581a      	tloadr	r2, [r3, #0]
    8b74:	f411      	tshftls	r1, r2, #16
    8b76:	fe09      	tshftrs	r1, r1, #24
    8b78:	1c69      	tloadrb	r1, [r5, r1]
    8b7a:	020a      	tnand	r2, r1
    8b7c:	c114      	tjne.n	8ba8 <kb_key_pressed+0x90>
    8b7e:	0926      	tloadr	r1, [pc, #152]	; (8c18 <kb_key_pressed+0x100>)
    8b80:	a206      	tmovs	r2, #6
    8b82:	400a      	tstorerb	r2, [r1, #0]
    8b84:	0a25      	tloadr	r2, [pc, #148]	; (8c1c <kb_key_pressed+0x104>)
    8b86:	a001      	tmovs	r0, #1
    8b88:	5010      	tstorer	r0, [r2, #0]
    8b8a:	585b      	tloadr	r3, [r3, #4]
    8b8c:	f41a      	tshftls	r2, r3, #16
    8b8e:	fe12      	tshftrs	r2, r2, #24
    8b90:	1caa      	tloadrb	r2, [r5, r2]
    8b92:	0213      	tnand	r3, r2
    8b94:	c110      	tjne.n	8bb8 <kb_key_pressed+0xa0>
    8b96:	0a21      	tloadr	r2, [pc, #132]	; (8c1c <kb_key_pressed+0x104>)
    8b98:	a302      	tmovs	r3, #2
    8b9a:	0318      	tors	r0, r3
    8b9c:	5010      	tstorer	r0, [r2, #0]
    8b9e:	a306      	tmovs	r3, #6
    8ba0:	5810      	tloadr	r0, [r2, #0]
    8ba2:	bb01      	tsubs	r3, #1
    8ba4:	400b      	tstorerb	r3, [r1, #0]
    8ba6:	800a      	tj.n	8bbe <kb_key_pressed+0xa6>
    8ba8:	a000      	tmovs	r0, #0
    8baa:	091b      	tloadr	r1, [pc, #108]	; (8c18 <kb_key_pressed+0x100>)
    8bac:	585b      	tloadr	r3, [r3, #4]
    8bae:	f41a      	tshftls	r2, r3, #16
    8bb0:	fe12      	tshftrs	r2, r2, #24
    8bb2:	1caa      	tloadrb	r2, [r5, r2]
    8bb4:	0213      	tnand	r3, r2
    8bb6:	c0ee      	tjeq.n	8b96 <kb_key_pressed+0x7e>
    8bb8:	480b      	tloadrb	r3, [r1, #0]
    8bba:	ab00      	tcmp	r3, #0
    8bbc:	c119      	tjne.n	8bf2 <kb_key_pressed+0xda>
    8bbe:	ec22      	tadds	r2, r4, #0
    8bc0:	dc08      	tloadm	r4!, {r3}
    8bc2:	f41b      	tshftls	r3, r3, #16
    8bc4:	fc1d      	tshftrs	r5, r3, #16
    8bc6:	fe1b      	tshftrs	r3, r3, #24
    8bc8:	f0db      	tshftls	r3, r3, #3
    8bca:	090c      	tloadr	r1, [pc, #48]	; (8bfc <kb_key_pressed+0xe4>)
    8bcc:	e85b      	tadds	r3, r3, r1
    8bce:	4819      	tloadrb	r1, [r3, #0]
    8bd0:	03a9      	tbclrs	r1, r5
    8bd2:	4019      	tstorerb	r1, [r3, #0]
    8bd4:	5813      	tloadr	r3, [r2, #0]
    8bd6:	f41b      	tshftls	r3, r3, #16
    8bd8:	fc1a      	tshftrs	r2, r3, #16
    8bda:	fe1b      	tshftrs	r3, r3, #24
    8bdc:	f0db      	tshftls	r3, r3, #3
    8bde:	0908      	tloadr	r1, [pc, #32]	; (8c00 <kb_key_pressed+0xe8>)
    8be0:	e85b      	tadds	r3, r3, r1
    8be2:	4819      	tloadrb	r1, [r3, #0]
    8be4:	030a      	tors	r2, r1
    8be6:	f612      	tshftls	r2, r2, #24
    8be8:	fe12      	tshftrs	r2, r2, #24
    8bea:	401a      	tstorerb	r2, [r3, #0]
    8bec:	02a6      	tcmp	r6, r4
    8bee:	c1e6      	tjne.n	8bbe <kb_key_pressed+0xa6>
    8bf0:	6df0      	tpop	{r4, r5, r6, r7, pc}
    8bf2:	0a0a      	tloadr	r2, [pc, #40]	; (8c1c <kb_key_pressed+0x104>)
    8bf4:	87d4      	tj.n	8ba0 <kb_key_pressed+0x88>
    8bf6:	46c0      	tnop			; (mov r8, r8)
    8bf8:	00848d24 	taddeq	r8, r4, r4, lsr #26
    8bfc:	00800583 	taddeq	r0, r0, r3, lsl #11
    8c00:	00800582 	taddeq	r0, r0, r2, lsl #11
    8c04:	00800580 	taddeq	r0, r0, r0, lsl #11
    8c08:	00800588 	taddeq	r0, r0, r8, lsl #11
    8c0c:	00800590 	umulleq	r0, r0, r0, r5
    8c10:	00800598 	umulleq	r0, r0, r8, r5
    8c14:	00848d2c 	taddeq	r8, r4, ip, lsr #26
    8c18:	00848f0c 	taddeq	r8, r4, ip, lsl #30
    8c1c:	00848f08 	taddeq	r8, r4, r8, lsl #30

00008c20 <kb_scan_key_value>:
kb_scan_key_value():
    8c20:	65f0      	tpush	{r4, r5, r6, r7, lr}
    8c22:	065f      	tmov	r7, fp
    8c24:	0656      	tmov	r6, sl
    8c26:	064d      	tmov	r5, r9
    8c28:	0644      	tmov	r4, r8
    8c2a:	64f0      	tpush	{r4, r5, r6, r7}
    8c2c:	6083      	tsub	sp, #12
    8c2e:	0680      	tmov	r8, r0
    8c30:	0689      	tmov	r9, r1
    8c32:	ec14      	tadds	r4, r2, #0
    8c34:	0d66      	tloadr	r5, [pc, #408]	; (8dd0 <kb_scan_key_value+0x1b0>)
    8c36:	a300      	tmovs	r3, #0
    8c38:	402b      	tstorerb	r3, [r5, #0]
    8c3a:	406b      	tstorerb	r3, [r5, #1]
    8c3c:	0865      	tloadr	r0, [pc, #404]	; (8dd4 <kb_scan_key_value+0x1b4>)
    8c3e:	0682      	tmov	sl, r0
    8c40:	4003      	tstorerb	r3, [r0, #0]
    8c42:	0b65      	tloadr	r3, [pc, #404]	; (8dd8 <kb_scan_key_value+0x1b8>)
    8c44:	581a      	tloadr	r2, [r3, #0]
    8c46:	585b      	tloadr	r3, [r3, #4]
    8c48:	3201      	tstorer	r2, [sp, #4]
    8c4a:	3302      	tstorer	r3, [sp, #8]
    8c4c:	0f63      	tloadr	r7, [pc, #396]	; (8ddc <kb_scan_key_value+0x1bc>)
    8c4e:	0e64      	tloadr	r6, [pc, #400]	; (8de0 <kb_scan_key_value+0x1c0>)
    8c50:	5833      	tloadr	r3, [r6, #0]
    8c52:	503b      	tstorer	r3, [r7, #0]
    8c54:	a000      	tmovs	r0, #0
    8c56:	ec21      	tadds	r1, r4, #0
    8c58:	97ff 9ed6 	tjl	8a08 <kb_scan_row>
    8c5c:	a000      	tmovs	r0, #0
    8c5e:	ec21      	tadds	r1, r4, #0
    8c60:	97ff 9ed2 	tjl	8a08 <kb_scan_row>
    8c64:	a001      	tmovs	r0, #1
    8c66:	ec21      	tadds	r1, r4, #0
    8c68:	97ff 9ece 	tjl	8a08 <kb_scan_row>
    8c6c:	3001      	tstorer	r0, [sp, #4]
    8c6e:	a000      	tmovs	r0, #0
    8c70:	ec21      	tadds	r1, r4, #0
    8c72:	97ff 9ec9 	tjl	8a08 <kb_scan_row>
    8c76:	3002      	tstorer	r0, [sp, #8]
    8c78:	a180      	tmovs	r1, #128	; 0x80
    8c7a:	f209      	tshftls	r1, r1, #8
    8c7c:	0642      	tmov	r2, r8
    8c7e:	0011      	tands	r1, r2
    8c80:	024b      	tnegs	r3, r1
    8c82:	0159      	taddcs	r1, r3
    8c84:	7801      	tadd	r0, sp, #4
    8c86:	97ff 9e87 	tjl	8998 <key_debounce_filter>
    8c8a:	a800      	tcmp	r0, #0
    8c8c:	c014      	tjeq.n	8cb8 <kb_scan_key_value+0x98>
    8c8e:	0955      	tloadr	r1, [pc, #340]	; (8de4 <kb_scan_key_value+0x1c4>)
    8c90:	580a      	tloadr	r2, [r1, #0]
    8c92:	a303      	tmovs	r3, #3
    8c94:	0013      	tands	r3, r2
    8c96:	f0db      	tshftls	r3, r3, #3
    8c98:	0853      	tloadr	r0, [pc, #332]	; (8de8 <kb_scan_key_value+0x1c8>)
    8c9a:	e81b      	tadds	r3, r3, r0
    8c9c:	3801      	tloadr	r0, [sp, #4]
    8c9e:	5018      	tstorer	r0, [r3, #0]
    8ca0:	3802      	tloadr	r0, [sp, #8]
    8ca2:	5058      	tstorer	r0, [r3, #4]
    8ca4:	b201      	tadds	r2, #1
    8ca6:	a307      	tmovs	r3, #7
    8ca8:	001a      	tands	r2, r3
    8caa:	500a      	tstorer	r2, [r1, #0]
    8cac:	094f      	tloadr	r1, [pc, #316]	; (8dec <kb_scan_key_value+0x1cc>)
    8cae:	5808      	tloadr	r0, [r1, #0]
    8cb0:	ea10      	tsubs	r0, r2, r0
    8cb2:	0018      	tands	r0, r3
    8cb4:	a804      	tcmp	r0, #4
    8cb6:	cc49      	tjgt.n	8d4c <kb_scan_key_value+0x12c>
    8cb8:	a001      	tmovs	r0, #1
    8cba:	0643      	tmov	r3, r8
    8cbc:	f61b      	tshftls	r3, r3, #24
    8cbe:	c43e      	tjmi.n	8d3e <kb_scan_key_value+0x11e>
    8cc0:	0a4a      	tloadr	r2, [pc, #296]	; (8dec <kb_scan_key_value+0x1cc>)
    8cc2:	5813      	tloadr	r3, [r2, #0]
    8cc4:	a400      	tmovs	r4, #0
    8cc6:	05a1      	tcmp	r9, r4
    8cc8:	c044      	tjeq.n	8d54 <kb_scan_key_value+0x134>
    8cca:	0946      	tloadr	r1, [pc, #280]	; (8de4 <kb_scan_key_value+0x1c4>)
    8ccc:	5809      	tloadr	r1, [r1, #0]
    8cce:	0299      	tcmp	r1, r3
    8cd0:	c040      	tjeq.n	8d54 <kb_scan_key_value+0x134>
    8cd2:	a403      	tmovs	r4, #3
    8cd4:	001c      	tands	r4, r3
    8cd6:	f0e4      	tshftls	r4, r4, #3
    8cd8:	0943      	tloadr	r1, [pc, #268]	; (8de8 <kb_scan_key_value+0x1c8>)
    8cda:	e861      	tadds	r1, r4, r1
    8cdc:	3100      	tstorer	r1, [sp, #0]
    8cde:	b301      	tadds	r3, #1
    8ce0:	a107      	tmovs	r1, #7
    8ce2:	000b      	tands	r3, r1
    8ce4:	5013      	tstorer	r3, [r2, #0]
    8ce6:	0641      	tmov	r1, r8
    8ce8:	0008      	tands	r0, r1
    8cea:	0652      	tmov	r2, sl
    8cec:	4813      	tloadrb	r3, [r2, #0]
    8cee:	f05b      	tshftls	r3, r3, #1
    8cf0:	0318      	tors	r0, r3
    8cf2:	f080      	tshftls	r0, r0, #2
    8cf4:	1836      	tloadr	r6, [r6, r0]
    8cf6:	06b4      	tmov	ip, r6
    8cf8:	503e      	tstorer	r6, [r7, #0]
    8cfa:	a300      	tmovs	r3, #0
    8cfc:	a200      	tmovs	r2, #0
    8cfe:	a401      	tmovs	r4, #1
    8d00:	06a3      	tmov	fp, r4
    8d02:	a601      	tmovs	r6, #1
    8d04:	06b2      	tmov	sl, r6
    8d06:	a72e      	tmovs	r7, #46	; 0x2e
    8d08:	06b8      	tmov	r8, r7
    8d0a:	f09b      	tshftls	r3, r3, #2
    8d0c:	3800      	tloadr	r0, [sp, #0]
    8d0e:	181b      	tloadr	r3, [r3, r0]
    8d10:	ab00      	tcmp	r3, #0
    8d12:	c00f      	tjeq.n	8d34 <kb_scan_key_value+0x114>
    8d14:	4828      	tloadrb	r0, [r5, #0]
    8d16:	a600      	tmovs	r6, #0
    8d18:	a100      	tmovs	r1, #0
    8d1a:	065c      	tmov	r4, fp
    8d1c:	021c      	tnand	r4, r3
    8d1e:	c11b      	tjne.n	8d58 <kb_scan_key_value+0x138>
    8d20:	4828      	tloadrb	r0, [r5, #0]
    8d22:	f85b      	tshftrs	r3, r3, #1
    8d24:	ab00      	tcmp	r3, #0
    8d26:	c003      	tjeq.n	8d30 <kb_scan_key_value+0x110>
    8d28:	b101      	tadds	r1, #1
    8d2a:	ec0e      	tadds	r6, r1, #0
    8d2c:	a902      	tcmp	r1, #2
    8d2e:	c1f4      	tjne.n	8d1a <kb_scan_key_value+0xfa>
    8d30:	a805      	tcmp	r0, #5
    8d32:	cc03      	tjgt.n	8d3c <kb_scan_key_value+0x11c>
    8d34:	b201      	tadds	r2, #1
    8d36:	ec13      	tadds	r3, r2, #0
    8d38:	aa02      	tcmp	r2, #2
    8d3a:	c1e6      	tjne.n	8d0a <kb_scan_key_value+0xea>
    8d3c:	a001      	tmovs	r0, #1
    8d3e:	6003      	tadd	sp, #12
    8d40:	6c3c      	tpop	{r2, r3, r4, r5}
    8d42:	0690      	tmov	r8, r2
    8d44:	0699      	tmov	r9, r3
    8d46:	06a2      	tmov	sl, r4
    8d48:	06ab      	tmov	fp, r5
    8d4a:	6df0      	tpop	{r4, r5, r6, r7, pc}
    8d4c:	ba04      	tsubs	r2, #4
    8d4e:	0013      	tands	r3, r2
    8d50:	500b      	tstorer	r3, [r1, #0]
    8d52:	87b1      	tj.n	8cb8 <kb_scan_key_value+0x98>
    8d54:	a000      	tmovs	r0, #0
    8d56:	87f2      	tj.n	8d3e <kb_scan_key_value+0x11e>
    8d58:	f077      	tshftls	r7, r6, #1
    8d5a:	0691      	tmov	r9, r2
    8d5c:	04e1      	tadd	r9, ip
    8d5e:	064c      	tmov	r4, r9
    8d60:	1de6      	tloadrb	r6, [r4, r7]
    8d62:	a720      	tmovs	r7, #32
    8d64:	e9bf      	tadds	r7, r7, r6
    8d66:	f63f      	tshftls	r7, r7, #24
    8d68:	fe3f      	tshftrs	r7, r7, #24
    8d6a:	06b9      	tmov	r9, r7
    8d6c:	a407      	tmovs	r4, #7
    8d6e:	05a1      	tcmp	r9, r4
    8d70:	c913      	tjls.n	8d9a <kb_scan_key_value+0x17a>
    8d72:	a44a      	tmovs	r4, #74	; 0x4a
    8d74:	e9a4      	tadds	r4, r4, r6
    8d76:	f624      	tshftls	r4, r4, #24
    8d78:	fe24      	tshftrs	r4, r4, #24
    8d7a:	06a1      	tmov	r9, r4
    8d7c:	a701      	tmovs	r7, #1
    8d7e:	05b9      	tcmp	r9, r7
    8d80:	c914      	tjls.n	8dac <kb_scan_key_value+0x18c>
    8d82:	aeff      	tcmp	r6, #255	; 0xff
    8d84:	c022      	tjeq.n	8dcc <kb_scan_key_value+0x1ac>
    8d86:	e82c      	tadds	r4, r5, r0
    8d88:	40a6      	tstorerb	r6, [r4, #2]
    8d8a:	b001      	tadds	r0, #1
    8d8c:	f600      	tshftls	r0, r0, #24
    8d8e:	fe00      	tshftrs	r0, r0, #24
    8d90:	4028      	tstorerb	r0, [r5, #0]
    8d92:	a805      	tcmp	r0, #5
    8d94:	cdc5      	tjle.n	8d22 <kb_scan_key_value+0x102>
    8d96:	a001      	tmovs	r0, #1
    8d98:	87d1      	tj.n	8d3e <kb_scan_key_value+0x11e>
    8d9a:	bee0      	tsubs	r6, #224	; 0xe0
    8d9c:	065f      	tmov	r7, fp
    8d9e:	00b7      	tshftls	r7, r6
    8da0:	ec3e      	tadds	r6, r7, #0
    8da2:	4868      	tloadrb	r0, [r5, #1]
    8da4:	0306      	tors	r6, r0
    8da6:	406e      	tstorerb	r6, [r5, #1]
    8da8:	4828      	tloadrb	r0, [r5, #0]
    8daa:	87f2      	tj.n	8d92 <kb_scan_key_value+0x172>
    8dac:	486c      	tloadrb	r4, [r5, #1]
    8dae:	0657      	tmov	r7, sl
    8db0:	033c      	tors	r4, r7
    8db2:	406c      	tstorerb	r4, [r5, #1]
    8db4:	beb6      	tsubs	r6, #182	; 0xb6
    8db6:	ee74      	tsubs	r4, r6, #1
    8db8:	01a6      	tsubcs	r6, r4
    8dba:	0647      	tmov	r7, r8
    8dbc:	ebbf      	tsubs	r7, r7, r6
    8dbe:	e82e      	tadds	r6, r5, r0
    8dc0:	40b7      	tstorerb	r7, [r6, #2]
    8dc2:	b001      	tadds	r0, #1
    8dc4:	f600      	tshftls	r0, r0, #24
    8dc6:	fe00      	tshftrs	r0, r0, #24
    8dc8:	4028      	tstorerb	r0, [r5, #0]
    8dca:	87e2      	tj.n	8d92 <kb_scan_key_value+0x172>
    8dcc:	4828      	tloadrb	r0, [r5, #0]
    8dce:	87e0      	tj.n	8d92 <kb_scan_key_value+0x172>
    8dd0:	00848f68 	taddeq	r8, r4, r8, ror #30
    8dd4:	00848f05 	taddeq	r8, r4, r5, lsl #30
    8dd8:	0000f6cc 	tandeq	pc, r0, ip, asr #13
    8ddc:	00848f84 	taddeq	r8, r4, r4, lsl #31
    8de0:	00848d14 	taddeq	r8, r4, r4, lsl sp
    8de4:	00848f80 	taddeq	r8, r4, r0, lsl #31
    8de8:	00848f48 	taddeq	r8, r4, r8, asr #30
    8dec:	00848f70 	taddeq	r8, r4, r0, ror pc

00008df0 <irq_disable>:
irq_disable():
    8df0:	0b02      	tloadr	r3, [pc, #8]	; (8dfc <irq_disable+0xc>)
    8df2:	4818      	tloadrb	r0, [r3, #0]
    8df4:	a200      	tmovs	r2, #0
    8df6:	401a      	tstorerb	r2, [r3, #0]
    8df8:	0770      	tjex	lr
    8dfa:	46c0      	tnop			; (mov r8, r8)
    8dfc:	00800643 	taddeq	r0, r0, r3, asr #12

00008e00 <get_sp_normal>:
get_sp_normal():
    8e00:	6401      	tpush	{r0}
    8e02:	6402      	tpush	{r1}
    8e04:	0802      	tloadr	r0, [pc, #8]	; (8e10 <MYSEC>)
    8e06:	0669      	tmov	r1, sp
    8e08:	5001      	tstorer	r1, [r0, #0]
    8e0a:	6c02      	tpop	{r1}
    8e0c:	6c01      	tpop	{r0}
    8e0e:	0770      	tjex	lr

00008e10 <MYSEC>:
    8e10:	00848f94 	umulleq	r8, r4, r4, pc
    8e14:	0770      	tjex	lr
    8e16:	46c0      	tnop			; (mov r8, r8)
    8e18:	46c0      	tnop			; (mov r8, r8)
    8e1a:	46c0      	tnop			; (mov r8, r8)
    8e1c:	46c0      	tnop			; (mov r8, r8)
    8e1e:	46c0      	tnop			; (mov r8, r8)

00008e20 <pwm_kick_32k_pad.clone.1>:
pwm_kick_32k_pad.clone.1():
    8e20:	65f0      	tpush	{r4, r5, r6, r7, lr}
    8e22:	0647      	tmov	r7, r8
    8e24:	6480      	tpush	{r7}
    8e26:	0e0f      	tloadr	r6, [pc, #60]	; (8e64 <pwm_kick_32k_pad.clone.1+0x44>)
    8e28:	a343      	tmovs	r3, #67	; 0x43
    8e2a:	4033      	tstorerb	r3, [r6, #0]
    8e2c:	0d0e      	tloadr	r5, [pc, #56]	; (8e68 <pwm_kick_32k_pad.clone.1+0x48>)
    8e2e:	a3f7      	tmovs	r3, #247	; 0xf7
    8e30:	402b      	tstorerb	r3, [r5, #0]
    8e32:	0c0e      	tloadr	r4, [pc, #56]	; (8e6c <pwm_kick_32k_pad.clone.1+0x4c>)
    8e34:	0b0e      	tloadr	r3, [pc, #56]	; (8e70 <pwm_kick_32k_pad.clone.1+0x50>)
    8e36:	5023      	tstorer	r3, [r4, #0]
    8e38:	0f0e      	tloadr	r7, [pc, #56]	; (8e74 <pwm_kick_32k_pad.clone.1+0x54>)
    8e3a:	a302      	tmovs	r3, #2
    8e3c:	403b      	tstorerb	r3, [r7, #0]
    8e3e:	0a0e      	tloadr	r2, [pc, #56]	; (8e78 <pwm_kick_32k_pad.clone.1+0x58>)
    8e40:	0690      	tmov	r8, r2
    8e42:	a3f3      	tmovs	r3, #243	; 0xf3
    8e44:	4013      	tstorerb	r3, [r2, #0]
    8e46:	080d      	tloadr	r0, [pc, #52]	; (8e7c <pwm_kick_32k_pad.clone.1+0x5c>)
    8e48:	97f7 9d5a 	tjl	900 <sleep_us>
    8e4c:	a306      	tmovs	r3, #6
    8e4e:	4033      	tstorerb	r3, [r6, #0]
    8e50:	a3ff      	tmovs	r3, #255	; 0xff
    8e52:	402b      	tstorerb	r3, [r5, #0]
    8e54:	a300      	tmovs	r3, #0
    8e56:	5023      	tstorer	r3, [r4, #0]
    8e58:	403b      	tstorerb	r3, [r7, #0]
    8e5a:	0642      	tmov	r2, r8
    8e5c:	4013      	tstorerb	r3, [r2, #0]
    8e5e:	6c04      	tpop	{r2}
    8e60:	0690      	tmov	r8, r2
    8e62:	6df0      	tpop	{r4, r5, r6, r7, pc}
    8e64:	00800066 	taddeq	r0, r0, r6, rrx
    8e68:	00800596 	umulleq	r0, r0, r6, r5
    8e6c:	00800798 	umulleq	r0, r0, r8, r7
    8e70:	00020001 	tandeq	r0, r2, r1
    8e74:	00800780 	taddeq	r0, r0, r0, lsl #15
    8e78:	00800782 	taddeq	r0, r0, r2, lsl #15
    8e7c:	00002710 	tandeq	r2, r0, r0, lsl r7

00008e80 <pwm_kick_32k_pad_times.clone.0>:
pwm_kick_32k_pad_times.clone.0():
    8e80:	6570      	tpush	{r4, r5, r6, lr}
    8e82:	a02d      	tmovs	r0, #45	; 0x2d
    8e84:	a195      	tmovs	r1, #149	; 0x95
    8e86:	97f7 9ba5 	tjl	5d4 <analog_write>
    8e8a:	a005      	tmovs	r0, #5
    8e8c:	a100      	tmovs	r1, #0
    8e8e:	97f7 9ba1 	tjl	5d4 <analog_write>
    8e92:	a40a      	tmovs	r4, #10
    8e94:	0d09      	tloadr	r5, [pc, #36]	; (8ebc <pwm_kick_32k_pad_times.clone.0+0x3c>)
    8e96:	8002      	tj.n	8e9e <pwm_kick_32k_pad_times.clone.0+0x1e>
    8e98:	bc01      	tsubs	r4, #1
    8e9a:	ac00      	tcmp	r4, #0
    8e9c:	c00d      	tjeq.n	8eba <pwm_kick_32k_pad_times.clone.0+0x3a>
    8e9e:	97ff 9fbf 	tjl	8e20 <pwm_kick_32k_pad.clone.1>
    8ea2:	582b      	tloadr	r3, [r5, #0]
    8ea4:	9000 980e 	tjl	8ec4 <pwm_kick_32k_pad_times.clone.0+0x44>
    8ea8:	ec06      	tadds	r6, r0, #0
    8eaa:	0805      	tloadr	r0, [pc, #20]	; (8ec0 <pwm_kick_32k_pad_times.clone.0+0x40>)
    8eac:	97f7 9d28 	tjl	900 <sleep_us>
    8eb0:	582b      	tloadr	r3, [r5, #0]
    8eb2:	9000 9807 	tjl	8ec4 <pwm_kick_32k_pad_times.clone.0+0x44>
    8eb6:	0286      	tcmp	r6, r0
    8eb8:	c0ee      	tjeq.n	8e98 <pwm_kick_32k_pad_times.clone.0+0x18>
    8eba:	6d70      	tpop	{r4, r5, r6, pc}
    8ebc:	00848f20 	taddeq	r8, r4, r0, lsr #30
    8ec0:	00000131 	tandeq	r0, r0, r1, lsr r1
    8ec4:	0718      	tjex	r3
    8ec6:	46c0      	tnop			; (mov r8, r8)

00008ec8 <pm_get_info1>:
pm_get_info1():
    8ec8:	0b03      	tloadr	r3, [pc, #12]	; (8ed8 <pm_get_info1+0x10>)
    8eca:	a262      	tmovs	r2, #98	; 0x62
    8ecc:	401a      	tstorerb	r2, [r3, #0]
    8ece:	0a03      	tloadr	r2, [pc, #12]	; (8edc <pm_get_info1+0x14>)
    8ed0:	5810      	tloadr	r0, [r2, #0]
    8ed2:	a200      	tmovs	r2, #0
    8ed4:	401a      	tstorerb	r2, [r3, #0]
    8ed6:	0770      	tjex	lr
    8ed8:	00800074 	taddeq	r0, r0, r4, ror r0
    8edc:	0080004c 	taddeq	r0, r0, ip, asr #32

00008ee0 <cpu_wakeup_no_deepretn_back_init>:
cpu_wakeup_no_deepretn_back_init():
    8ee0:	6530      	tpush	{r4, r5, lr}
    8ee2:	9000 991d 	tjl	9120 <random_generator_pre_init>
    8ee6:	0d44      	tloadr	r5, [pc, #272]	; (8ff8 <cpu_wakeup_no_deepretn_back_init+0x118>)
    8ee8:	496b      	tloadrb	r3, [r5, #5]
    8eea:	ab00      	tcmp	r3, #0
    8eec:	c012      	tjeq.n	8f14 <cpu_wakeup_no_deepretn_back_init+0x34>
    8eee:	a03c      	tmovs	r0, #60	; 0x3c
    8ef0:	97f7 9b50 	tjl	594 <analog_read>
    8ef4:	f7c2      	tshftls	r2, r0, #31
    8ef6:	c431      	tjmi.n	8f5c <cpu_wakeup_no_deepretn_back_init+0x7c>
    8ef8:	a03c      	tmovs	r0, #60	; 0x3c
    8efa:	97f7 9b4b 	tjl	594 <analog_read>
    8efe:	a301      	tmovs	r3, #1
    8f00:	ec01      	tadds	r1, r0, #0
    8f02:	0319      	tors	r1, r3
    8f04:	f609      	tshftls	r1, r1, #24
    8f06:	fe09      	tshftrs	r1, r1, #24
    8f08:	a03c      	tmovs	r0, #60	; 0x3c
    8f0a:	97f7 9b63 	tjl	5d4 <analog_write>
    8f0e:	97ff 9fb7 	tjl	8e80 <pwm_kick_32k_pad_times.clone.0>
    8f12:	8001      	tj.n	8f18 <cpu_wakeup_no_deepretn_back_init+0x38>
    8f14:	97ff 9bb4 	tjl	8680 <rc_32k_cal>
    8f18:	97ff 9bdc 	tjl	86d4 <doubler_calibration>
    8f1c:	97ff 9fd4 	tjl	8ec8 <pm_get_info1>
    8f20:	ff44      	tshftrs	r4, r0, #29
    8f22:	422c      	tstorerb	r4, [r5, #8]
    8f24:	a3c0      	tmovs	r3, #192	; 0xc0
    8f26:	0003      	tands	r3, r0
    8f28:	a500      	tmovs	r5, #0
    8f2a:	abc0      	tcmp	r3, #192	; 0xc0
    8f2c:	c040      	tjeq.n	8fb0 <cpu_wakeup_no_deepretn_back_init+0xd0>
    8f2e:	ec2b      	tadds	r3, r5, #0
    8f30:	0323      	tors	r3, r4
    8f32:	c129      	tjne.n	8f88 <cpu_wakeup_no_deepretn_back_init+0xa8>
    8f34:	0a31      	tloadr	r2, [pc, #196]	; (8ffc <cpu_wakeup_no_deepretn_back_init+0x11c>)
    8f36:	4813      	tloadrb	r3, [r2, #0]
    8f38:	ab00      	tcmp	r3, #0
    8f3a:	c113      	tjne.n	8f64 <cpu_wakeup_no_deepretn_back_init+0x84>
    8f3c:	0b30      	tloadr	r3, [pc, #192]	; (9000 <cpu_wakeup_no_deepretn_back_init+0x120>)
    8f3e:	581a      	tloadr	r2, [r3, #0]
    8f40:	0b30      	tloadr	r3, [pc, #192]	; (9004 <cpu_wakeup_no_deepretn_back_init+0x124>)
    8f42:	501a      	tstorer	r2, [r3, #0]
    8f44:	97ff 9c50 	tjl	87e8 <flash_read_mid>
    8f48:	0c2f      	tloadr	r4, [pc, #188]	; (9008 <cpu_wakeup_no_deepretn_back_init+0x128>)
    8f4a:	5020      	tstorer	r0, [r4, #0]
    8f4c:	97ff 9c8c 	tjl	8868 <flash_get_vendor>
    8f50:	0b2e      	tloadr	r3, [pc, #184]	; (900c <cpu_wakeup_no_deepretn_back_init+0x12c>)
    8f52:	5018      	tstorer	r0, [r3, #0]
    8f54:	48a0      	tloadrb	r0, [r4, #2]
    8f56:	97ff 9c7b 	tjl	8850 <flash_set_capacity>
    8f5a:	6d30      	tpop	{r4, r5, pc}
    8f5c:	082c      	tloadr	r0, [pc, #176]	; (9010 <cpu_wakeup_no_deepretn_back_init+0x130>)
    8f5e:	97f7 9ccf 	tjl	900 <sleep_us>
    8f62:	87d9      	tj.n	8f18 <cpu_wakeup_no_deepretn_back_init+0x38>
    8f64:	092b      	tloadr	r1, [pc, #172]	; (9014 <cpu_wakeup_no_deepretn_back_init+0x134>)
    8f66:	5808      	tloadr	r0, [r1, #0]
    8f68:	a103      	tmovs	r1, #3
    8f6a:	0388      	tbclrs	r0, r1
    8f6c:	000b      	tands	r3, r1
    8f6e:	0303      	tors	r3, r0
    8f70:	f61b      	tshftls	r3, r3, #24
    8f72:	fe1b      	tshftrs	r3, r3, #24
    8f74:	4013      	tstorerb	r3, [r2, #0]
    8f76:	a1a5      	tmovs	r1, #165	; 0xa5
    8f78:	0a27      	tloadr	r2, [pc, #156]	; (9018 <cpu_wakeup_no_deepretn_back_init+0x138>)
    8f7a:	4011      	tstorerb	r1, [r2, #0]
    8f7c:	b201      	tadds	r2, #1
    8f7e:	4013      	tstorerb	r3, [r2, #0]
    8f80:	a200      	tmovs	r2, #0
    8f82:	0b20      	tloadr	r3, [pc, #128]	; (9004 <cpu_wakeup_no_deepretn_back_init+0x124>)
    8f84:	501a      	tstorer	r2, [r3, #0]
    8f86:	87dd      	tj.n	8f44 <cpu_wakeup_no_deepretn_back_init+0x64>
    8f88:	97ff 9f3a 	tjl	8e00 <get_sp_normal>
    8f8c:	ad00      	tcmp	r5, #0
    8f8e:	c023      	tjeq.n	8fd8 <cpu_wakeup_no_deepretn_back_init+0xf8>
    8f90:	0b22      	tloadr	r3, [pc, #136]	; (901c <cpu_wakeup_no_deepretn_back_init+0x13c>)
    8f92:	581b      	tloadr	r3, [r3, #0]
    8f94:	bb01      	tsubs	r3, #1
    8f96:	bbff      	tsubs	r3, #255	; 0xff
    8f98:	0921      	tloadr	r1, [pc, #132]	; (9020 <cpu_wakeup_no_deepretn_back_init+0x140>)
    8f9a:	028b      	tcmp	r3, r1
    8f9c:	c8ca      	tjhi.n	8f34 <cpu_wakeup_no_deepretn_back_init+0x54>
    8f9e:	a000      	tmovs	r0, #0
    8fa0:	a480      	tmovs	r4, #128	; 0x80
    8fa2:	f424      	tshftls	r4, r4, #16
    8fa4:	e91a      	tadds	r2, r3, r4
    8fa6:	5010      	tstorer	r0, [r2, #0]
    8fa8:	b310      	tadds	r3, #16
    8faa:	028b      	tcmp	r3, r1
    8fac:	c9f8      	tjls.n	8fa0 <cpu_wakeup_no_deepretn_back_init+0xc0>
    8fae:	87c1      	tj.n	8f34 <cpu_wakeup_no_deepretn_back_init+0x54>
    8fb0:	a501      	tmovs	r5, #1
    8fb2:	f5c3      	tshftls	r3, r0, #23
    8fb4:	c4bb      	tjmi.n	8f2e <cpu_wakeup_no_deepretn_back_init+0x4e>
    8fb6:	0b1b      	tloadr	r3, [pc, #108]	; (9024 <cpu_wakeup_no_deepretn_back_init+0x144>)
    8fb8:	489a      	tloadrb	r2, [r3, #2]
    8fba:	48d9      	tloadrb	r1, [r3, #3]
    8fbc:	f209      	tshftls	r1, r1, #8
    8fbe:	a500      	tmovs	r5, #0
    8fc0:	0311      	tors	r1, r2
    8fc2:	c0b4      	tjeq.n	8f2e <cpu_wakeup_no_deepretn_back_init+0x4e>
    8fc4:	a23f      	tmovs	r2, #63	; 0x3f
    8fc6:	0010      	tands	r0, r2
    8fc8:	f082      	tshftls	r2, r0, #2
    8fca:	e810      	tadds	r0, r2, r0
    8fcc:	0a16      	tloadr	r2, [pc, #88]	; (9028 <cpu_wakeup_no_deepretn_back_init+0x148>)
    8fce:	e880      	tadds	r0, r0, r2
    8fd0:	4018      	tstorerb	r0, [r3, #0]
    8fd2:	fa00      	tshftrs	r0, r0, #8
    8fd4:	4058      	tstorerb	r0, [r3, #1]
    8fd6:	87aa      	tj.n	8f2e <cpu_wakeup_no_deepretn_back_init+0x4e>
    8fd8:	ac02      	tcmp	r4, #2
    8fda:	c007      	tjeq.n	8fec <cpu_wakeup_no_deepretn_back_init+0x10c>
    8fdc:	ac04      	tcmp	r4, #4
    8fde:	c1a9      	tjne.n	8f34 <cpu_wakeup_no_deepretn_back_init+0x54>
    8fe0:	0b0e      	tloadr	r3, [pc, #56]	; (901c <cpu_wakeup_no_deepretn_back_init+0x13c>)
    8fe2:	581b      	tloadr	r3, [r3, #0]
    8fe4:	0a11      	tloadr	r2, [pc, #68]	; (902c <cpu_wakeup_no_deepretn_back_init+0x14c>)
    8fe6:	0293      	tcmp	r3, r2
    8fe8:	c9a4      	tjls.n	8f34 <cpu_wakeup_no_deepretn_back_init+0x54>
    8fea:	87d3      	tj.n	8f94 <cpu_wakeup_no_deepretn_back_init+0xb4>
    8fec:	0b0b      	tloadr	r3, [pc, #44]	; (901c <cpu_wakeup_no_deepretn_back_init+0x13c>)
    8fee:	581b      	tloadr	r3, [r3, #0]
    8ff0:	0a0f      	tloadr	r2, [pc, #60]	; (9030 <cpu_wakeup_no_deepretn_back_init+0x150>)
    8ff2:	0293      	tcmp	r3, r2
    8ff4:	c8ce      	tjhi.n	8f94 <cpu_wakeup_no_deepretn_back_init+0xb4>
    8ff6:	879d      	tj.n	8f34 <cpu_wakeup_no_deepretn_back_init+0x54>
    8ff8:	0084314c 	taddeq	r3, r4, ip, asr #2
    8ffc:	0080063e 	taddeq	r0, r0, lr, lsr r6
    9000:	0084384c 	taddeq	r3, r4, ip, asr #16
    9004:	00843860 	taddeq	r3, r4, r0, ror #16
    9008:	00843144 	taddeq	r3, r4, r4, asr #2
    900c:	00843140 	taddeq	r3, r4, r0, asr #2
    9010:	00001770 	tandeq	r1, r0, r0, ror r7
    9014:	00843850 	taddeq	r3, r4, r0, asr r8
    9018:	00840004 	taddeq	r0, r4, r4
    901c:	00848f94 	umulleq	r8, r4, r4, pc
    9020:	0084ffff 	undefined instruction 0x0084ffff
    9024:	0084312c 	taddeq	r3, r4, ip, lsr #2
    9028:	000003f7 	undefined instruction 0x000003f7
    902c:	0084c000 	taddeq	ip, r4, r0
    9030:	00848000 	taddeq	r8, r4, r0

00009034 <soft_reboot_dly13ms_use24mRC>:
soft_reboot_dly13ms_use24mRC():
    9034:	6580      	tpush	{r7, lr}
    9036:	6081      	tsub	sp, #4
    9038:	7f00      	tadd	r7, sp, #0
    903a:	a300      	tmovs	r3, #0
    903c:	503b      	tstorer	r3, [r7, #0]
    903e:	8002      	tj.n	9046 <soft_reboot_dly13ms_use24mRC+0x12>
    9040:	583b      	tloadr	r3, [r7, #0]
    9042:	b301      	tadds	r3, #1
    9044:	503b      	tstorer	r3, [r7, #0]
    9046:	583a      	tloadr	r2, [r7, #0]
    9048:	0b02      	tloadr	r3, [pc, #8]	; (9054 <soft_reboot_dly13ms_use24mRC+0x20>)
    904a:	029a      	tcmp	r2, r3
    904c:	cdf8      	tjle.n	9040 <soft_reboot_dly13ms_use24mRC+0xc>
    904e:	06bd      	tmov	sp, r7
    9050:	6001      	tadd	sp, #4
    9052:	6d80      	tpop	{r7, pc}
    9054:	00003c8b 	tandeq	r3, r0, fp, lsl #25

00009058 <cpu_set_gpio_wakeup>:
cpu_set_gpio_wakeup():
    9058:	65f0      	tpush	{r4, r5, r6, r7, lr}
    905a:	0647      	tmov	r7, r8
    905c:	6480      	tpush	{r7}
    905e:	0690      	tmov	r8, r2
    9060:	f405      	tshftls	r5, r0, #16
    9062:	f60f      	tshftls	r7, r1, #24
    9064:	fe3f      	tshftrs	r7, r7, #24
    9066:	f22c      	tshftls	r4, r5, #8
    9068:	fe24      	tshftrs	r4, r4, #24
    906a:	fe2d      	tshftrs	r5, r5, #24
    906c:	ec2e      	tadds	r6, r5, #0
    906e:	b621      	tadds	r6, #33	; 0x21
    9070:	f636      	tshftls	r6, r6, #24
    9072:	fe36      	tshftrs	r6, r6, #24
    9074:	ec30      	tadds	r0, r6, #0
    9076:	97f7 9a8d 	tjl	594 <analog_read>
    907a:	af00      	tcmp	r7, #0
    907c:	c017      	tjeq.n	90ae <cpu_set_gpio_wakeup+0x56>
    907e:	03a0      	tbclrs	r0, r4
    9080:	f601      	tshftls	r1, r0, #24
    9082:	fe09      	tshftrs	r1, r1, #24
    9084:	ec30      	tadds	r0, r6, #0
    9086:	97f7 9aa5 	tjl	5d4 <analog_write>
    908a:	b527      	tadds	r5, #39	; 0x27
    908c:	f62d      	tshftls	r5, r5, #24
    908e:	fe2d      	tshftrs	r5, r5, #24
    9090:	ec28      	tadds	r0, r5, #0
    9092:	97f7 9a7f 	tjl	594 <analog_read>
    9096:	a300      	tmovs	r3, #0
    9098:	0598      	tcmp	r8, r3
    909a:	c10c      	tjne.n	90b6 <cpu_set_gpio_wakeup+0x5e>
    909c:	03a0      	tbclrs	r0, r4
    909e:	f601      	tshftls	r1, r0, #24
    90a0:	fe09      	tshftrs	r1, r1, #24
    90a2:	ec28      	tadds	r0, r5, #0
    90a4:	97f7 9a96 	tjl	5d4 <analog_write>
    90a8:	6c04      	tpop	{r2}
    90aa:	0690      	tmov	r8, r2
    90ac:	6df0      	tpop	{r4, r5, r6, r7, pc}
    90ae:	0320      	tors	r0, r4
    90b0:	f601      	tshftls	r1, r0, #24
    90b2:	fe09      	tshftrs	r1, r1, #24
    90b4:	87e6      	tj.n	9084 <cpu_set_gpio_wakeup+0x2c>
    90b6:	0304      	tors	r4, r0
    90b8:	f621      	tshftls	r1, r4, #24
    90ba:	fe09      	tshftrs	r1, r1, #24
    90bc:	87f1      	tj.n	90a2 <cpu_set_gpio_wakeup+0x4a>
    90be:	46c0      	tnop			; (mov r8, r8)

000090c0 <rf_start_brx>:
rf_start_brx():
    90c0:	0a09      	tloadr	r2, [pc, #36]	; (90e8 <rf_start_brx+0x28>)
    90c2:	0b0a      	tloadr	r3, [pc, #40]	; (90ec <rf_start_brx+0x2c>)
    90c4:	501a      	tstorer	r2, [r3, #0]
    90c6:	bb10      	tsubs	r3, #16
    90c8:	5019      	tstorer	r1, [r3, #0]
    90ca:	bb02      	tsubs	r3, #2
    90cc:	4819      	tloadrb	r1, [r3, #0]
    90ce:	a204      	tmovs	r2, #4
    90d0:	030a      	tors	r2, r1
    90d2:	f612      	tshftls	r2, r2, #24
    90d4:	fe12      	tshftrs	r2, r2, #24
    90d6:	401a      	tstorerb	r2, [r3, #0]
    90d8:	a282      	tmovs	r2, #130	; 0x82
    90da:	bb16      	tsubs	r3, #22
    90dc:	401a      	tstorerb	r2, [r3, #0]
    90de:	f400      	tshftls	r0, r0, #16
    90e0:	fc00      	tshftrs	r0, r0, #16
    90e2:	0b03      	tloadr	r3, [pc, #12]	; (90f0 <rf_start_brx+0x30>)
    90e4:	2018      	tstorerh	r0, [r3, #0]
    90e6:	0770      	tjex	lr
    90e8:	0fffffff 	tserveq	0x00ffffff
    90ec:	01000f28 	tnandeq	r0, r8, lsr #30
    90f0:	01000c0c 	tnandeq	r0, ip, lsl #24

000090f4 <rf_start_stx2rx>:
rf_start_stx2rx():
    90f4:	0b08      	tloadr	r3, [pc, #32]	; (9118 <rf_start_stx2rx+0x24>)
    90f6:	5019      	tstorer	r1, [r3, #0]
    90f8:	bb02      	tsubs	r3, #2
    90fa:	4819      	tloadrb	r1, [r3, #0]
    90fc:	a204      	tmovs	r2, #4
    90fe:	030a      	tors	r2, r1
    9100:	f612      	tshftls	r2, r2, #24
    9102:	fe12      	tshftrs	r2, r2, #24
    9104:	401a      	tstorerb	r2, [r3, #0]
    9106:	a287      	tmovs	r2, #135	; 0x87
    9108:	bb16      	tsubs	r3, #22
    910a:	401a      	tstorerb	r2, [r3, #0]
    910c:	f400      	tshftls	r0, r0, #16
    910e:	fc00      	tshftrs	r0, r0, #16
    9110:	0b02      	tloadr	r3, [pc, #8]	; (911c <rf_start_stx2rx+0x28>)
    9112:	2018      	tstorerh	r0, [r3, #0]
    9114:	0770      	tjex	lr
    9116:	46c0      	tnop			; (mov r8, r8)
    9118:	01000f18 	tnandeq	r0, r8, lsl pc
    911c:	01000c0c 	tnandeq	r0, ip, lsl #24

00009120 <random_generator_pre_init>:
random_generator_pre_init():
    9120:	6510      	tpush	{r4, lr}
    9122:	0b1b      	tloadr	r3, [pc, #108]	; (9190 <random_generator_pre_init+0x70>)
    9124:	a420      	tmovs	r4, #32
    9126:	401c      	tstorerb	r4, [r3, #0]
    9128:	a200      	tmovs	r2, #0
    912a:	401a      	tstorerb	r2, [r3, #0]
    912c:	a082      	tmovs	r0, #130	; 0x82
    912e:	97f7 9a31 	tjl	594 <analog_read>
    9132:	a340      	tmovs	r3, #64	; 0x40
    9134:	ec01      	tadds	r1, r0, #0
    9136:	0319      	tors	r1, r3
    9138:	f609      	tshftls	r1, r1, #24
    913a:	fe09      	tshftrs	r1, r1, #24
    913c:	a082      	tmovs	r0, #130	; 0x82
    913e:	97f7 9a49 	tjl	5d4 <analog_write>
    9142:	a0f4      	tmovs	r0, #244	; 0xf4
    9144:	a105      	tmovs	r1, #5
    9146:	97f7 9a45 	tjl	5d4 <analog_write>
    914a:	a0ef      	tmovs	r0, #239	; 0xef
    914c:	a128      	tmovs	r1, #40	; 0x28
    914e:	97f7 9a41 	tjl	5d4 <analog_write>
    9152:	a0f0      	tmovs	r0, #240	; 0xf0
    9154:	a100      	tmovs	r1, #0
    9156:	97f7 9a3d 	tjl	5d4 <analog_write>
    915a:	a0f1      	tmovs	r0, #241	; 0xf1
    915c:	a100      	tmovs	r1, #0
    915e:	97f7 9a39 	tjl	5d4 <analog_write>
    9162:	a0f2      	tmovs	r0, #242	; 0xf2
    9164:	a108      	tmovs	r1, #8
    9166:	97f7 9a35 	tjl	5d4 <analog_write>
    916a:	a004      	tmovs	r0, #4
    916c:	a100      	tmovs	r1, #0
    916e:	97ff 9a31 	tjl	85d4 <adc_set_ref_voltage>
    9172:	a0fe      	tmovs	r0, #254	; 0xfe
    9174:	a110      	tmovs	r1, #16
    9176:	97f7 9a2d 	tjl	5d4 <analog_write>
    917a:	a0fc      	tmovs	r0, #252	; 0xfc
    917c:	97f7 9a0a 	tjl	594 <analog_read>
    9180:	ec01      	tadds	r1, r0, #0
    9182:	03a1      	tbclrs	r1, r4
    9184:	f609      	tshftls	r1, r1, #24
    9186:	fe09      	tshftrs	r1, r1, #24
    9188:	a0fc      	tmovs	r0, #252	; 0xfc
    918a:	97f7 9a23 	tjl	5d4 <analog_write>
    918e:	6d10      	tpop	{r4, pc}
    9190:	00800061 	taddeq	r0, r0, r1, rrx

00009194 <random_generator_init>:
random_generator_init():
    9194:	65f0      	tpush	{r4, r5, r6, r7, lr}
    9196:	a0f6      	tmovs	r0, #246	; 0xf6
    9198:	97f7 99fc 	tjl	594 <analog_read>
    919c:	ec06      	tadds	r6, r0, #0
    919e:	a0f5      	tmovs	r0, #245	; 0xf5
    91a0:	97f7 99f8 	tjl	594 <analog_read>
    91a4:	ec05      	tadds	r5, r0, #0
    91a6:	a0f6      	tmovs	r0, #246	; 0xf6
    91a8:	97f7 99f4 	tjl	594 <analog_read>
    91ac:	ec07      	tadds	r7, r0, #0
    91ae:	a0f5      	tmovs	r0, #245	; 0xf5
    91b0:	97f7 99f0 	tjl	594 <analog_read>
    91b4:	0c17      	tloadr	r4, [pc, #92]	; (9214 <random_generator_init+0x80>)
    91b6:	f236      	tshftls	r6, r6, #8
    91b8:	0335      	tors	r5, r6
    91ba:	f42d      	tshftls	r5, r5, #16
    91bc:	f23f      	tshftls	r7, r7, #8
    91be:	0338      	tors	r0, r7
    91c0:	f400      	tshftls	r0, r0, #16
    91c2:	fc00      	tshftrs	r0, r0, #16
    91c4:	0305      	tors	r5, r0
    91c6:	5025      	tstorer	r5, [r4, #0]
    91c8:	a0f6      	tmovs	r0, #246	; 0xf6
    91ca:	97f7 99e3 	tjl	594 <analog_read>
    91ce:	ec06      	tadds	r6, r0, #0
    91d0:	a0f5      	tmovs	r0, #245	; 0xf5
    91d2:	97f7 99df 	tjl	594 <analog_read>
    91d6:	ec05      	tadds	r5, r0, #0
    91d8:	a0f6      	tmovs	r0, #246	; 0xf6
    91da:	97f7 99db 	tjl	594 <analog_read>
    91de:	ec07      	tadds	r7, r0, #0
    91e0:	a0f5      	tmovs	r0, #245	; 0xf5
    91e2:	97f7 99d7 	tjl	594 <analog_read>
    91e6:	f236      	tshftls	r6, r6, #8
    91e8:	0335      	tors	r5, r6
    91ea:	f42d      	tshftls	r5, r5, #16
    91ec:	f23f      	tshftls	r7, r7, #8
    91ee:	0338      	tors	r0, r7
    91f0:	f400      	tshftls	r0, r0, #16
    91f2:	fc00      	tshftrs	r0, r0, #16
    91f4:	0305      	tors	r5, r0
    91f6:	5065      	tstorer	r5, [r4, #4]
    91f8:	a0fc      	tmovs	r0, #252	; 0xfc
    91fa:	97f7 99cb 	tjl	594 <analog_read>
    91fe:	a320      	tmovs	r3, #32
    9200:	ec01      	tadds	r1, r0, #0
    9202:	0399      	tbclrs	r1, r3
    9204:	0319      	tors	r1, r3
    9206:	f609      	tshftls	r1, r1, #24
    9208:	fe09      	tshftrs	r1, r1, #24
    920a:	a0fc      	tmovs	r0, #252	; 0xfc
    920c:	97f7 99e2 	tjl	5d4 <analog_write>
    9210:	6df0      	tpop	{r4, r5, r6, r7, pc}
    9212:	46c0      	tnop			; (mov r8, r8)
    9214:	00843178 	taddeq	r3, r4, r8, ror r1

00009218 <generateRandomNum>:
generateRandomNum():
    9218:	65f0      	tpush	{r4, r5, r6, r7, lr}
    921a:	ec05      	tadds	r5, r0, #0
    921c:	ec0e      	tadds	r6, r1, #0
    921e:	a800      	tcmp	r0, #0
    9220:	cd10      	tjle.n	9244 <generateRandomNum+0x2c>
    9222:	a000      	tmovs	r0, #0
    9224:	a400      	tmovs	r4, #0
    9226:	a703      	tmovs	r7, #3
    9228:	8004      	tj.n	9234 <generateRandomNum+0x1c>
    922a:	1530      	tstorerb	r0, [r6, r4]
    922c:	b401      	tadds	r4, #1
    922e:	02a5      	tcmp	r5, r4
    9230:	cd08      	tjle.n	9244 <generateRandomNum+0x2c>
    9232:	fa00      	tshftrs	r0, r0, #8
    9234:	0227      	tnand	r7, r4
    9236:	c1f8      	tjne.n	922a <generateRandomNum+0x12>
    9238:	97f8 9846 	tjl	12c8 <rand>
    923c:	1530      	tstorerb	r0, [r6, r4]
    923e:	b401      	tadds	r4, #1
    9240:	02a5      	tcmp	r5, r4
    9242:	ccf6      	tjgt.n	9232 <generateRandomNum+0x1a>
    9244:	6df0      	tpop	{r4, r5, r6, r7, pc}
    9246:	46c0      	tnop			; (mov r8, r8)

00009248 <blt_ll_write_sonos_flash>:
blt_ll_write_sonos_flash():
    9248:	65f0      	tpush	{r4, r5, r6, r7, lr}
    924a:	065f      	tmov	r7, fp
    924c:	0656      	tmov	r6, sl
    924e:	064d      	tmov	r5, r9
    9250:	0644      	tmov	r4, r8
    9252:	64f0      	tpush	{r4, r5, r6, r7}
    9254:	6085      	tsub	sp, #20
    9256:	0682      	tmov	sl, r0
    9258:	0688      	tmov	r8, r1
    925a:	0691      	tmov	r9, r2
    925c:	a6ff      	tmovs	r6, #255	; 0xff
    925e:	0006      	tands	r6, r0
    9260:	a380      	tmovs	r3, #128	; 0x80
    9262:	f05b      	tshftls	r3, r3, #1
    9264:	eb9e      	tsubs	r6, r3, r6
    9266:	0c42      	tloadr	r4, [pc, #264]	; (9370 <blt_ll_write_sonos_flash+0x128>)
    9268:	0d42      	tloadr	r5, [pc, #264]	; (9374 <blt_ll_write_sonos_flash+0x12c>)
    926a:	a700      	tmovs	r7, #0
    926c:	0546      	tcmp	r6, r8
    926e:	c900      	tjls.n	9272 <blt_ll_write_sonos_flash+0x2a>
    9270:	0646      	tmov	r6, r8
    9272:	0841      	tloadr	r0, [pc, #260]	; (9378 <blt_ll_write_sonos_flash+0x130>)
    9274:	5803      	tloadr	r3, [r0, #0]
    9276:	0941      	tloadr	r1, [pc, #260]	; (937c <blt_ll_write_sonos_flash+0x134>)
    9278:	028b      	tcmp	r3, r1
    927a:	c047      	tjeq.n	930c <blt_ll_write_sonos_flash+0xc4>
    927c:	0840      	tloadr	r0, [pc, #256]	; (9380 <blt_ll_write_sonos_flash+0x138>)
    927e:	0283      	tcmp	r3, r0
    9280:	c056      	tjeq.n	9330 <blt_ll_write_sonos_flash+0xe8>
    9282:	4e23      	tloadrb	r3, [r4, #24]
    9284:	ab01      	tcmp	r3, #1
    9286:	c04a      	tjeq.n	931e <blt_ll_write_sonos_flash+0xd6>
    9288:	093e      	tloadr	r1, [pc, #248]	; (9384 <blt_ll_write_sonos_flash+0x13c>)
    928a:	3104      	tstorer	r1, [sp, #16]
    928c:	0a3e      	tloadr	r2, [pc, #248]	; (9388 <blt_ll_write_sonos_flash+0x140>)
    928e:	5810      	tloadr	r0, [r2, #0]
    9290:	5813      	tloadr	r3, [r2, #0]
    9292:	a101      	tmovs	r1, #1
    9294:	0319      	tors	r1, r3
    9296:	5221      	tstorer	r1, [r4, #32]
    9298:	3b03      	tloadr	r3, [sp, #12]
    929a:	f11b      	tshftls	r3, r3, #4
    929c:	069c      	tmov	ip, r3
    929e:	3b04      	tloadr	r3, [sp, #16]
    92a0:	f119      	tshftls	r1, r3, #4
    92a2:	3002      	tstorer	r0, [sp, #8]
    92a4:	3101      	tstorer	r1, [sp, #4]
    92a6:	482b      	tloadrb	r3, [r5, #0]
    92a8:	402f      	tstorerb	r7, [r5, #0]
    92aa:	4de0      	tloadrb	r0, [r4, #23]
    92ac:	0683      	tmov	fp, r0
    92ae:	a100      	tmovs	r1, #0
    92b0:	058b      	tcmp	fp, r1
    92b2:	c029      	tjeq.n	9308 <blt_ll_write_sonos_flash+0xc0>
    92b4:	4de0      	tloadrb	r0, [r4, #23]
    92b6:	0683      	tmov	fp, r0
    92b8:	a101      	tmovs	r1, #1
    92ba:	058b      	tcmp	fp, r1
    92bc:	c01b      	tjeq.n	92f6 <blt_ll_write_sonos_flash+0xae>
    92be:	402b      	tstorerb	r3, [r5, #0]
    92c0:	5813      	tloadr	r3, [r2, #0]
    92c2:	3802      	tloadr	r0, [sp, #8]
    92c4:	ea1b      	tsubs	r3, r3, r0
    92c6:	3901      	tloadr	r1, [sp, #4]
    92c8:	028b      	tcmp	r3, r1
    92ca:	c9ec      	tjls.n	92a6 <blt_ll_write_sonos_flash+0x5e>
    92cc:	4de3      	tloadrb	r3, [r4, #23]
    92ce:	ab02      	tcmp	r3, #2
    92d0:	c0fc      	tjeq.n	92cc <blt_ll_write_sonos_flash+0x84>
    92d2:	3600      	tstorer	r6, [sp, #0]
    92d4:	a002      	tmovs	r0, #2
    92d6:	0651      	tmov	r1, sl
    92d8:	a201      	tmovs	r2, #1
    92da:	064b      	tmov	r3, r9
    92dc:	97f7 9a5e 	tjl	79c <flash_mspi_write_ram>
    92e0:	0641      	tmov	r1, r8
    92e2:	eb89      	tsubs	r1, r1, r6
    92e4:	0688      	tmov	r8, r1
    92e6:	a200      	tmovs	r2, #0
    92e8:	0590      	tcmp	r8, r2
    92ea:	c02e      	tjeq.n	934a <blt_ll_write_sonos_flash+0x102>
    92ec:	04b2      	tadd	sl, r6
    92ee:	04b1      	tadd	r9, r6
    92f0:	a680      	tmovs	r6, #128	; 0x80
    92f2:	f076      	tshftls	r6, r6, #1
    92f4:	87ba      	tj.n	926c <blt_ll_write_sonos_flash+0x24>
    92f6:	5a60      	tloadr	r0, [r4, #36]	; 0x24
    92f8:	5811      	tloadr	r1, [r2, #0]
    92fa:	ea40      	tsubs	r0, r0, r1
    92fc:	0661      	tmov	r1, ip
    92fe:	ea40      	tsubs	r0, r0, r1
    9300:	0683      	tmov	fp, r0
    9302:	0822      	tloadr	r0, [pc, #136]	; (938c <blt_ll_write_sonos_flash+0x144>)
    9304:	0583      	tcmp	fp, r0
    9306:	c8da      	tjhi.n	92be <blt_ll_write_sonos_flash+0x76>
    9308:	402b      	tstorerb	r3, [r5, #0]
    930a:	87e2      	tj.n	92d2 <blt_ll_write_sonos_flash+0x8a>
    930c:	a3ff      	tmovs	r3, #255	; 0xff
    930e:	0033      	tands	r3, r6
    9310:	0a1f      	tloadr	r2, [pc, #124]	; (9390 <blt_ll_write_sonos_flash+0x148>)
    9312:	e89b      	tadds	r3, r3, r2
    9314:	f05b      	tshftls	r3, r3, #1
    9316:	3303      	tstorer	r3, [sp, #12]
    9318:	4e23      	tloadrb	r3, [r4, #24]
    931a:	ab01      	tcmp	r3, #1
    931c:	c1b4      	tjne.n	9288 <blt_ll_write_sonos_flash+0x40>
    931e:	0b1d      	tloadr	r3, [pc, #116]	; (9394 <blt_ll_write_sonos_flash+0x14c>)
    9320:	2a1b      	tloadrh	r3, [r3, #16]
    9322:	ab09      	tcmp	r3, #9
    9324:	c818      	tjhi.n	9358 <blt_ll_write_sonos_flash+0x110>
    9326:	091c      	tloadr	r1, [pc, #112]	; (9398 <blt_ll_write_sonos_flash+0x150>)
    9328:	ec08      	tadds	r0, r1, #0
    932a:	0358      	tmuls	r0, r3
    932c:	3004      	tstorer	r0, [sp, #16]
    932e:	87ad      	tj.n	928c <blt_ll_write_sonos_flash+0x44>
    9330:	a180      	tmovs	r1, #128	; 0x80
    9332:	f049      	tshftls	r1, r1, #1
    9334:	028e      	tcmp	r6, r1
    9336:	c017      	tjeq.n	9368 <blt_ll_write_sonos_flash+0x120>
    9338:	0a18      	tloadr	r2, [pc, #96]	; (939c <blt_ll_write_sonos_flash+0x154>)
    933a:	e8b3      	tadds	r3, r6, r2
    933c:	f05b      	tshftls	r3, r3, #1
    933e:	3303      	tstorer	r3, [sp, #12]
    9340:	0817      	tloadr	r0, [pc, #92]	; (93a0 <blt_ll_write_sonos_flash+0x158>)
    9342:	0283      	tcmp	r3, r0
    9344:	cd9d      	tjle.n	9282 <blt_ll_write_sonos_flash+0x3a>
    9346:	3003      	tstorer	r0, [sp, #12]
    9348:	879b      	tj.n	9282 <blt_ll_write_sonos_flash+0x3a>
    934a:	6005      	tadd	sp, #20
    934c:	6c3c      	tpop	{r2, r3, r4, r5}
    934e:	0690      	tmov	r8, r2
    9350:	0699      	tmov	r9, r3
    9352:	06a2      	tmov	sl, r4
    9354:	06ab      	tmov	fp, r5
    9356:	6df0      	tpop	{r4, r5, r6, r7, pc}
    9358:	0a12      	tloadr	r2, [pc, #72]	; (93a4 <blt_ll_write_sonos_flash+0x15c>)
    935a:	0353      	tmuls	r3, r2
    935c:	0a09      	tloadr	r2, [pc, #36]	; (9384 <blt_ll_write_sonos_flash+0x13c>)
    935e:	3204      	tstorer	r2, [sp, #16]
    9360:	0293      	tcmp	r3, r2
    9362:	cc93      	tjgt.n	928c <blt_ll_write_sonos_flash+0x44>
    9364:	3304      	tstorer	r3, [sp, #16]
    9366:	8791      	tj.n	928c <blt_ll_write_sonos_flash+0x44>
    9368:	090f      	tloadr	r1, [pc, #60]	; (93a8 <blt_ll_write_sonos_flash+0x160>)
    936a:	3103      	tstorer	r1, [sp, #12]
    936c:	8789      	tj.n	9282 <blt_ll_write_sonos_flash+0x3a>
    936e:	46c0      	tnop			; (mov r8, r8)
    9370:	00843180 	taddeq	r3, r4, r0, lsl #3
    9374:	00800643 	taddeq	r0, r0, r3, asr #12
    9378:	00843140 	taddeq	r3, r4, r0, asr #2
    937c:	02006085 	tandeq	r6, r0, #133	; 0x85
    9380:	020060eb 	tandeq	r6, r0, #235	; 0xeb
    9384:	00009c40 	tandeq	r9, r0, r0, asr #24
    9388:	00800740 	taddeq	r0, r0, r0, asr #14
    938c:	3fffffff 	tservcc	0x00ffffff
    9390:	000004e2 	tandeq	r0, r0, r2, ror #9
    9394:	00843400 	taddeq	r3, r4, r0, lsl #8
    9398:	00000ea6 	tandeq	r0, r0, r6, lsr #29
    939c:	000005c3 	tandeq	r0, r0, r3, asr #11
    93a0:	00000ce4 	tandeq	r0, r0, r4, ror #25
    93a4:	000009c4 	tandeq	r0, r0, r4, asr #19
    93a8:	000008fc 	undefined instruction 0x000008fc

000093ac <blc_ll_registerHostMainloopCallback>:
blc_ll_registerHostMainloopCallback():
    93ac:	0b01      	tloadr	r3, [pc, #4]	; (93b4 <blc_ll_registerHostMainloopCallback+0x8>)
    93ae:	57d8      	tstorer	r0, [r3, #124]	; 0x7c
    93b0:	0770      	tjex	lr
    93b2:	46c0      	tnop			; (mov r8, r8)
    93b4:	00843180 	taddeq	r3, r4, r0, lsl #3

000093b8 <blc_ll_registerConnectionEncryptionDoneCallback>:
blc_ll_registerConnectionEncryptionDoneCallback():
    93b8:	0b01      	tloadr	r3, [pc, #4]	; (93c0 <blc_ll_registerConnectionEncryptionDoneCallback+0x8>)
    93ba:	5018      	tstorer	r0, [r3, #0]
    93bc:	0770      	tjex	lr
    93be:	46c0      	tnop			; (mov r8, r8)
    93c0:	00843200 	taddeq	r3, r4, r0, lsl #4

000093c4 <blc_ll_registerConnectionCompleteHandler>:
blc_ll_registerConnectionCompleteHandler():
    93c4:	0b01      	tloadr	r3, [pc, #4]	; (93cc <blc_ll_registerConnectionCompleteHandler+0x8>)
    93c6:	5058      	tstorer	r0, [r3, #4]
    93c8:	0770      	tjex	lr
    93ca:	46c0      	tnop			; (mov r8, r8)
    93cc:	00843200 	taddeq	r3, r4, r0, lsl #4

000093d0 <blc_ll_registerConnectionTerminateHandler>:
blc_ll_registerConnectionTerminateHandler():
    93d0:	0b01      	tloadr	r3, [pc, #4]	; (93d8 <blc_ll_registerConnectionTerminateHandler+0x8>)
    93d2:	5098      	tstorer	r0, [r3, #8]
    93d4:	0770      	tjex	lr
    93d6:	46c0      	tnop			; (mov r8, r8)
    93d8:	00843200 	taddeq	r3, r4, r0, lsl #4

000093dc <bls_app_registerEventCallback>:
bls_app_registerEventCallback():
    93dc:	f600      	tshftls	r0, r0, #24
    93de:	fd80      	tshftrs	r0, r0, #22
    93e0:	0b01      	tloadr	r3, [pc, #4]	; (93e8 <bls_app_registerEventCallback+0xc>)
    93e2:	e818      	tadds	r0, r3, r0
    93e4:	52c1      	tstorer	r1, [r0, #44]	; 0x2c
    93e6:	0770      	tjex	lr
    93e8:	00843180 	taddeq	r3, r4, r0, lsl #3

000093ec <blc_ll_initDataLengthExtension>:
blc_ll_initDataLengthExtension():
    93ec:	0b17      	tloadr	r3, [pc, #92]	; (944c <blc_ll_initDataLengthExtension+0x60>)
    93ee:	a21b      	tmovs	r2, #27
    93f0:	a12c      	tmovs	r1, #44	; 0x2c
    93f2:	145a      	tstorerb	r2, [r3, r1]
    93f4:	245a      	tstorerh	r2, [r3, #34]	; 0x22
    93f6:	23da      	tstorerh	r2, [r3, #30]
    93f8:	239a      	tstorerh	r2, [r3, #28]
    93fa:	a100      	tmovs	r1, #0
    93fc:	a02e      	tmovs	r0, #46	; 0x2e
    93fe:	1419      	tstorerb	r1, [r3, r0]
    9400:	a02f      	tmovs	r0, #47	; 0x2f
    9402:	1419      	tstorerb	r1, [r3, r0]
    9404:	0912      	tloadr	r1, [pc, #72]	; (9450 <blc_ll_initDataLengthExtension+0x64>)
    9406:	5809      	tloadr	r1, [r1, #0]
    9408:	a928      	tcmp	r1, #40	; 0x28
    940a:	c915      	tjls.n	9438 <blc_ll_initDataLengthExtension+0x4c>
    940c:	b90c      	tsubs	r1, #12
    940e:	f409      	tshftls	r1, r1, #16
    9410:	fc09      	tshftrs	r1, r1, #16
    9412:	2559      	tstorerh	r1, [r3, #42]	; 0x2a
    9414:	a9fb      	tcmp	r1, #251	; 0xfb
    9416:	c80e      	tjhi.n	9436 <blc_ll_initDataLengthExtension+0x4a>
    9418:	0a0e      	tloadr	r2, [pc, #56]	; (9454 <blc_ll_initDataLengthExtension+0x68>)
    941a:	5812      	tloadr	r2, [r2, #0]
    941c:	aa40      	tcmp	r2, #64	; 0x40
    941e:	c910      	tjls.n	9442 <blc_ll_initDataLengthExtension+0x56>
    9420:	ba18      	tsubs	r2, #24
    9422:	f412      	tshftls	r2, r2, #16
    9424:	fc12      	tshftrs	r2, r2, #16
    9426:	241a      	tstorerh	r2, [r3, #32]
    9428:	251a      	tstorerh	r2, [r3, #40]	; 0x28
    942a:	aafb      	tcmp	r2, #251	; 0xfb
    942c:	c902      	tjls.n	9434 <blc_ll_initDataLengthExtension+0x48>
    942e:	a2fb      	tmovs	r2, #251	; 0xfb
    9430:	241a      	tstorerh	r2, [r3, #32]
    9432:	251a      	tstorerh	r2, [r3, #40]	; 0x28
    9434:	0770      	tjex	lr
    9436:	a2fb      	tmovs	r2, #251	; 0xfb
    9438:	255a      	tstorerh	r2, [r3, #42]	; 0x2a
    943a:	0a06      	tloadr	r2, [pc, #24]	; (9454 <blc_ll_initDataLengthExtension+0x68>)
    943c:	5812      	tloadr	r2, [r2, #0]
    943e:	aa40      	tcmp	r2, #64	; 0x40
    9440:	c8ee      	tjhi.n	9420 <blc_ll_initDataLengthExtension+0x34>
    9442:	a21b      	tmovs	r2, #27
    9444:	241a      	tstorerh	r2, [r3, #32]
    9446:	251a      	tstorerh	r2, [r3, #40]	; 0x28
    9448:	87f4      	tj.n	9434 <blc_ll_initDataLengthExtension+0x48>
    944a:	46c0      	tnop			; (mov r8, r8)
    944c:	00843200 	taddeq	r3, r4, r0, lsl #4
    9450:	0084311c 	taddeq	r3, r4, ip, lsl r1
    9454:	00842e90 	umulleq	r2, r4, r0, lr

00009458 <blt_ll_exchangeDataLength>:
blt_ll_exchangeDataLength():
    9458:	6510      	tpush	{r4, lr}
    945a:	6083      	tsub	sp, #12
    945c:	f600      	tshftls	r0, r0, #24
    945e:	fe00      	tshftrs	r0, r0, #24
    9460:	f409      	tshftls	r1, r1, #16
    9462:	fc09      	tshftrs	r1, r1, #16
    9464:	0c18      	tloadr	r4, [pc, #96]	; (94c8 <blt_ll_exchangeDataLength+0x70>)
    9466:	2d62      	tloadrh	r2, [r4, #42]	; 0x2a
    9468:	ec0b      	tadds	r3, r1, #0
    946a:	0291      	tcmp	r1, r2
    946c:	c900      	tjls.n	9470 <blt_ll_exchangeDataLength+0x18>
    946e:	ec13      	tadds	r3, r2, #0
    9470:	f41b      	tshftls	r3, r3, #16
    9472:	fc1b      	tshftrs	r3, r3, #16
    9474:	2463      	tstorerh	r3, [r4, #34]	; 0x22
    9476:	0669      	tmov	r1, sp
    9478:	a200      	tmovs	r2, #0
    947a:	3201      	tstorer	r2, [sp, #4]
    947c:	3202      	tstorer	r2, [sp, #8]
    947e:	a203      	tmovs	r2, #3
    9480:	400a      	tstorerb	r2, [r1, #0]
    9482:	a209      	tmovs	r2, #9
    9484:	404a      	tstorerb	r2, [r1, #1]
    9486:	4088      	tstorerb	r0, [r1, #2]
    9488:	2c22      	tloadrh	r2, [r4, #32]
    948a:	40ca      	tstorerb	r2, [r1, #3]
    948c:	b20e      	tadds	r2, #14
    948e:	f4d2      	tshftls	r2, r2, #19
    9490:	fc10      	tshftrs	r0, r2, #16
    9492:	4148      	tstorerb	r0, [r1, #5]
    9494:	fe12      	tshftrs	r2, r2, #24
    9496:	418a      	tstorerb	r2, [r1, #6]
    9498:	41cb      	tstorerb	r3, [r1, #7]
    949a:	b30e      	tadds	r3, #14
    949c:	f4db      	tshftls	r3, r3, #19
    949e:	fc1a      	tshftrs	r2, r3, #16
    94a0:	424a      	tstorerb	r2, [r1, #9]
    94a2:	fe1b      	tshftrs	r3, r3, #24
    94a4:	428b      	tstorerb	r3, [r1, #10]
    94a6:	0b09      	tloadr	r3, [pc, #36]	; (94cc <blt_ll_exchangeDataLength+0x74>)
    94a8:	581b      	tloadr	r3, [r3, #0]
    94aa:	0809      	tloadr	r0, [pc, #36]	; (94d0 <blt_ll_exchangeDataLength+0x78>)
    94ac:	9000 9812 	tjl	94d4 <blt_ll_exchangeDataLength+0x7c>
    94b0:	a800      	tcmp	r0, #0
    94b2:	c105      	tjne.n	94c0 <blt_ll_exchangeDataLength+0x68>
    94b4:	a201      	tmovs	r2, #1
    94b6:	a32d      	tmovs	r3, #45	; 0x2d
    94b8:	14e2      	tstorerb	r2, [r4, r3]
    94ba:	a000      	tmovs	r0, #0
    94bc:	6003      	tadd	sp, #12
    94be:	6d10      	tpop	{r4, pc}
    94c0:	a202      	tmovs	r2, #2
    94c2:	a32d      	tmovs	r3, #45	; 0x2d
    94c4:	14e2      	tstorerb	r2, [r4, r3]
    94c6:	87f8      	tj.n	94ba <blt_ll_exchangeDataLength+0x62>
    94c8:	00843200 	taddeq	r3, r4, r0, lsl #4
    94cc:	008433b8 	undefined instruction 0x008433b8
    94d0:	00008040 	tandeq	r8, r0, r0, asr #32
    94d4:	0718      	tjex	r3
    94d6:	46c0      	tnop			; (mov r8, r8)

000094d8 <blc_ll_initStandby_module>:
blc_ll_initStandby_module():
    94d8:	6500      	tpush	{lr}
    94da:	ec01      	tadds	r1, r0, #0
    94dc:	080b      	tloadr	r0, [pc, #44]	; (950c <blc_ll_initStandby_module+0x34>)
    94de:	0b0c      	tloadr	r3, [pc, #48]	; (9510 <blc_ll_initStandby_module+0x38>)
    94e0:	5383      	tstorer	r3, [r0, #56]	; 0x38
    94e2:	b010      	tadds	r0, #16
    94e4:	a206      	tmovs	r2, #6
    94e6:	97f9 9b9b 	tjl	2c20 <smemcpy>
    94ea:	97ff 9f7f 	tjl	93ec <blc_ll_initDataLengthExtension>
    94ee:	0b09      	tloadr	r3, [pc, #36]	; (9514 <blc_ll_initStandby_module+0x3c>)
    94f0:	581b      	tloadr	r3, [r3, #0]
    94f2:	f19a      	tshftls	r2, r3, #6
    94f4:	c505      	tjpl.n	9502 <blc_ll_initStandby_module+0x2a>
    94f6:	0a08      	tloadr	r2, [pc, #32]	; (9518 <blc_ll_initStandby_module+0x40>)
    94f8:	0b08      	tloadr	r3, [pc, #32]	; (951c <blc_ll_initStandby_module+0x44>)
    94fa:	501a      	tstorer	r2, [r3, #0]
    94fc:	0a08      	tloadr	r2, [pc, #32]	; (9520 <blc_ll_initStandby_module+0x48>)
    94fe:	0b09      	tloadr	r3, [pc, #36]	; (9524 <blc_ll_initStandby_module+0x4c>)
    9500:	501a      	tstorer	r2, [r3, #0]
    9502:	a2ff      	tmovs	r2, #255	; 0xff
    9504:	0b08      	tloadr	r3, [pc, #32]	; (9528 <blc_ll_initStandby_module+0x50>)
    9506:	461a      	tstorerb	r2, [r3, #24]
    9508:	6d00      	tpop	{pc}
    950a:	46c0      	tnop			; (mov r8, r8)
    950c:	00843200 	taddeq	r3, r4, r0, lsl #4
    9510:	00001309 	tandeq	r1, r0, r9, lsl #6
    9514:	00843140 	taddeq	r3, r4, r0, asr #2
    9518:	00008771 	tandeq	r8, r0, r1, ror r7
    951c:	00843134 	taddeq	r3, r4, r4, lsr r1
    9520:	00009249 	tandeq	r9, r0, r9, asr #4
    9524:	0084313c 	taddeq	r3, r4, ip, lsr r1
    9528:	00843180 	taddeq	r3, r4, r0, lsl #3

0000952c <reverse_32bit>:
reverse_32bit():
    952c:	6081      	tsub	sp, #4
    952e:	3000      	tstorer	r0, [sp, #0]
    9530:	3900      	tloadr	r1, [sp, #0]
    9532:	3a00      	tloadr	r2, [sp, #0]
    9534:	0b16      	tloadr	r3, [pc, #88]	; (9590 <reverse_32bit+0x64>)
    9536:	001a      	tands	r2, r3
    9538:	f052      	tshftls	r2, r2, #1
    953a:	0b16      	tloadr	r3, [pc, #88]	; (9594 <reverse_32bit+0x68>)
    953c:	000b      	tands	r3, r1
    953e:	f85b      	tshftrs	r3, r3, #1
    9540:	0313      	tors	r3, r2
    9542:	3300      	tstorer	r3, [sp, #0]
    9544:	3900      	tloadr	r1, [sp, #0]
    9546:	3a00      	tloadr	r2, [sp, #0]
    9548:	0b13      	tloadr	r3, [pc, #76]	; (9598 <reverse_32bit+0x6c>)
    954a:	001a      	tands	r2, r3
    954c:	f092      	tshftls	r2, r2, #2
    954e:	0b13      	tloadr	r3, [pc, #76]	; (959c <reverse_32bit+0x70>)
    9550:	000b      	tands	r3, r1
    9552:	f89b      	tshftrs	r3, r3, #2
    9554:	0313      	tors	r3, r2
    9556:	3300      	tstorer	r3, [sp, #0]
    9558:	3900      	tloadr	r1, [sp, #0]
    955a:	3a00      	tloadr	r2, [sp, #0]
    955c:	0b10      	tloadr	r3, [pc, #64]	; (95a0 <reverse_32bit+0x74>)
    955e:	001a      	tands	r2, r3
    9560:	f112      	tshftls	r2, r2, #4
    9562:	0b10      	tloadr	r3, [pc, #64]	; (95a4 <reverse_32bit+0x78>)
    9564:	000b      	tands	r3, r1
    9566:	f91b      	tshftrs	r3, r3, #4
    9568:	0313      	tors	r3, r2
    956a:	3300      	tstorer	r3, [sp, #0]
    956c:	3900      	tloadr	r1, [sp, #0]
    956e:	3a00      	tloadr	r2, [sp, #0]
    9570:	0b0d      	tloadr	r3, [pc, #52]	; (95a8 <reverse_32bit+0x7c>)
    9572:	001a      	tands	r2, r3
    9574:	f212      	tshftls	r2, r2, #8
    9576:	0b0d      	tloadr	r3, [pc, #52]	; (95ac <reverse_32bit+0x80>)
    9578:	000b      	tands	r3, r1
    957a:	fa1b      	tshftrs	r3, r3, #8
    957c:	0313      	tors	r3, r2
    957e:	3300      	tstorer	r3, [sp, #0]
    9580:	3b00      	tloadr	r3, [sp, #0]
    9582:	3800      	tloadr	r0, [sp, #0]
    9584:	f400      	tshftls	r0, r0, #16
    9586:	fc1b      	tshftrs	r3, r3, #16
    9588:	0318      	tors	r0, r3
    958a:	6001      	tadd	sp, #4
    958c:	0770      	tjex	lr
    958e:	46c0      	tnop			; (mov r8, r8)
    9590:	55555555 	tloadrbpl	r5, [r5, #-1365]	; 0x555
    9594:	aaaaaaaa 	tjge	feab4044 <blt_buff_att_tx+0xfe26ade0>
    9598:	33333333 	teqcc	r3, #-872415232	; 0xcc000000
    959c:	cccccccc 	undefined instruction 0xcccccccc
    95a0:	0f0f0f0f 	tserveq	0x000f0f0f
    95a4:	f0f0f0f0 	undefined instruction 0xf0f0f0f0
    95a8:	00ff00ff 	tloadrsheq	r0, [pc, #15]	; 95bf <blc_ll_isBrxBusy+0xf>
    95ac:	ff00ff00 	undefined instruction 0xff00ff00

000095b0 <blc_ll_isBrxBusy>:
blc_ll_isBrxBusy():
    95b0:	0b02      	tloadr	r3, [pc, #8]	; (95bc <blc_ll_isBrxBusy+0xc>)
    95b2:	4dd8      	tloadrb	r0, [r3, #23]
    95b4:	b802      	tsubs	r0, #2
    95b6:	0243      	tnegs	r3, r0
    95b8:	0158      	taddcs	r0, r3
    95ba:	0770      	tjex	lr
    95bc:	00843180 	taddeq	r3, r4, r0, lsl #3

000095c0 <blc_ll_getCurrentState>:
blc_ll_getCurrentState():
    95c0:	0b01      	tloadr	r3, [pc, #4]	; (95c8 <blc_ll_getCurrentState+0x8>)
    95c2:	4b58      	tloadrb	r0, [r3, #13]
    95c4:	0770      	tjex	lr
    95c6:	46c0      	tnop			; (mov r8, r8)
    95c8:	00843180 	taddeq	r3, r4, r0, lsl #3

000095cc <blc_ll_get_macAddrRandom>:
blc_ll_get_macAddrRandom():
    95cc:	0801      	tloadr	r0, [pc, #4]	; (95d4 <blc_ll_get_macAddrRandom+0x8>)
    95ce:	b016      	tadds	r0, #22
    95d0:	0770      	tjex	lr
    95d2:	46c0      	tnop			; (mov r8, r8)
    95d4:	00843200 	taddeq	r3, r4, r0, lsl #4

000095d8 <blc_ll_get_macAddrPublic>:
blc_ll_get_macAddrPublic():
    95d8:	0801      	tloadr	r0, [pc, #4]	; (95e0 <blc_ll_get_macAddrPublic+0x8>)
    95da:	b010      	tadds	r0, #16
    95dc:	0770      	tjex	lr
    95de:	46c0      	tnop			; (mov r8, r8)
    95e0:	00843200 	taddeq	r3, r4, r0, lsl #4

000095e4 <bls_ll_setAdvEnable>:
bls_ll_setAdvEnable():
    95e4:	6530      	tpush	{r4, r5, lr}
    95e6:	0b25      	tloadr	r3, [pc, #148]	; (967c <bls_ll_setAdvEnable+0x98>)
    95e8:	4ad9      	tloadrb	r1, [r3, #11]
    95ea:	a20c      	tmovs	r2, #12
    95ec:	f78c      	tshftls	r4, r1, #30
    95ee:	c425      	tjmi.n	963c <bls_ll_setAdvEnable+0x58>
    95f0:	f601      	tshftls	r1, r0, #24
    95f2:	fe09      	tshftrs	r1, r1, #24
    95f4:	f1c5      	tshftls	r5, r0, #7
    95f6:	c523      	tjpl.n	9640 <bls_ll_setAdvEnable+0x5c>
    95f8:	a010      	tmovs	r0, #16
    95fa:	0a21      	tloadr	r2, [pc, #132]	; (9680 <bls_ll_setAdvEnable+0x9c>)
    95fc:	4010      	tstorerb	r0, [r2, #0]
    95fe:	a000      	tmovs	r0, #0
    9600:	0a20      	tloadr	r2, [pc, #128]	; (9684 <bls_ll_setAdvEnable+0xa0>)
    9602:	2010      	tstorerh	r0, [r2, #0]
    9604:	a201      	tmovs	r2, #1
    9606:	0252      	tnegs	r2, r2
    9608:	081f      	tloadr	r0, [pc, #124]	; (9688 <bls_ll_setAdvEnable+0xa4>)
    960a:	2002      	tstorerh	r2, [r0, #0]
    960c:	081f      	tloadr	r0, [pc, #124]	; (968c <bls_ll_setAdvEnable+0xa8>)
    960e:	5804      	tloadr	r4, [r0, #0]
    9610:	0a1f      	tloadr	r2, [pc, #124]	; (9690 <bls_ll_setAdvEnable+0xac>)
    9612:	a5fa      	tmovs	r5, #250	; 0xfa
    9614:	f1ed      	tshftls	r5, r5, #7
    9616:	e964      	tadds	r4, r4, r5
    9618:	5014      	tstorer	r4, [r2, #0]
    961a:	a900      	tcmp	r1, #0
    961c:	c01f      	tjeq.n	965e <bls_ll_setAdvEnable+0x7a>
    961e:	4b5c      	tloadrb	r4, [r3, #13]
    9620:	ac01      	tcmp	r4, #1
    9622:	c003      	tjeq.n	962c <bls_ll_setAdvEnable+0x48>
    9624:	a401      	tmovs	r4, #1
    9626:	435c      	tstorerb	r4, [r3, #13]
    9628:	5800      	tloadr	r0, [r0, #0]
    962a:	5190      	tstorer	r0, [r2, #24]
    962c:	4ad8      	tloadrb	r0, [r3, #11]
    962e:	a201      	tmovs	r2, #1
    9630:	0302      	tors	r2, r0
    9632:	f612      	tshftls	r2, r2, #24
    9634:	fe12      	tshftrs	r2, r2, #24
    9636:	42da      	tstorerb	r2, [r3, #11]
    9638:	4019      	tstorerb	r1, [r3, #0]
    963a:	a200      	tmovs	r2, #0
    963c:	ec10      	tadds	r0, r2, #0
    963e:	6d30      	tpop	{r4, r5, pc}
    9640:	4b5a      	tloadrb	r2, [r3, #13]
    9642:	aa00      	tcmp	r2, #0
    9644:	c0d8      	tjeq.n	95f8 <bls_ll_setAdvEnable+0x14>
    9646:	4b5a      	tloadrb	r2, [r3, #13]
    9648:	aa01      	tcmp	r2, #1
    964a:	c0d5      	tjeq.n	95f8 <bls_ll_setAdvEnable+0x14>
    964c:	4ad8      	tloadrb	r0, [r3, #11]
    964e:	a201      	tmovs	r2, #1
    9650:	0302      	tors	r2, r0
    9652:	f612      	tshftls	r2, r2, #24
    9654:	fe12      	tshftrs	r2, r2, #24
    9656:	42da      	tstorerb	r2, [r3, #11]
    9658:	4019      	tstorerb	r1, [r3, #0]
    965a:	a200      	tmovs	r2, #0
    965c:	87ee      	tj.n	963c <bls_ll_setAdvEnable+0x58>
    965e:	4b5a      	tloadrb	r2, [r3, #13]
    9660:	aa00      	tcmp	r2, #0
    9662:	c0e3      	tjeq.n	962c <bls_ll_setAdvEnable+0x48>
    9664:	a200      	tmovs	r2, #0
    9666:	435a      	tstorerb	r2, [r3, #13]
    9668:	4ad8      	tloadrb	r0, [r3, #11]
    966a:	a201      	tmovs	r2, #1
    966c:	0302      	tors	r2, r0
    966e:	f612      	tshftls	r2, r2, #24
    9670:	fe12      	tshftrs	r2, r2, #24
    9672:	42da      	tstorerb	r2, [r3, #11]
    9674:	4019      	tstorerb	r1, [r3, #0]
    9676:	a200      	tmovs	r2, #0
    9678:	87e0      	tj.n	963c <bls_ll_setAdvEnable+0x58>
    967a:	46c0      	tnop			; (mov r8, r8)
    967c:	00843180 	taddeq	r3, r4, r0, lsl #3
    9680:	00800c2a 	taddeq	r0, r0, sl, lsr #24
    9684:	00800f1c 	taddeq	r0, r0, ip, lsl pc
    9688:	00800f20 	taddeq	r0, r0, r0, lsr #30
    968c:	00800740 	taddeq	r0, r0, r0, asr #14
    9690:	008432c8 	taddeq	r3, r4, r8, asr #5

00009694 <blc_ll_initAdvertising_module>:
blc_ll_initAdvertising_module():
    9694:	6530      	tpush	{r4, r5, lr}
    9696:	ec05      	tadds	r5, r0, #0
    9698:	0c16      	tloadr	r4, [pc, #88]	; (96f4 <blc_ll_initAdvertising_module+0x60>)
    969a:	0b17      	tloadr	r3, [pc, #92]	; (96f8 <blc_ll_initAdvertising_module+0x64>)
    969c:	5223      	tstorer	r3, [r4, #32]
    969e:	0a17      	tloadr	r2, [pc, #92]	; (96fc <blc_ll_initAdvertising_module+0x68>)
    96a0:	0b17      	tloadr	r3, [pc, #92]	; (9700 <blc_ll_initAdvertising_module+0x6c>)
    96a2:	501a      	tstorer	r2, [r3, #0]
    96a4:	ec20      	tadds	r0, r4, #0
    96a6:	b02a      	tadds	r0, #42	; 0x2a
    96a8:	ec29      	tadds	r1, r5, #0
    96aa:	a206      	tmovs	r2, #6
    96ac:	97ff 994c 	tjl	8948 <memcpy>
    96b0:	ec20      	tadds	r0, r4, #0
    96b2:	b056      	tadds	r0, #86	; 0x56
    96b4:	ec29      	tadds	r1, r5, #0
    96b6:	a206      	tmovs	r2, #6
    96b8:	97ff 9946 	tjl	8948 <memcpy>
    96bc:	0b11      	tloadr	r3, [pc, #68]	; (9704 <blc_ll_initAdvertising_module+0x70>)
    96be:	5123      	tstorer	r3, [r4, #16]
    96c0:	0b11      	tloadr	r3, [pc, #68]	; (9708 <blc_ll_initAdvertising_module+0x74>)
    96c2:	481b      	tloadrb	r3, [r3, #0]
    96c4:	ab43      	tcmp	r3, #67	; 0x43
    96c6:	c00c      	tjeq.n	96e2 <blc_ll_initAdvertising_module+0x4e>
    96c8:	ab42      	tcmp	r3, #66	; 0x42
    96ca:	c00d      	tjeq.n	96e8 <blc_ll_initAdvertising_module+0x54>
    96cc:	ab60      	tcmp	r3, #96	; 0x60
    96ce:	c00e      	tjeq.n	96ee <blc_ll_initAdvertising_module+0x5a>
    96d0:	ab20      	tcmp	r3, #32
    96d2:	c003      	tjeq.n	96dc <blc_ll_initAdvertising_module+0x48>
    96d4:	a201      	tmovs	r2, #1
    96d6:	0b0d      	tloadr	r3, [pc, #52]	; (970c <blc_ll_initAdvertising_module+0x78>)
    96d8:	429a      	tstorerb	r2, [r3, #10]
    96da:	6d30      	tpop	{r4, r5, pc}
    96dc:	a330      	tmovs	r3, #48	; 0x30
    96de:	4223      	tstorerb	r3, [r4, #8]
    96e0:	87f8      	tj.n	96d4 <blc_ll_initAdvertising_module+0x40>
    96e2:	a300      	tmovs	r3, #0
    96e4:	4223      	tstorerb	r3, [r4, #8]
    96e6:	87f5      	tj.n	96d4 <blc_ll_initAdvertising_module+0x40>
    96e8:	a320      	tmovs	r3, #32
    96ea:	4223      	tstorerb	r3, [r4, #8]
    96ec:	87f2      	tj.n	96d4 <blc_ll_initAdvertising_module+0x40>
    96ee:	a328      	tmovs	r3, #40	; 0x28
    96f0:	4223      	tstorerb	r3, [r4, #8]
    96f2:	87ef      	tj.n	96d4 <blc_ll_initAdvertising_module+0x40>
    96f4:	008432c8 	taddeq	r3, r4, r8, asr #5
    96f8:	00009aad 	tandeq	r9, r0, sp, lsr #21
    96fc:	000095e5 	tandeq	r9, r0, r5, ror #11
    9700:	008432b4 	undefined instruction 0x008432b4
    9704:	0030d400 	txorseq	sp, r0, r0, lsl #8
    9708:	00843130 	taddeq	r3, r4, r0, lsr r1
    970c:	00843180 	taddeq	r3, r4, r0, lsl #3

00009710 <bls_ll_setAdvDuration>:
bls_ll_setAdvDuration():
    9710:	6510      	tpush	{r4, lr}
    9712:	ec03      	tadds	r3, r0, #0
    9714:	f609      	tshftls	r1, r1, #24
    9716:	fe09      	tshftrs	r1, r1, #24
    9718:	0a04      	tloadr	r2, [pc, #16]	; (972c <bls_ll_setAdvDuration+0x1c>)
    971a:	4994      	tloadrb	r4, [r2, #6]
    971c:	a012      	tmovs	r0, #18
    971e:	ac01      	tcmp	r4, #1
    9720:	c002      	tjeq.n	9728 <bls_ll_setAdvDuration+0x18>
    9722:	5153      	tstorer	r3, [r2, #20]
    9724:	4151      	tstorerb	r1, [r2, #5]
    9726:	a000      	tmovs	r0, #0
    9728:	6d10      	tpop	{r4, pc}
    972a:	46c0      	tnop			; (mov r8, r8)
    972c:	008432c8 	taddeq	r3, r4, r8, asr #5

00009730 <bls_ll_setAdvData>:
bls_ll_setAdvData():
    9730:	6570      	tpush	{r4, r5, r6, lr}
    9732:	ec05      	tadds	r5, r0, #0
    9734:	f60c      	tshftls	r4, r1, #24
    9736:	fe24      	tshftrs	r4, r4, #24
    9738:	0b1c      	tloadr	r3, [pc, #112]	; (97ac <bls_ll_setAdvData+0x7c>)
    973a:	4ada      	tloadrb	r2, [r3, #11]
    973c:	a00c      	tmovs	r0, #12
    973e:	f791      	tshftls	r1, r2, #30
    9740:	c420      	tjmi.n	9784 <bls_ll_setAdvData+0x54>
    9742:	4ad9      	tloadrb	r1, [r3, #11]
    9744:	a201      	tmovs	r2, #1
    9746:	030a      	tors	r2, r1
    9748:	f612      	tshftls	r2, r2, #24
    974a:	fe12      	tshftrs	r2, r2, #24
    974c:	42da      	tstorerb	r2, [r3, #11]
    974e:	a012      	tmovs	r0, #18
    9750:	ac1f      	tcmp	r4, #31
    9752:	c817      	tjhi.n	9784 <bls_ll_setAdvData+0x54>
    9754:	ac00      	tcmp	r4, #0
    9756:	c016      	tjeq.n	9786 <bls_ll_setAdvData+0x56>
    9758:	0e15      	tloadr	r6, [pc, #84]	; (97b0 <bls_ll_setAdvData+0x80>)
    975a:	49b3      	tloadrb	r3, [r6, #6]
    975c:	ab01      	tcmp	r3, #1
    975e:	c118      	tjne.n	9792 <bls_ll_setAdvData+0x62>
    9760:	ec30      	tadds	r0, r6, #0
    9762:	b07c      	tadds	r0, #124	; 0x7c
    9764:	ec29      	tadds	r1, r5, #0
    9766:	a206      	tmovs	r2, #6
    9768:	97f9 9a5a 	tjl	2c20 <smemcpy>
    976c:	ac06      	tcmp	r4, #6
    976e:	c905      	tjls.n	977c <bls_ll_setAdvData+0x4c>
    9770:	ec30      	tadds	r0, r6, #0
    9772:	b036      	tadds	r0, #54	; 0x36
    9774:	eda9      	tadds	r1, r5, #6
    9776:	efa2      	tsubs	r2, r4, #6
    9778:	97f9 9a52 	tjl	2c20 <smemcpy>
    977c:	b406      	tadds	r4, #6
    977e:	a382      	tmovs	r3, #130	; 0x82
    9780:	14f4      	tstorerb	r4, [r6, r3]
    9782:	a000      	tmovs	r0, #0
    9784:	6d70      	tpop	{r4, r5, r6, pc}
    9786:	a106      	tmovs	r1, #6
    9788:	a329      	tmovs	r3, #41	; 0x29
    978a:	0a09      	tloadr	r2, [pc, #36]	; (97b0 <bls_ll_setAdvData+0x80>)
    978c:	14d1      	tstorerb	r1, [r2, r3]
    978e:	a000      	tmovs	r0, #0
    9790:	87f8      	tj.n	9784 <bls_ll_setAdvData+0x54>
    9792:	ab04      	tcmp	r3, #4
    9794:	c0e4      	tjeq.n	9760 <bls_ll_setAdvData+0x30>
    9796:	ec30      	tadds	r0, r6, #0
    9798:	b030      	tadds	r0, #48	; 0x30
    979a:	ec29      	tadds	r1, r5, #0
    979c:	ec22      	tadds	r2, r4, #0
    979e:	97f9 9a3f 	tjl	2c20 <smemcpy>
    97a2:	b406      	tadds	r4, #6
    97a4:	a329      	tmovs	r3, #41	; 0x29
    97a6:	14f4      	tstorerb	r4, [r6, r3]
    97a8:	a000      	tmovs	r0, #0
    97aa:	87eb      	tj.n	9784 <bls_ll_setAdvData+0x54>
    97ac:	00843180 	taddeq	r3, r4, r0, lsl #3
    97b0:	008432c8 	taddeq	r3, r4, r8, asr #5

000097b4 <bls_ll_setScanRspData>:
bls_ll_setScanRspData():
    97b4:	6530      	tpush	{r4, r5, lr}
    97b6:	ec03      	tadds	r3, r0, #0
    97b8:	f60c      	tshftls	r4, r1, #24
    97ba:	fe24      	tshftrs	r4, r4, #24
    97bc:	0a0f      	tloadr	r2, [pc, #60]	; (97fc <bls_ll_setScanRspData+0x48>)
    97be:	4ad1      	tloadrb	r1, [r2, #11]
    97c0:	a00c      	tmovs	r0, #12
    97c2:	f78d      	tshftls	r5, r1, #30
    97c4:	c408      	tjmi.n	97d8 <bls_ll_setScanRspData+0x24>
    97c6:	4ad0      	tloadrb	r0, [r2, #11]
    97c8:	a101      	tmovs	r1, #1
    97ca:	0301      	tors	r1, r0
    97cc:	f609      	tshftls	r1, r1, #24
    97ce:	fe09      	tshftrs	r1, r1, #24
    97d0:	42d1      	tstorerb	r1, [r2, #11]
    97d2:	a012      	tmovs	r0, #18
    97d4:	ac1f      	tcmp	r4, #31
    97d6:	c900      	tjls.n	97da <bls_ll_setScanRspData+0x26>
    97d8:	6d30      	tpop	{r4, r5, pc}
    97da:	0d09      	tloadr	r5, [pc, #36]	; (9800 <bls_ll_setScanRspData+0x4c>)
    97dc:	ec28      	tadds	r0, r5, #0
    97de:	b05c      	tadds	r0, #92	; 0x5c
    97e0:	ec19      	tadds	r1, r3, #0
    97e2:	ec22      	tadds	r2, r4, #0
    97e4:	97f9 9a1c 	tjl	2c20 <smemcpy>
    97e8:	b406      	tadds	r4, #6
    97ea:	f624      	tshftls	r4, r4, #24
    97ec:	fe24      	tshftrs	r4, r4, #24
    97ee:	a355      	tmovs	r3, #85	; 0x55
    97f0:	14ec      	tstorerb	r4, [r5, r3]
    97f2:	b402      	tadds	r4, #2
    97f4:	552c      	tstorer	r4, [r5, #80]	; 0x50
    97f6:	a000      	tmovs	r0, #0
    97f8:	87ee      	tj.n	97d8 <bls_ll_setScanRspData+0x24>
    97fa:	46c0      	tnop			; (mov r8, r8)
    97fc:	00843180 	taddeq	r3, r4, r0, lsl #3
    9800:	008432c8 	taddeq	r3, r4, r8, asr #5

00009804 <bls_ll_setAdvParam>:
bls_ll_setAdvParam():
    9804:	65f0      	tpush	{r4, r5, r6, r7, lr}
    9806:	065f      	tmov	r7, fp
    9808:	0656      	tmov	r6, sl
    980a:	064d      	tmov	r5, r9
    980c:	0644      	tmov	r4, r8
    980e:	64f0      	tpush	{r4, r5, r6, r7}
    9810:	f406      	tshftls	r6, r0, #16
    9812:	fc36      	tshftrs	r6, r6, #16
    9814:	f409      	tshftls	r1, r1, #16
    9816:	fc09      	tshftrs	r1, r1, #16
    9818:	068a      	tmov	sl, r1
    981a:	f612      	tshftls	r2, r2, #24
    981c:	fe12      	tshftrs	r2, r2, #24
    981e:	f61d      	tshftls	r5, r3, #24
    9820:	fe2d      	tshftrs	r5, r5, #24
    9822:	3909      	tloadr	r1, [sp, #36]	; 0x24
    9824:	f609      	tshftls	r1, r1, #24
    9826:	fe09      	tshftrs	r1, r1, #24
    9828:	3f0b      	tloadr	r7, [sp, #44]	; 0x2c
    982a:	f63f      	tshftls	r7, r7, #24
    982c:	fe3f      	tshftrs	r7, r7, #24
    982e:	3b0c      	tloadr	r3, [sp, #48]	; 0x30
    9830:	f61b      	tshftls	r3, r3, #24
    9832:	fe1b      	tshftrs	r3, r3, #24
    9834:	0698      	tmov	r8, r3
    9836:	0b5e      	tloadr	r3, [pc, #376]	; (99b0 <bls_ll_setAdvParam+0x1ac>)
    9838:	4a9b      	tloadrb	r3, [r3, #10]
    983a:	a000      	tmovs	r0, #0
    983c:	ab02      	tcmp	r3, #2
    983e:	c01b      	tjeq.n	9878 <bls_ll_setAdvParam+0x74>
    9840:	aa01      	tcmp	r2, #1
    9842:	c01f      	tjeq.n	9884 <bls_ll_setAdvParam+0x80>
    9844:	0c5b      	tloadr	r4, [pc, #364]	; (99b4 <bls_ll_setAdvParam+0x1b0>)
    9846:	41a2      	tstorerb	r2, [r4, #6]
    9848:	aa00      	tcmp	r2, #0
    984a:	c14a      	tjne.n	98e2 <bls_ll_setAdvParam+0xde>
    984c:	a328      	tmovs	r3, #40	; 0x28
    984e:	1ce2      	tloadrb	r2, [r4, r3]
    9850:	a10f      	tmovs	r1, #15
    9852:	038a      	tbclrs	r2, r1
    9854:	14e2      	tstorerb	r2, [r4, r3]
    9856:	a328      	tmovs	r3, #40	; 0x28
    9858:	1ce2      	tloadrb	r2, [r4, r3]
    985a:	a10f      	tmovs	r1, #15
    985c:	0011      	tands	r1, r2
    985e:	a901      	tcmp	r1, #1
    9860:	c003      	tjeq.n	986a <bls_ll_setAdvParam+0x66>
    9862:	a183      	tmovs	r1, #131	; 0x83
    9864:	1c60      	tloadrb	r0, [r4, r1]
    9866:	a800      	tcmp	r0, #0
    9868:	c16a      	tjne.n	9940 <bls_ll_setAdvParam+0x13c>
    986a:	4265      	tstorerb	r5, [r4, #9]
    986c:	ad00      	tcmp	r5, #0
    986e:	c100      	tjne.n	9872 <bls_ll_setAdvParam+0x6e>
    9870:	807a      	tj.n	9968 <bls_ll_setAdvParam+0x164>
    9872:	a011      	tmovs	r0, #17
    9874:	ad01      	tcmp	r5, #1
    9876:	c03e      	tjeq.n	98f6 <bls_ll_setAdvParam+0xf2>
    9878:	6c3c      	tpop	{r2, r3, r4, r5}
    987a:	0690      	tmov	r8, r2
    987c:	0699      	tmov	r9, r3
    987e:	06a2      	tmov	sl, r4
    9880:	06ab      	tmov	fp, r5
    9882:	6df0      	tpop	{r4, r5, r6, r7, pc}
    9884:	0c4b      	tloadr	r4, [pc, #300]	; (99b4 <bls_ll_setAdvParam+0x1b0>)
    9886:	0b4c      	tloadr	r3, [pc, #304]	; (99b8 <bls_ll_setAdvParam+0x1b4>)
    9888:	5163      	tstorer	r3, [r4, #20]
    988a:	4162      	tstorerb	r2, [r4, #5]
    988c:	41a2      	tstorerb	r2, [r4, #6]
    988e:	a206      	tmovs	r2, #6
    9890:	0692      	tmov	sl, r2
    9892:	a606      	tmovs	r6, #6
    9894:	a328      	tmovs	r3, #40	; 0x28
    9896:	1ce2      	tloadrb	r2, [r4, r3]
    9898:	a00f      	tmovs	r0, #15
    989a:	0382      	tbclrs	r2, r0
    989c:	a001      	tmovs	r0, #1
    989e:	0302      	tors	r2, r0
    98a0:	14e2      	tstorerb	r2, [r4, r3]
    98a2:	f1ca      	tshftls	r2, r1, #7
    98a4:	1ce1      	tloadrb	r1, [r4, r3]
    98a6:	a07f      	tmovs	r0, #127	; 0x7f
    98a8:	0001      	tands	r1, r0
    98aa:	0311      	tors	r1, r2
    98ac:	14e1      	tstorerb	r1, [r4, r3]
    98ae:	a383      	tmovs	r3, #131	; 0x83
    98b0:	a201      	tmovs	r2, #1
    98b2:	14e2      	tstorerb	r2, [r4, r3]
    98b4:	a329      	tmovs	r3, #41	; 0x29
    98b6:	0699      	tmov	r9, r3
    98b8:	1ce2      	tloadrb	r2, [r4, r3]
    98ba:	a382      	tmovs	r3, #130	; 0x82
    98bc:	14e2      	tstorerb	r2, [r4, r3]
    98be:	ec20      	tadds	r0, r4, #0
    98c0:	b07c      	tadds	r0, #124	; 0x7c
    98c2:	a230      	tmovs	r2, #48	; 0x30
    98c4:	e912      	tadds	r2, r2, r4
    98c6:	0693      	tmov	fp, r2
    98c8:	ec11      	tadds	r1, r2, #0
    98ca:	a206      	tmovs	r2, #6
    98cc:	97f9 99a8 	tjl	2c20 <smemcpy>
    98d0:	a30c      	tmovs	r3, #12
    98d2:	064a      	tmov	r2, r9
    98d4:	14a3      	tstorerb	r3, [r4, r2]
    98d6:	0658      	tmov	r0, fp
    98d8:	390a      	tloadr	r1, [sp, #40]	; 0x28
    98da:	a206      	tmovs	r2, #6
    98dc:	97f9 99a0 	tjl	2c20 <smemcpy>
    98e0:	87b9      	tj.n	9856 <bls_ll_setAdvParam+0x52>
    98e2:	aa02      	tcmp	r2, #2
    98e4:	c158      	tjne.n	9998 <bls_ll_setAdvParam+0x194>
    98e6:	a328      	tmovs	r3, #40	; 0x28
    98e8:	1ce2      	tloadrb	r2, [r4, r3]
    98ea:	a10f      	tmovs	r1, #15
    98ec:	038a      	tbclrs	r2, r1
    98ee:	a106      	tmovs	r1, #6
    98f0:	030a      	tors	r2, r1
    98f2:	14e2      	tstorerb	r2, [r4, r3]
    98f4:	87af      	tj.n	9856 <bls_ll_setAdvParam+0x52>
    98f6:	a328      	tmovs	r3, #40	; 0x28
    98f8:	1ce2      	tloadrb	r2, [r4, r3]
    98fa:	a540      	tmovs	r5, #64	; 0x40
    98fc:	032a      	tors	r2, r5
    98fe:	14e2      	tstorerb	r2, [r4, r3]
    9900:	ec20      	tadds	r0, r4, #0
    9902:	b02a      	tadds	r0, #42	; 0x2a
    9904:	0a2d      	tloadr	r2, [pc, #180]	; (99bc <bls_ll_setAdvParam+0x1b8>)
    9906:	0691      	tmov	r9, r2
    9908:	ec11      	tadds	r1, r2, #0
    990a:	a206      	tmovs	r2, #6
    990c:	97f9 9988 	tjl	2c20 <smemcpy>
    9910:	a354      	tmovs	r3, #84	; 0x54
    9912:	1ce2      	tloadrb	r2, [r4, r3]
    9914:	0315      	tors	r5, r2
    9916:	14e5      	tstorerb	r5, [r4, r3]
    9918:	ec20      	tadds	r0, r4, #0
    991a:	b056      	tadds	r0, #86	; 0x56
    991c:	0649      	tmov	r1, r9
    991e:	a206      	tmovs	r2, #6
    9920:	97f9 997e 	tjl	2c20 <smemcpy>
    9924:	4127      	tstorerb	r7, [r4, #4]
    9926:	0643      	tmov	r3, r8
    9928:	41e3      	tstorerb	r3, [r4, #7]
    992a:	0b25      	tloadr	r3, [pc, #148]	; (99c0 <bls_ll_setAdvParam+0x1bc>)
    992c:	0373      	tmuls	r3, r6
    992e:	5123      	tstorer	r3, [r4, #16]
    9930:	21a6      	tstorerh	r6, [r4, #12]
    9932:	a201      	tmovs	r2, #1
    9934:	ec13      	tadds	r3, r2, #0
    9936:	0453      	tadd	r3, sl
    9938:	eb9e      	tsubs	r6, r3, r6
    993a:	42e6      	tstorerb	r6, [r4, #11]
    993c:	a000      	tmovs	r0, #0
    993e:	879b      	tj.n	9878 <bls_ll_setAdvParam+0x74>
    9940:	a000      	tmovs	r0, #0
    9942:	1460      	tstorerb	r0, [r4, r1]
    9944:	a17f      	tmovs	r1, #127	; 0x7f
    9946:	000a      	tands	r2, r1
    9948:	14e2      	tstorerb	r2, [r4, r3]
    994a:	a382      	tmovs	r3, #130	; 0x82
    994c:	1ce2      	tloadrb	r2, [r4, r3]
    994e:	a329      	tmovs	r3, #41	; 0x29
    9950:	14e2      	tstorerb	r2, [r4, r3]
    9952:	ec20      	tadds	r0, r4, #0
    9954:	b030      	tadds	r0, #48	; 0x30
    9956:	ec21      	tadds	r1, r4, #0
    9958:	b17c      	tadds	r1, #124	; 0x7c
    995a:	a206      	tmovs	r2, #6
    995c:	97f9 9960 	tjl	2c20 <smemcpy>
    9960:	4265      	tstorerb	r5, [r4, #9]
    9962:	ad00      	tcmp	r5, #0
    9964:	c000      	tjeq.n	9968 <bls_ll_setAdvParam+0x164>
    9966:	8784      	tj.n	9872 <bls_ll_setAdvParam+0x6e>
    9968:	a328      	tmovs	r3, #40	; 0x28
    996a:	1ce2      	tloadrb	r2, [r4, r3]
    996c:	a540      	tmovs	r5, #64	; 0x40
    996e:	03aa      	tbclrs	r2, r5
    9970:	14e2      	tstorerb	r2, [r4, r3]
    9972:	ec20      	tadds	r0, r4, #0
    9974:	b02a      	tadds	r0, #42	; 0x2a
    9976:	0b13      	tloadr	r3, [pc, #76]	; (99c4 <bls_ll_setAdvParam+0x1c0>)
    9978:	0699      	tmov	r9, r3
    997a:	ec19      	tadds	r1, r3, #0
    997c:	a206      	tmovs	r2, #6
    997e:	97f9 994f 	tjl	2c20 <smemcpy>
    9982:	a354      	tmovs	r3, #84	; 0x54
    9984:	1ce2      	tloadrb	r2, [r4, r3]
    9986:	03aa      	tbclrs	r2, r5
    9988:	14e2      	tstorerb	r2, [r4, r3]
    998a:	ec20      	tadds	r0, r4, #0
    998c:	b056      	tadds	r0, #86	; 0x56
    998e:	0649      	tmov	r1, r9
    9990:	a206      	tmovs	r2, #6
    9992:	97fe 9fd9 	tjl	8948 <memcpy>
    9996:	87c5      	tj.n	9924 <bls_ll_setAdvParam+0x120>
    9998:	aa03      	tcmp	r2, #3
    999a:	c000      	tjeq.n	999e <bls_ll_setAdvParam+0x19a>
    999c:	877a      	tj.n	9894 <bls_ll_setAdvParam+0x90>
    999e:	a328      	tmovs	r3, #40	; 0x28
    99a0:	1ce2      	tloadrb	r2, [r4, r3]
    99a2:	a10f      	tmovs	r1, #15
    99a4:	038a      	tbclrs	r2, r1
    99a6:	a102      	tmovs	r1, #2
    99a8:	030a      	tors	r2, r1
    99aa:	14e2      	tstorerb	r2, [r4, r3]
    99ac:	8753      	tj.n	9856 <bls_ll_setAdvParam+0x52>
    99ae:	46c0      	tnop			; (mov r8, r8)
    99b0:	00843180 	taddeq	r3, r4, r0, lsl #3
    99b4:	008432c8 	taddeq	r3, r4, r8, asr #5
    99b8:	00138800 	tandseq	r8, r3, r0, lsl #16
    99bc:	00843216 	taddeq	r3, r4, r6, lsl r2
    99c0:	00002710 	tandeq	r2, r0, r0, lsl r7
    99c4:	00843210 	taddeq	r3, r4, r0, lsl r2

000099c8 <blc_ll_procConnectReq>:
blc_ll_procConnectReq():
    99c8:	6570      	tpush	{r4, r5, r6, lr}
    99ca:	ec04      	tadds	r4, r0, #0
    99cc:	f60d      	tshftls	r5, r1, #24
    99ce:	fe2d      	tshftrs	r5, r5, #24
    99d0:	4f03      	tloadrb	r3, [r0, #28]
    99d2:	4f41      	tloadrb	r1, [r0, #29]
    99d4:	f209      	tshftls	r1, r1, #8
    99d6:	0319      	tors	r1, r3
    99d8:	ef8a      	tsubs	r2, r1, #6
    99da:	f412      	tshftls	r2, r2, #16
    99dc:	fc12      	tshftrs	r2, r2, #16
    99de:	0b2e      	tloadr	r3, [pc, #184]	; (9a98 <blc_ll_procConnectReq+0xd0>)
    99e0:	029a      	tcmp	r2, r3
    99e2:	c850      	tjhi.n	9a86 <blc_ll_procConnectReq+0xbe>
    99e4:	4e43      	tloadrb	r3, [r0, #25]
    99e6:	ab00      	tcmp	r3, #0
    99e8:	c04d      	tjeq.n	9a86 <blc_ll_procConnectReq+0xbe>
    99ea:	ab08      	tcmp	r3, #8
    99ec:	c84b      	tjhi.n	9a86 <blc_ll_procConnectReq+0xbe>
    99ee:	0299      	tcmp	r1, r3
    99f0:	c949      	tjls.n	9a86 <blc_ll_procConnectReq+0xbe>
    99f2:	a320      	tmovs	r3, #32
    99f4:	1cc3      	tloadrb	r3, [r0, r3]
    99f6:	a221      	tmovs	r2, #33	; 0x21
    99f8:	1c80      	tloadrb	r0, [r0, r2]
    99fa:	f200      	tshftls	r0, r0, #8
    99fc:	0318      	tors	r0, r3
    99fe:	a809      	tcmp	r0, #9
    9a00:	c941      	tjls.n	9a86 <blc_ll_procConnectReq+0xbe>
    9a02:	a3c8      	tmovs	r3, #200	; 0xc8
    9a04:	f11b      	tshftls	r3, r3, #4
    9a06:	0298      	tcmp	r0, r3
    9a08:	c83d      	tjhi.n	9a86 <blc_ll_procConnectReq+0xbe>
    9a0a:	a327      	tmovs	r3, #39	; 0x27
    9a0c:	1ce3      	tloadrb	r3, [r4, r3]
    9a0e:	a21f      	tmovs	r2, #31
    9a10:	0013      	tands	r3, r2
    9a12:	ab04      	tcmp	r3, #4
    9a14:	cd37      	tjle.n	9a86 <blc_ll_procConnectReq+0xbe>
    9a16:	ab10      	tcmp	r3, #16
    9a18:	cc35      	tjgt.n	9a86 <blc_ll_procConnectReq+0xbe>
    9a1a:	a322      	tmovs	r3, #34	; 0x22
    9a1c:	1ce3      	tloadrb	r3, [r4, r3]
    9a1e:	ab00      	tcmp	r3, #0
    9a20:	c10f      	tjne.n	9a42 <blc_ll_procConnectReq+0x7a>
    9a22:	a323      	tmovs	r3, #35	; 0x23
    9a24:	1ce3      	tloadrb	r3, [r4, r3]
    9a26:	ab00      	tcmp	r3, #0
    9a28:	c10b      	tjne.n	9a42 <blc_ll_procConnectReq+0x7a>
    9a2a:	a324      	tmovs	r3, #36	; 0x24
    9a2c:	1ce3      	tloadrb	r3, [r4, r3]
    9a2e:	ab00      	tcmp	r3, #0
    9a30:	c107      	tjne.n	9a42 <blc_ll_procConnectReq+0x7a>
    9a32:	a325      	tmovs	r3, #37	; 0x25
    9a34:	1ce3      	tloadrb	r3, [r4, r3]
    9a36:	ab00      	tcmp	r3, #0
    9a38:	c103      	tjne.n	9a42 <blc_ll_procConnectReq+0x7a>
    9a3a:	a326      	tmovs	r3, #38	; 0x26
    9a3c:	1ce3      	tloadrb	r3, [r4, r3]
    9a3e:	ab00      	tcmp	r3, #0
    9a40:	c021      	tjeq.n	9a86 <blc_ll_procConnectReq+0xbe>
    9a42:	4fa3      	tloadrb	r3, [r4, #30]
    9a44:	4fe6      	tloadrb	r6, [r4, #31]
    9a46:	f236      	tshftls	r6, r6, #8
    9a48:	031e      	tors	r6, r3
    9a4a:	c004      	tjeq.n	9a56 <blc_ll_procConnectReq+0x8e>
    9a4c:	f0c0      	tshftls	r0, r0, #3
    9a4e:	97f6 9bc1 	tjl	1d4 <__divsi3>
    9a52:	0286      	tcmp	r6, r0
    9a54:	cc17      	tjgt.n	9a86 <blc_ll_procConnectReq+0xbe>
    9a56:	0b11      	tloadr	r3, [pc, #68]	; (9a9c <blc_ll_procConnectReq+0xd4>)
    9a58:	499a      	tloadrb	r2, [r3, #6]
    9a5a:	aa02      	tcmp	r2, #2
    9a5c:	c013      	tjeq.n	9a86 <blc_ll_procConnectReq+0xbe>
    9a5e:	a228      	tmovs	r2, #40	; 0x28
    9a60:	1c9a      	tloadrb	r2, [r3, r2]
    9a62:	a10f      	tmovs	r1, #15
    9a64:	000a      	tands	r2, r1
    9a66:	aa01      	tcmp	r2, #1
    9a68:	c002      	tjeq.n	9a70 <blc_ll_procConnectReq+0xa8>
    9a6a:	49db      	tloadrb	r3, [r3, #7]
    9a6c:	f79a      	tshftls	r2, r3, #30
    9a6e:	c40b      	tjmi.n	9a88 <blc_ll_procConnectReq+0xc0>
    9a70:	0b0b      	tloadr	r3, [pc, #44]	; (9aa0 <blc_ll_procConnectReq+0xd8>)
    9a72:	585b      	tloadr	r3, [r3, #4]
    9a74:	ab00      	tcmp	r3, #0
    9a76:	c003      	tjeq.n	9a80 <blc_ll_procConnectReq+0xb8>
    9a78:	ec20      	tadds	r0, r4, #0
    9a7a:	a100      	tmovs	r1, #0
    9a7c:	9000 9814 	tjl	9aa8 <blc_ll_procConnectReq+0xe0>
    9a80:	a202      	tmovs	r2, #2
    9a82:	0b08      	tloadr	r3, [pc, #32]	; (9aa4 <blc_ll_procConnectReq+0xdc>)
    9a84:	409a      	tstorerb	r2, [r3, #2]
    9a86:	6d70      	tpop	{r4, r5, r6, pc}
    9a88:	eda1      	tadds	r1, r4, #6
    9a8a:	ec28      	tadds	r0, r5, #0
    9a8c:	97f8 9ffc 	tjl	2a88 <ll_searchAddr_in_WhiteList_and_ResolvingList>
    9a90:	a800      	tcmp	r0, #0
    9a92:	c1ed      	tjne.n	9a70 <blc_ll_procConnectReq+0xa8>
    9a94:	87f7      	tj.n	9a86 <blc_ll_procConnectReq+0xbe>
    9a96:	46c0      	tnop			; (mov r8, r8)
    9a98:	00000c7a 	tandeq	r0, r0, sl, ror ip
    9a9c:	008432c8 	taddeq	r3, r4, r8, asr #5
    9aa0:	00843348 	taddeq	r3, r4, r8, asr #6
    9aa4:	00843180 	taddeq	r3, r4, r0, lsl #3
    9aa8:	0718      	tjex	r3
    9aaa:	46c0      	tnop			; (mov r8, r8)

00009aac <blt_send_adv>:
blt_send_adv():
    9aac:	65f0      	tpush	{r4, r5, r6, r7, lr}
    9aae:	065f      	tmov	r7, fp
    9ab0:	0656      	tmov	r6, sl
    9ab2:	064d      	tmov	r5, r9
    9ab4:	0644      	tmov	r4, r8
    9ab6:	64f0      	tpush	{r4, r5, r6, r7}
    9ab8:	6083      	tsub	sp, #12
    9aba:	0da5      	tloadr	r5, [pc, #660]	; (9d50 <blt_send_adv+0x2a4>)
    9abc:	496b      	tloadrb	r3, [r5, #5]
    9abe:	ab00      	tcmp	r3, #0
    9ac0:	c008      	tjeq.n	9ad4 <blt_send_adv+0x28>
    9ac2:	0ba4      	tloadr	r3, [pc, #656]	; (9d54 <blt_send_adv+0x2a8>)
    9ac4:	581a      	tloadr	r2, [r3, #0]
    9ac6:	59ab      	tloadr	r3, [r5, #24]
    9ac8:	ead2      	tsubs	r2, r2, r3
    9aca:	596b      	tloadr	r3, [r5, #20]
    9acc:	f11b      	tshftls	r3, r3, #4
    9ace:	029a      	tcmp	r2, r3
    9ad0:	c900      	tjls.n	9ad4 <blt_send_adv+0x28>
    9ad2:	80f8      	tj.n	9cc6 <blt_send_adv+0x21a>
    9ad4:	0ba0      	tloadr	r3, [pc, #640]	; (9d58 <blt_send_adv+0x2ac>)
    9ad6:	58db      	tloadr	r3, [r3, #12]
    9ad8:	a001      	tmovs	r0, #1
    9ada:	ab00      	tcmp	r3, #0
    9adc:	c003      	tjeq.n	9ae6 <blt_send_adv+0x3a>
    9ade:	ec28      	tadds	r0, r5, #0
    9ae0:	b024      	tadds	r0, #36	; 0x24
    9ae2:	9000 996b 	tjl	9dbc <blt_send_adv+0x310>
    9ae6:	0f9d      	tloadr	r7, [pc, #628]	; (9d5c <blt_send_adv+0x2b0>)
    9ae8:	483b      	tloadrb	r3, [r7, #0]
    9aea:	a200      	tmovs	r2, #0
    9aec:	0693      	tmov	fp, r2
    9aee:	ab00      	tcmp	r3, #0
    9af0:	c001      	tjeq.n	9af6 <blt_send_adv+0x4a>
    9af2:	a800      	tcmp	r0, #0
    9af4:	c10f      	tjne.n	9b16 <blt_send_adv+0x6a>
    9af6:	4b7b      	tloadrb	r3, [r7, #13]
    9af8:	ab01      	tcmp	r3, #1
    9afa:	c100      	tjne.n	9afe <blt_send_adv+0x52>
    9afc:	80cc      	tj.n	9c98 <blt_send_adv+0x1ec>
    9afe:	4b7b      	tloadrb	r3, [r7, #13]
    9b00:	ab08      	tcmp	r3, #8
    9b02:	c100      	tjne.n	9b06 <blt_send_adv+0x5a>
    9b04:	8109      	tj.n	9d1a <blt_send_adv+0x26e>
    9b06:	a000      	tmovs	r0, #0
    9b08:	6003      	tadd	sp, #12
    9b0a:	6c3c      	tpop	{r2, r3, r4, r5}
    9b0c:	0690      	tmov	r8, r2
    9b0e:	0699      	tmov	r9, r3
    9b10:	06a2      	tmov	sl, r4
    9b12:	06ab      	tmov	fp, r5
    9b14:	6df0      	tpop	{r4, r5, r6, r7, pc}
    9b16:	0b92      	tloadr	r3, [pc, #584]	; (9d60 <blt_send_adv+0x2b4>)
    9b18:	581b      	tloadr	r3, [r3, #0]
    9b1a:	ab00      	tcmp	r3, #0
    9b1c:	c007      	tjeq.n	9b2e <blt_send_adv+0x82>
    9b1e:	0a91      	tloadr	r2, [pc, #580]	; (9d64 <blt_send_adv+0x2b8>)
    9b20:	4912      	tloadrb	r2, [r2, #4]
    9b22:	aa01      	tcmp	r2, #1
    9b24:	c003      	tjeq.n	9b2e <blt_send_adv+0x82>
    9b26:	a001      	tmovs	r0, #1
    9b28:	a102      	tmovs	r1, #2
    9b2a:	9000 9947 	tjl	9dbc <blt_send_adv+0x310>
    9b2e:	4d7a      	tloadrb	r2, [r7, #21]
    9b30:	a328      	tmovs	r3, #40	; 0x28
    9b32:	a101      	tmovs	r1, #1
    9b34:	0011      	tands	r1, r2
    9b36:	f149      	tshftls	r1, r1, #5
    9b38:	1cea      	tloadrb	r2, [r5, r3]
    9b3a:	a020      	tmovs	r0, #32
    9b3c:	0382      	tbclrs	r2, r0
    9b3e:	030a      	tors	r2, r1
    9b40:	14ea      	tstorerb	r2, [r5, r3]
    9b42:	a229      	tmovs	r2, #41	; 0x29
    9b44:	0b88      	tloadr	r3, [pc, #544]	; (9d68 <blt_send_adv+0x2bc>)
    9b46:	401a      	tstorerb	r2, [r3, #0]
    9b48:	a280      	tmovs	r2, #128	; 0x80
    9b4a:	0b88      	tloadr	r3, [pc, #544]	; (9d6c <blt_send_adv+0x2c0>)
    9b4c:	401a      	tstorerb	r2, [r3, #0]
    9b4e:	a245      	tmovs	r2, #69	; 0x45
    9b50:	0b87      	tloadr	r3, [pc, #540]	; (9d70 <blt_send_adv+0x2c4>)
    9b52:	401a      	tstorerb	r2, [r3, #0]
    9b54:	59fb      	tloadr	r3, [r7, #28]
    9b56:	ab00      	tcmp	r3, #0
    9b58:	c000      	tjeq.n	9b5c <blt_send_adv+0xb0>
    9b5a:	80c3      	tj.n	9ce4 <blt_send_adv+0x238>
    9b5c:	0a85      	tloadr	r2, [pc, #532]	; (9d74 <blt_send_adv+0x2c8>)
    9b5e:	0b86      	tloadr	r3, [pc, #536]	; (9d78 <blt_send_adv+0x2cc>)
    9b60:	501a      	tstorer	r2, [r3, #0]
    9b62:	0a86      	tloadr	r2, [pc, #536]	; (9d7c <blt_send_adv+0x2d0>)
    9b64:	b31c      	tadds	r3, #28
    9b66:	501a      	tstorer	r2, [r3, #0]
    9b68:	a24a      	tmovs	r2, #74	; 0x4a
    9b6a:	0b85      	tloadr	r3, [pc, #532]	; (9d80 <blt_send_adv+0x2d4>)
    9b6c:	201a      	tstorerh	r2, [r3, #0]
    9b6e:	a200      	tmovs	r2, #0
    9b70:	b318      	tadds	r3, #24
    9b72:	201a      	tstorerh	r2, [r3, #0]
    9b74:	a329      	tmovs	r3, #41	; 0x29
    9b76:	1ceb      	tloadrb	r3, [r5, r3]
    9b78:	ec9a      	tadds	r2, r3, #2
    9b7a:	526a      	tstorer	r2, [r5, #36]	; 0x24
    9b7c:	a201      	tmovs	r2, #1
    9b7e:	40ba      	tstorerb	r2, [r7, #2]
    9b80:	b33c      	tadds	r3, #60	; 0x3c
    9b82:	f1db      	tshftls	r3, r3, #7
    9b84:	3301      	tstorer	r3, [sp, #4]
    9b86:	087f      	tloadr	r0, [pc, #508]	; (9d84 <blt_send_adv+0x2d8>)
    9b88:	e81b      	tadds	r3, r3, r0
    9b8a:	3302      	tstorer	r3, [sp, #8]
    9b8c:	a400      	tmovs	r4, #0
    9b8e:	06a3      	tmov	fp, r4
    9b90:	0a7d      	tloadr	r2, [pc, #500]	; (9d88 <blt_send_adv+0x2dc>)
    9b92:	0690      	tmov	r8, r2
    9b94:	a302      	tmovs	r3, #2
    9b96:	069a      	tmov	sl, r3
    9b98:	8002      	tj.n	9ba0 <blt_send_adv+0xf4>
    9b9a:	b401      	tadds	r4, #1
    9b9c:	ac02      	tcmp	r4, #2
    9b9e:	cc5e      	tjgt.n	9c5e <blt_send_adv+0x1b2>
    9ba0:	492b      	tloadrb	r3, [r5, #4]
    9ba2:	0123      	tasrs	r3, r4
    9ba4:	a001      	tmovs	r0, #1
    9ba6:	0218      	tnand	r0, r3
    9ba8:	c0f7      	tjeq.n	9b9a <blt_send_adv+0xee>
    9baa:	a380      	tmovs	r3, #128	; 0x80
    9bac:	025b      	tnegs	r3, r3
    9bae:	0a77      	tloadr	r2, [pc, #476]	; (9d8c <blt_send_adv+0x2e0>)
    9bb0:	4013      	tstorerb	r3, [r2, #0]
    9bb2:	0867      	tloadr	r0, [pc, #412]	; (9d50 <blt_send_adv+0x2a4>)
    9bb4:	e903      	tadds	r3, r0, r4
    9bb6:	a01c      	tmovs	r0, #28
    9bb8:	1618      	tloadrsb	r0, [r3, r0]
    9bba:	97f7 9b1b 	tjl	11f4 <rf_set_ble_channel>
    9bbe:	a303      	tmovs	r3, #3
    9bc0:	0642      	tmov	r2, r8
    9bc2:	2013      	tstorerh	r3, [r2, #0]
    9bc4:	0b72      	tloadr	r3, [pc, #456]	; (9d90 <blt_send_adv+0x2e4>)
    9bc6:	0699      	tmov	r9, r3
    9bc8:	581b      	tloadr	r3, [r3, #0]
    9bca:	ab00      	tcmp	r3, #0
    9bcc:	c002      	tjeq.n	9bd4 <blt_send_adv+0x128>
    9bce:	a001      	tmovs	r0, #1
    9bd0:	9000 98f4 	tjl	9dbc <blt_send_adv+0x310>
    9bd4:	49ab      	tloadrb	r3, [r5, #6]
    9bd6:	ab03      	tcmp	r3, #3
    9bd8:	c100      	tjne.n	9bdc <blt_send_adv+0x130>
    9bda:	8085      	tj.n	9ce8 <blt_send_adv+0x23c>
    9bdc:	0b6d      	tloadr	r3, [pc, #436]	; (9d94 <blt_send_adv+0x2e8>)
    9bde:	289a      	tloadrh	r2, [r3, #4]
    9be0:	ba01      	tsubs	r2, #1
    9be2:	4999      	tloadrb	r1, [r3, #6]
    9be4:	000a      	tands	r2, r1
    9be6:	581b      	tloadr	r3, [r3, #0]
    9be8:	035a      	tmuls	r2, r3
    9bea:	0b6b      	tloadr	r3, [pc, #428]	; (9d98 <blt_send_adv+0x2ec>)
    9bec:	e8d2      	tadds	r2, r2, r3
    9bee:	0693      	tmov	fp, r2
    9bf0:	0e58      	tloadr	r6, [pc, #352]	; (9d54 <blt_send_adv+0x2a8>)
    9bf2:	5831      	tloadr	r1, [r6, #0]
    9bf4:	b164      	tadds	r1, #100	; 0x64
    9bf6:	0869      	tloadr	r0, [pc, #420]	; (9d9c <blt_send_adv+0x2f0>)
    9bf8:	97ff 9a7c 	tjl	90f4 <rf_start_stx2rx>
    9bfc:	5836      	tloadr	r6, [r6, #0]
    9bfe:	3600      	tstorer	r6, [sp, #0]
    9c00:	a204      	tmovs	r2, #4
    9c02:	ec16      	tadds	r6, r2, #0
    9c04:	045e      	tadd	r6, fp
    9c06:	a300      	tmovs	r3, #0
    9c08:	0658      	tmov	r0, fp
    9c0a:	5043      	tstorer	r3, [r0, #4]
    9c0c:	0642      	tmov	r2, r8
    9c0e:	2813      	tloadrh	r3, [r2, #0]
    9c10:	0650      	tmov	r0, sl
    9c12:	0218      	tnand	r0, r3
    9c14:	c0fa      	tjeq.n	9c0c <blt_send_adv+0x160>
    9c16:	0b5c      	tloadr	r3, [pc, #368]	; (9d88 <blt_send_adv+0x2dc>)
    9c18:	a202      	tmovs	r2, #2
    9c1a:	201a      	tstorerh	r2, [r3, #0]
    9c1c:	0648      	tmov	r0, r9
    9c1e:	5803      	tloadr	r3, [r0, #0]
    9c20:	ab00      	tcmp	r3, #0
    9c22:	c002      	tjeq.n	9c2a <blt_send_adv+0x17e>
    9c24:	a002      	tmovs	r0, #2
    9c26:	9000 98c9 	tjl	9dbc <blt_send_adv+0x310>
    9c2a:	0a4a      	tloadr	r2, [pc, #296]	; (9d54 <blt_send_adv+0x2a8>)
    9c2c:	3901      	tloadr	r1, [sp, #4]
    9c2e:	3800      	tloadr	r0, [sp, #0]
    9c30:	5833      	tloadr	r3, [r6, #0]
    9c32:	ab00      	tcmp	r3, #0
    9c34:	c103      	tjne.n	9c3e <blt_send_adv+0x192>
    9c36:	5813      	tloadr	r3, [r2, #0]
    9c38:	ea1b      	tsubs	r3, r3, r0
    9c3a:	0299      	tcmp	r1, r3
    9c3c:	c8f8      	tjhi.n	9c30 <blt_send_adv+0x184>
    9c3e:	5833      	tloadr	r3, [r6, #0]
    9c40:	ab00      	tcmp	r3, #0
    9c42:	c163      	tjne.n	9d0c <blt_send_adv+0x260>
    9c44:	48bb      	tloadrb	r3, [r7, #2]
    9c46:	ab02      	tcmp	r3, #2
    9c48:	c04a      	tjeq.n	9ce0 <blt_send_adv+0x234>
    9c4a:	b401      	tadds	r4, #1
    9c4c:	0648      	tmov	r0, r9
    9c4e:	5803      	tloadr	r3, [r0, #0]
    9c50:	ab00      	tcmp	r3, #0
    9c52:	c0a3      	tjeq.n	9b9c <blt_send_adv+0xf0>
    9c54:	a000      	tmovs	r0, #0
    9c56:	9000 98b1 	tjl	9dbc <blt_send_adv+0x310>
    9c5a:	ac02      	tcmp	r4, #2
    9c5c:	cda0      	tjle.n	9ba0 <blt_send_adv+0xf4>
    9c5e:	a280      	tmovs	r2, #128	; 0x80
    9c60:	0b4a      	tloadr	r3, [pc, #296]	; (9d8c <blt_send_adv+0x2e0>)
    9c62:	401a      	tstorerb	r2, [r3, #0]
    9c64:	a301      	tmovs	r3, #1
    9c66:	025b      	tnegs	r3, r3
    9c68:	0a47      	tloadr	r2, [pc, #284]	; (9d88 <blt_send_adv+0x2dc>)
    9c6a:	2013      	tstorerh	r3, [r2, #0]
    9c6c:	a300      	tmovs	r3, #0
    9c6e:	40bb      	tstorerb	r3, [r7, #2]
    9c70:	4aeb      	tloadrb	r3, [r5, #11]
    9c72:	ab01      	tcmp	r3, #1
    9c74:	c800      	tjhi.n	9c78 <blt_send_adv+0x1cc>
    9c76:	873e      	tj.n	9af6 <blt_send_adv+0x4a>
    9c78:	97f7 9b26 	tjl	12c8 <rand>
    9c7c:	4ae9      	tloadrb	r1, [r5, #11]
    9c7e:	97f6 9aab 	tjl	1d8 <__umodsi3>
    9c82:	f403      	tshftls	r3, r0, #16
    9c84:	fc1b      	tshftrs	r3, r3, #16
    9c86:	29aa      	tloadrh	r2, [r5, #12]
    9c88:	e89b      	tadds	r3, r3, r2
    9c8a:	0a45      	tloadr	r2, [pc, #276]	; (9da0 <blt_send_adv+0x2f4>)
    9c8c:	0353      	tmuls	r3, r2
    9c8e:	512b      	tstorer	r3, [r5, #16]
    9c90:	4b7b      	tloadrb	r3, [r7, #13]
    9c92:	ab01      	tcmp	r3, #1
    9c94:	c000      	tjeq.n	9c98 <blt_send_adv+0x1ec>
    9c96:	8732      	tj.n	9afe <blt_send_adv+0x52>
    9c98:	0b2e      	tloadr	r3, [pc, #184]	; (9d54 <blt_send_adv+0x2a8>)
    9c9a:	581b      	tloadr	r3, [r3, #0]
    9c9c:	5829      	tloadr	r1, [r5, #0]
    9c9e:	eaca      	tsubs	r2, r1, r3
    9ca0:	0840      	tloadr	r0, [pc, #256]	; (9da4 <blt_send_adv+0x2f8>)
    9ca2:	0282      	tcmp	r2, r0
    9ca4:	cb06      	tjlt.n	9cb4 <blt_send_adv+0x208>
    9ca6:	0840      	tloadr	r0, [pc, #256]	; (9da8 <blt_send_adv+0x2fc>)
    9ca8:	0282      	tcmp	r2, r0
    9caa:	cc03      	tjgt.n	9cb4 <blt_send_adv+0x208>
    9cac:	592a      	tloadr	r2, [r5, #16]
    9cae:	e851      	tadds	r1, r2, r1
    9cb0:	5029      	tstorer	r1, [r5, #0]
    9cb2:	8002      	tj.n	9cba <blt_send_adv+0x20e>
    9cb4:	592a      	tloadr	r2, [r5, #16]
    9cb6:	e89a      	tadds	r2, r3, r2
    9cb8:	502a      	tstorer	r2, [r5, #0]
    9cba:	a280      	tmovs	r2, #128	; 0x80
    9cbc:	f612      	tshftls	r2, r2, #24
    9cbe:	e89b      	tadds	r3, r3, r2
    9cc0:	0a3a      	tloadr	r2, [pc, #232]	; (9dac <blt_send_adv+0x300>)
    9cc2:	5013      	tstorer	r3, [r2, #0]
    9cc4:	871f      	tj.n	9b06 <blt_send_adv+0x5a>
    9cc6:	a300      	tmovs	r3, #0
    9cc8:	416b      	tstorerb	r3, [r5, #5]
    9cca:	a000      	tmovs	r0, #0
    9ccc:	97ff 9c8a 	tjl	95e4 <bls_ll_setAdvEnable>
    9cd0:	0b37      	tloadr	r3, [pc, #220]	; (9db0 <blt_send_adv+0x304>)
    9cd2:	581b      	tloadr	r3, [r3, #0]
    9cd4:	a001      	tmovs	r0, #1
    9cd6:	a100      	tmovs	r1, #0
    9cd8:	a200      	tmovs	r2, #0
    9cda:	9000 986f 	tjl	9dbc <blt_send_adv+0x310>
    9cde:	86f9      	tj.n	9ad4 <blt_send_adv+0x28>
    9ce0:	a405      	tmovs	r4, #5
    9ce2:	87b3      	tj.n	9c4c <blt_send_adv+0x1a0>
    9ce4:	59fa      	tloadr	r2, [r7, #28]
    9ce6:	873a      	tj.n	9b5e <blt_send_adv+0xb2>
    9ce8:	0e1a      	tloadr	r6, [pc, #104]	; (9d54 <blt_send_adv+0x2a8>)
    9cea:	5831      	tloadr	r1, [r6, #0]
    9cec:	b164      	tadds	r1, #100	; 0x64
    9cee:	082b      	tloadr	r0, [pc, #172]	; (9d9c <blt_send_adv+0x2f0>)
    9cf0:	97f7 9a6a 	tjl	11c8 <rf_start_stx>
    9cf4:	5832      	tloadr	r2, [r6, #0]
    9cf6:	3902      	tloadr	r1, [sp, #8]
    9cf8:	0640      	tmov	r0, r8
    9cfa:	2803      	tloadrh	r3, [r0, #0]
    9cfc:	0650      	tmov	r0, sl
    9cfe:	0218      	tnand	r0, r3
    9d00:	c1a3      	tjne.n	9c4a <blt_send_adv+0x19e>
    9d02:	5833      	tloadr	r3, [r6, #0]
    9d04:	ea9b      	tsubs	r3, r3, r2
    9d06:	028b      	tcmp	r3, r1
    9d08:	c3f6      	tjcc.n	9cf8 <blt_send_adv+0x24c>
    9d0a:	879e      	tj.n	9c4a <blt_send_adv+0x19e>
    9d0c:	a20c      	tmovs	r2, #12
    9d0e:	ec11      	tadds	r1, r2, #0
    9d10:	0459      	tadd	r1, fp
    9d12:	0658      	tmov	r0, fp
    9d14:	97f7 9f60 	tjl	1bd8 <bls_ll_procRxPacket>
    9d18:	8794      	tj.n	9c44 <blt_send_adv+0x198>
    9d1a:	a380      	tmovs	r3, #128	; 0x80
    9d1c:	f35b      	tshftls	r3, r3, #13
    9d1e:	0a25      	tloadr	r2, [pc, #148]	; (9db4 <blt_send_adv+0x308>)
    9d20:	5013      	tstorer	r3, [r2, #0]
    9d22:	ba08      	tsubs	r2, #8
    9d24:	5811      	tloadr	r1, [r2, #0]
    9d26:	030b      	tors	r3, r1
    9d28:	5013      	tstorer	r3, [r2, #0]
    9d2a:	a201      	tmovs	r2, #1
    9d2c:	45fa      	tstorerb	r2, [r7, #23]
    9d2e:	0b22      	tloadr	r3, [pc, #136]	; (9db8 <blt_send_adv+0x30c>)
    9d30:	5a1b      	tloadr	r3, [r3, #32]
    9d32:	527b      	tstorer	r3, [r7, #36]	; 0x24
    9d34:	463a      	tstorerb	r2, [r7, #24]
    9d36:	0a1d      	tloadr	r2, [pc, #116]	; (9dac <blt_send_adv+0x300>)
    9d38:	5013      	tstorer	r3, [r2, #0]
    9d3a:	a306      	tmovs	r3, #6
    9d3c:	ec19      	tadds	r1, r3, #0
    9d3e:	0459      	tadd	r1, fp
    9d40:	0b1b      	tloadr	r3, [pc, #108]	; (9db0 <blt_send_adv+0x304>)
    9d42:	581b      	tloadr	r3, [r3, #0]
    9d44:	a003      	tmovs	r0, #3
    9d46:	a222      	tmovs	r2, #34	; 0x22
    9d48:	9000 9838 	tjl	9dbc <blt_send_adv+0x310>
    9d4c:	86db      	tj.n	9b06 <blt_send_adv+0x5a>
    9d4e:	46c0      	tnop			; (mov r8, r8)
    9d50:	008432c8 	taddeq	r3, r4, r8, asr #5
    9d54:	00800740 	taddeq	r0, r0, r0, asr #14
    9d58:	00843348 	taddeq	r3, r4, r8, asr #6
    9d5c:	00843180 	taddeq	r3, r4, r0, lsl #3
    9d60:	008435ac 	taddeq	r3, r4, ip, lsr #11
    9d64:	008435a0 	taddeq	r3, r4, r0, lsr #11
    9d68:	01000f16 	tnandeq	r0, r6, lsl pc
    9d6c:	01000428 	tnandeq	r0, r8, lsr #8
    9d70:	01000f02 	tnandeq	r0, r2, lsl #30
    9d74:	d6be898e 	tloadrtle	r8, [lr], lr, lsl #19
    9d78:	01000408 	tnandeq	r0, r8, lsl #8
    9d7c:	00555555 	tsubseq	r5, r5, r5, asr r5
    9d80:	00800f04 	taddeq	r0, r0, r4, lsl #30
    9d84:	fffff380 	undefined instruction 0xfffff380
    9d88:	00800f20 	taddeq	r0, r0, r0, lsr #30
    9d8c:	00800f00 	taddeq	r0, r0, r0, lsl #30
    9d90:	00843148 	taddeq	r3, r4, r8, asr #2
    9d94:	00842e90 	umulleq	r2, r4, r0, lr
    9d98:	00842c90 	umulleq	r2, r4, r0, ip
    9d9c:	008432ec 	taddeq	r3, r4, ip, ror #5
    9da0:	00002710 	tandeq	r2, r0, r0, lsl r7
    9da4:	fffec781 	undefined instruction 0xfffec781
    9da8:	0001387f 	tandeq	r3, r1, pc, ror r8
    9dac:	00800744 	taddeq	r0, r0, r4, asr #14
    9db0:	00843238 	taddeq	r3, r4, r8, lsr r2
    9db4:	00800648 	taddeq	r0, r0, r8, asr #12
    9db8:	00843400 	taddeq	r3, r4, r0, lsl #8
    9dbc:	0718      	tjex	r3
    9dbe:	46c0      	tnop			; (mov r8, r8)

00009dc0 <blc_ll_initConnection_module>:
blc_ll_initConnection_module():
    9dc0:	0a01      	tloadr	r2, [pc, #4]	; (9dc8 <blc_ll_initConnection_module+0x8>)
    9dc2:	0b02      	tloadr	r3, [pc, #8]	; (9dcc <blc_ll_initConnection_module+0xc>)
    9dc4:	501a      	tstorer	r2, [r3, #0]
    9dc6:	0770      	tjex	lr
    9dc8:	0000a001 	tandeq	sl, r0, r1
    9dcc:	008435b0 	undefined instruction 0x008435b0

00009dd0 <blt_ll_channelTable_calc>:
blt_ll_channelTable_calc():
    9dd0:	65f0      	tpush	{r4, r5, r6, r7, lr}
    9dd2:	0657      	tmov	r7, sl
    9dd4:	064e      	tmov	r6, r9
    9dd6:	0645      	tmov	r5, r8
    9dd8:	64e0      	tpush	{r5, r6, r7}
    9dda:	608a      	tsub	sp, #40	; 0x28
    9ddc:	f609      	tshftls	r1, r1, #24
    9dde:	fe09      	tshftrs	r1, r1, #24
    9de0:	0689      	tmov	r9, r1
    9de2:	a300      	tmovs	r3, #0
    9de4:	a100      	tmovs	r1, #0
    9de6:	a707      	tmovs	r7, #7
    9de8:	a601      	tmovs	r6, #1
    9dea:	e0dc      	tasrs	r4, r3, #3
    9dec:	1d05      	tloadrb	r5, [r0, r4]
    9dee:	ec3c      	tadds	r4, r7, #0
    9df0:	001c      	tands	r4, r3
    9df2:	0125      	tasrs	r5, r4
    9df4:	022e      	tnand	r6, r5
    9df6:	c004      	tjeq.n	9e02 <blt_ll_channelTable_calc+0x32>
    9df8:	066c      	tmov	r4, sp
    9dfa:	1463      	tstorerb	r3, [r4, r1]
    9dfc:	b101      	tadds	r1, #1
    9dfe:	f609      	tshftls	r1, r1, #24
    9e00:	fe09      	tshftrs	r1, r1, #24
    9e02:	b301      	tadds	r3, #1
    9e04:	ab25      	tcmp	r3, #37	; 0x25
    9e06:	c1f0      	tjne.n	9dea <blt_ll_channelTable_calc+0x1a>
    9e08:	0694      	tmov	ip, r2
    9e0a:	a725      	tmovs	r7, #37	; 0x25
    9e0c:	a500      	tmovs	r5, #0
    9e0e:	a207      	tmovs	r2, #7
    9e10:	0692      	tmov	sl, r2
    9e12:	a301      	tmovs	r3, #1
    9e14:	0698      	tmov	r8, r3
    9e16:	024e      	tnegs	r6, r1
    9e18:	f636      	tshftls	r6, r6, #24
    9e1a:	fe36      	tshftrs	r6, r6, #24
    9e1c:	044d      	tadd	r5, r9
    9e1e:	f62d      	tshftls	r5, r5, #24
    9e20:	fe2d      	tshftrs	r5, r5, #24
    9e22:	ad24      	tcmp	r5, #36	; 0x24
    9e24:	c902      	tjls.n	9e2c <blt_ll_channelTable_calc+0x5c>
    9e26:	bd25      	tsubs	r5, #37	; 0x25
    9e28:	f62d      	tshftls	r5, r5, #24
    9e2a:	fe2d      	tshftrs	r5, r5, #24
    9e2c:	ec2a      	tadds	r2, r5, #0
    9e2e:	f8eb      	tshftrs	r3, r5, #3
    9e30:	1cc4      	tloadrb	r4, [r0, r3]
    9e32:	0653      	tmov	r3, sl
    9e34:	002b      	tands	r3, r5
    9e36:	011c      	tasrs	r4, r3
    9e38:	ec23      	tadds	r3, r4, #0
    9e3a:	0644      	tmov	r4, r8
    9e3c:	021c      	tnand	r4, r3
    9e3e:	c11d      	tjne.n	9e7c <blt_ll_channelTable_calc+0xac>
    9e40:	028d      	tcmp	r5, r1
    9e42:	c30c      	tjcc.n	9e5e <blt_ll_channelTable_calc+0x8e>
    9e44:	ea6a      	tsubs	r2, r5, r1
    9e46:	f612      	tshftls	r2, r2, #24
    9e48:	fe12      	tshftrs	r2, r2, #24
    9e4a:	8000      	tj.n	9e4e <blt_ll_channelTable_calc+0x7e>
    9e4c:	ec1a      	tadds	r2, r3, #0
    9e4e:	e993      	tadds	r3, r2, r6
    9e50:	f61b      	tshftls	r3, r3, #24
    9e52:	fe1b      	tshftrs	r3, r3, #24
    9e54:	e85c      	tadds	r4, r3, r1
    9e56:	f624      	tshftls	r4, r4, #24
    9e58:	fe24      	tshftrs	r4, r4, #24
    9e5a:	02a1      	tcmp	r1, r4
    9e5c:	c9f6      	tjls.n	9e4c <blt_ll_channelTable_calc+0x7c>
    9e5e:	066b      	tmov	r3, sp
    9e60:	1c9b      	tloadrb	r3, [r3, r2]
    9e62:	0664      	tmov	r4, ip
    9e64:	4023      	tstorerb	r3, [r4, #0]
    9e66:	bf01      	tsubs	r7, #1
    9e68:	a201      	tmovs	r2, #1
    9e6a:	0494      	tadd	ip, r2
    9e6c:	af00      	tcmp	r7, #0
    9e6e:	c1d5      	tjne.n	9e1c <blt_ll_channelTable_calc+0x4c>
    9e70:	600a      	tadd	sp, #40	; 0x28
    9e72:	6c1c      	tpop	{r2, r3, r4}
    9e74:	0690      	tmov	r8, r2
    9e76:	0699      	tmov	r9, r3
    9e78:	06a2      	tmov	sl, r4
    9e7a:	6df0      	tpop	{r4, r5, r6, r7, pc}
    9e7c:	0662      	tmov	r2, ip
    9e7e:	4015      	tstorerb	r5, [r2, #0]
    9e80:	87f1      	tj.n	9e66 <blt_ll_channelTable_calc+0x96>
    9e82:	46c0      	tnop			; (mov r8, r8)

00009e84 <blc_procPendingEvent>:
blc_procPendingEvent():
    9e84:	6530      	tpush	{r4, r5, lr}
    9e86:	6082      	tsub	sp, #8
    9e88:	0c2b      	tloadr	r4, [pc, #172]	; (9f38 <blc_procPendingEvent+0xb4>)
    9e8a:	5823      	tloadr	r3, [r4, #0]
    9e8c:	a280      	tmovs	r2, #128	; 0x80
    9e8e:	021a      	tnand	r2, r3
    9e90:	c011      	tjeq.n	9eb6 <blc_procPendingEvent+0x32>
    9e92:	0393      	tbclrs	r3, r2
    9e94:	5023      	tstorer	r3, [r4, #0]
    9e96:	0b29      	tloadr	r3, [pc, #164]	; (9f3c <blc_procPendingEvent+0xb8>)
    9e98:	581b      	tloadr	r3, [r3, #0]
    9e9a:	f519      	tshftls	r1, r3, #20
    9e9c:	c432      	tjmi.n	9f04 <blc_procPendingEvent+0x80>
    9e9e:	0d28      	tloadr	r5, [pc, #160]	; (9f40 <blc_procPendingEvent+0xbc>)
    9ea0:	486b      	tloadrb	r3, [r5, #1]
    9ea2:	7901      	tadd	r1, sp, #4
    9ea4:	400b      	tstorerb	r3, [r1, #0]
    9ea6:	404b      	tstorerb	r3, [r1, #1]
    9ea8:	0b26      	tloadr	r3, [pc, #152]	; (9f44 <blc_procPendingEvent+0xc0>)
    9eaa:	581b      	tloadr	r3, [r3, #0]
    9eac:	a007      	tmovs	r0, #7
    9eae:	a202      	tmovs	r2, #2
    9eb0:	9000 9850 	tjl	9f54 <blc_procPendingEvent+0xd0>
    9eb4:	5823      	tloadr	r3, [r4, #0]
    9eb6:	ab00      	tcmp	r3, #0
    9eb8:	cb16      	tjlt.n	9ee8 <blc_procPendingEvent+0x64>
    9eba:	f5da      	tshftls	r2, r3, #23
    9ebc:	c506      	tjpl.n	9ecc <blc_procPendingEvent+0x48>
    9ebe:	0a1f      	tloadr	r2, [pc, #124]	; (9f3c <blc_procPendingEvent+0xb8>)
    9ec0:	5812      	tloadr	r2, [r2, #0]
    9ec2:	f651      	tshftls	r1, r2, #25
    9ec4:	c426      	tjmi.n	9f14 <blc_procPendingEvent+0x90>
    9ec6:	0a20      	tloadr	r2, [pc, #128]	; (9f48 <blc_procPendingEvent+0xc4>)
    9ec8:	0013      	tands	r3, r2
    9eca:	5023      	tstorer	r3, [r4, #0]
    9ecc:	a240      	tmovs	r2, #64	; 0x40
    9ece:	021a      	tnand	r2, r3
    9ed0:	c008      	tjeq.n	9ee4 <blc_procPendingEvent+0x60>
    9ed2:	0393      	tbclrs	r3, r2
    9ed4:	5023      	tstorer	r3, [r4, #0]
    9ed6:	0b1b      	tloadr	r3, [pc, #108]	; (9f44 <blc_procPendingEvent+0xc0>)
    9ed8:	581b      	tloadr	r3, [r3, #0]
    9eda:	a006      	tmovs	r0, #6
    9edc:	a100      	tmovs	r1, #0
    9ede:	a200      	tmovs	r2, #0
    9ee0:	9000 9838 	tjl	9f54 <blc_procPendingEvent+0xd0>
    9ee4:	6002      	tadd	sp, #8
    9ee6:	6d30      	tpop	{r4, r5, pc}
    9ee8:	f05b      	tshftls	r3, r3, #1
    9eea:	f85b      	tshftrs	r3, r3, #1
    9eec:	5023      	tstorer	r3, [r4, #0]
    9eee:	0a13      	tloadr	r2, [pc, #76]	; (9f3c <blc_procPendingEvent+0xb8>)
    9ef0:	5812      	tloadr	r2, [r2, #0]
    9ef2:	f311      	tshftls	r1, r2, #12
    9ef4:	c5e1      	tjpl.n	9eba <blc_procPendingEvent+0x36>
    9ef6:	0b15      	tloadr	r3, [pc, #84]	; (9f4c <blc_procPendingEvent+0xc8>)
    9ef8:	2b98      	tloadrh	r0, [r3, #28]
    9efa:	4b99      	tloadrb	r1, [r3, #14]
    9efc:	9001 9c36 	tjl	b76c <hci_le_chennel_selection_algorithm_evt>
    9f00:	5823      	tloadr	r3, [r4, #0]
    9f02:	87da      	tj.n	9eba <blc_procPendingEvent+0x36>
    9f04:	0b11      	tloadr	r3, [pc, #68]	; (9f4c <blc_procPendingEvent+0xc8>)
    9f06:	2b98      	tloadrh	r0, [r3, #28]
    9f08:	0d0d      	tloadr	r5, [pc, #52]	; (9f40 <blc_procPendingEvent+0xbc>)
    9f0a:	486a      	tloadrb	r2, [r5, #1]
    9f0c:	a100      	tmovs	r1, #0
    9f0e:	9001 9c17 	tjl	b740 <hci_le_phyUpdateComplete_evt>
    9f12:	87c5      	tj.n	9ea0 <blc_procPendingEvent+0x1c>
    9f14:	0b0e      	tloadr	r3, [pc, #56]	; (9f50 <blc_procPendingEvent+0xcc>)
    9f16:	2859      	tloadrh	r1, [r3, #2]
    9f18:	281a      	tloadrh	r2, [r3, #0]
    9f1a:	0b0c      	tloadr	r3, [pc, #48]	; (9f4c <blc_procPendingEvent+0xc8>)
    9f1c:	2b98      	tloadrh	r0, [r3, #28]
    9f1e:	ec0b      	tadds	r3, r1, #0
    9f20:	b30e      	tadds	r3, #14
    9f22:	f4db      	tshftls	r3, r3, #19
    9f24:	fc1b      	tshftrs	r3, r3, #16
    9f26:	ec15      	tadds	r5, r2, #0
    9f28:	b50e      	tadds	r5, #14
    9f2a:	f4ed      	tshftls	r5, r5, #19
    9f2c:	fc2d      	tshftrs	r5, r5, #16
    9f2e:	3500      	tstorer	r5, [sp, #0]
    9f30:	9001 9c2e 	tjl	b790 <hci_le_data_len_update_evt>
    9f34:	5823      	tloadr	r3, [r4, #0]
    9f36:	87c6      	tj.n	9ec6 <blc_procPendingEvent+0x42>
    9f38:	0084320c 	taddeq	r3, r4, ip, lsl #4
    9f3c:	008435c8 	taddeq	r3, r4, r8, asr #11
    9f40:	008433ec 	taddeq	r3, r4, ip, ror #7
    9f44:	00843238 	taddeq	r3, r4, r8, lsr r2
    9f48:	fffffeff 	undefined instruction 0xfffffeff
    9f4c:	0084335c 	taddeq	r3, r4, ip, asr r3
    9f50:	0084321c 	taddeq	r3, r4, ip, lsl r2
    9f54:	0718      	tjex	r3
    9f56:	46c0      	tnop			; (mov r8, r8)

00009f58 <blt_ll_conn_main_loop_post>:
blt_ll_conn_main_loop_post():
    9f58:	6500      	tpush	{lr}
    9f5a:	0b0b      	tloadr	r3, [pc, #44]	; (9f88 <blt_ll_conn_main_loop_post+0x30>)
    9f5c:	499b      	tloadrb	r3, [r3, #6]
    9f5e:	ab00      	tcmp	r3, #0
    9f60:	c10e      	tjne.n	9f80 <blt_ll_conn_main_loop_post+0x28>
    9f62:	0b0a      	tloadr	r3, [pc, #40]	; (9f8c <blt_ll_conn_main_loop_post+0x34>)
    9f64:	5a1a      	tloadr	r2, [r3, #32]
    9f66:	aa00      	tcmp	r2, #0
    9f68:	c008      	tjeq.n	9f7c <blt_ll_conn_main_loop_post+0x24>
    9f6a:	5a1a      	tloadr	r2, [r3, #32]
    9f6c:	0908      	tloadr	r1, [pc, #32]	; (9f90 <blt_ll_conn_main_loop_post+0x38>)
    9f6e:	5809      	tloadr	r1, [r1, #0]
    9f70:	ea89      	tsubs	r1, r1, r2
    9f72:	0a08      	tloadr	r2, [pc, #32]	; (9f94 <blt_ll_conn_main_loop_post+0x3c>)
    9f74:	0291      	tcmp	r1, r2
    9f76:	c901      	tjls.n	9f7c <blt_ll_conn_main_loop_post+0x24>
    9f78:	a200      	tmovs	r2, #0
    9f7a:	521a      	tstorer	r2, [r3, #32]
    9f7c:	a000      	tmovs	r0, #0
    9f7e:	6d00      	tpop	{pc}
    9f80:	9000 9842 	tjl	a008 <blt_ll_sendPhyReq>
    9f84:	87ed      	tj.n	9f62 <blt_ll_conn_main_loop_post+0xa>
    9f86:	46c0      	tnop			; (mov r8, r8)
    9f88:	008433ec 	taddeq	r3, r4, ip, ror #7
    9f8c:	00843180 	taddeq	r3, r4, r0, lsl #3
    9f90:	00800740 	taddeq	r0, r0, r0, asr #14
    9f94:	007a1200 	trsubseq	r1, sl, r0, lsl #4

00009f98 <blt_ll_unknown_rsp>:
blt_ll_unknown_rsp():
    9f98:	6500      	tpush	{lr}
    9f9a:	6081      	tsub	sp, #4
    9f9c:	f400      	tshftls	r0, r0, #16
    9f9e:	fc00      	tshftrs	r0, r0, #16
    9fa0:	066a      	tmov	r2, sp
    9fa2:	a303      	tmovs	r3, #3
    9fa4:	4013      	tstorerb	r3, [r2, #0]
    9fa6:	a302      	tmovs	r3, #2
    9fa8:	4053      	tstorerb	r3, [r2, #1]
    9faa:	a307      	tmovs	r3, #7
    9fac:	4093      	tstorerb	r3, [r2, #2]
    9fae:	40d1      	tstorerb	r1, [r2, #3]
    9fb0:	0b03      	tloadr	r3, [pc, #12]	; (9fc0 <blt_ll_unknown_rsp+0x28>)
    9fb2:	5ddb      	tloadr	r3, [r3, #92]	; 0x5c
    9fb4:	0669      	tmov	r1, sp
    9fb6:	9000 9805 	tjl	9fc4 <blt_ll_unknown_rsp+0x2c>
    9fba:	a000      	tmovs	r0, #0
    9fbc:	6001      	tadd	sp, #4
    9fbe:	6d00      	tpop	{pc}
    9fc0:	0084335c 	taddeq	r3, r4, ip, asr r3
    9fc4:	0718      	tjex	r3
    9fc6:	46c0      	tnop			; (mov r8, r8)

00009fc8 <blc_calc_remapping_table>:
blc_calc_remapping_table():
    9fc8:	65f0      	tpush	{r4, r5, r6, r7, lr}
    9fca:	0c0c      	tloadr	r4, [pc, #48]	; (9ffc <blc_calc_remapping_table+0x34>)
    9fcc:	a200      	tmovs	r2, #0
    9fce:	a325      	tmovs	r3, #37	; 0x25
    9fd0:	14e2      	tstorerb	r2, [r4, r3]
    9fd2:	a300      	tmovs	r3, #0
    9fd4:	a607      	tmovs	r6, #7
    9fd6:	a501      	tmovs	r5, #1
    9fd8:	a725      	tmovs	r7, #37	; 0x25
    9fda:	e0da      	tasrs	r2, r3, #3
    9fdc:	1c81      	tloadrb	r1, [r0, r2]
    9fde:	ec32      	tadds	r2, r6, #0
    9fe0:	001a      	tands	r2, r3
    9fe2:	0111      	tasrs	r1, r2
    9fe4:	020d      	tnand	r5, r1
    9fe6:	c003      	tjeq.n	9ff0 <blc_calc_remapping_table+0x28>
    9fe8:	1de2      	tloadrb	r2, [r4, r7]
    9fea:	14a3      	tstorerb	r3, [r4, r2]
    9fec:	b201      	tadds	r2, #1
    9fee:	15e2      	tstorerb	r2, [r4, r7]
    9ff0:	b301      	tadds	r3, #1
    9ff2:	ab25      	tcmp	r3, #37	; 0x25
    9ff4:	c1f1      	tjne.n	9fda <blc_calc_remapping_table+0x12>
    9ff6:	a000      	tmovs	r0, #0
    9ff8:	6df0      	tpop	{r4, r5, r6, r7, pc}
    9ffa:	46c0      	tnop			; (mov r8, r8)
    9ffc:	008433c0 	taddeq	r3, r4, r0, asr #7

0000a000 <blt_ll_get_conn_phy_ptr>:
blt_ll_get_conn_phy_ptr():
    a000:	0800      	tloadr	r0, [pc, #0]	; (a004 <blt_ll_get_conn_phy_ptr+0x4>)
    a002:	0770      	tjex	lr
    a004:	008433ec 	taddeq	r3, r4, ip, ror #7

0000a008 <blt_ll_sendPhyReq>:
blt_ll_sendPhyReq():
    a008:	6530      	tpush	{r4, r5, lr}
    a00a:	6082      	tsub	sp, #8
    a00c:	0c0e      	tloadr	r4, [pc, #56]	; (a048 <blt_ll_sendPhyReq+0x40>)
    a00e:	49a3      	tloadrb	r3, [r4, #6]
    a010:	ab00      	tcmp	r3, #0
    a012:	c003      	tjeq.n	a01c <blt_ll_sendPhyReq+0x14>
    a014:	0b0d      	tloadr	r3, [pc, #52]	; (a04c <blt_ll_sendPhyReq+0x44>)
    a016:	4c5d      	tloadrb	r5, [r3, #17]
    a018:	ad00      	tcmp	r5, #0
    a01a:	c001      	tjeq.n	a020 <blt_ll_sendPhyReq+0x18>
    a01c:	6002      	tadd	sp, #8
    a01e:	6d30      	tpop	{r4, r5, pc}
    a020:	0669      	tmov	r1, sp
    a022:	a303      	tmovs	r3, #3
    a024:	400b      	tstorerb	r3, [r1, #0]
    a026:	404b      	tstorerb	r3, [r1, #1]
    a028:	a316      	tmovs	r3, #22
    a02a:	408b      	tstorerb	r3, [r1, #2]
    a02c:	4823      	tloadrb	r3, [r4, #0]
    a02e:	410b      	tstorerb	r3, [r1, #4]
    a030:	40cb      	tstorerb	r3, [r1, #3]
    a032:	0b07      	tloadr	r3, [pc, #28]	; (a050 <blt_ll_sendPhyReq+0x48>)
    a034:	581b      	tloadr	r3, [r3, #0]
    a036:	a080      	tmovs	r0, #128	; 0x80
    a038:	f200      	tshftls	r0, r0, #8
    a03a:	9000 980b 	tjl	a054 <blt_ll_sendPhyReq+0x4c>
    a03e:	a800      	tcmp	r0, #0
    a040:	c0ec      	tjeq.n	a01c <blt_ll_sendPhyReq+0x14>
    a042:	41a5      	tstorerb	r5, [r4, #6]
    a044:	87ea      	tj.n	a01c <blt_ll_sendPhyReq+0x14>
    a046:	46c0      	tnop			; (mov r8, r8)
    a048:	008433ec 	taddeq	r3, r4, ip, ror #7
    a04c:	00843180 	taddeq	r3, r4, r0, lsl #3
    a050:	008433b8 	undefined instruction 0x008433b8
    a054:	0718      	tjex	r3
    a056:	46c0      	tnop			; (mov r8, r8)

0000a058 <blc_ll_initSlaveRole_module>:
blc_ll_initSlaveRole_module():
    a058:	0a10      	tloadr	r2, [pc, #64]	; (a09c <blc_ll_initSlaveRole_module+0x44>)
    a05a:	0b11      	tloadr	r3, [pc, #68]	; (a0a0 <blc_ll_initSlaveRole_module+0x48>)
    a05c:	501a      	tstorer	r2, [r3, #0]
    a05e:	0a11      	tloadr	r2, [pc, #68]	; (a0a4 <blc_ll_initSlaveRole_module+0x4c>)
    a060:	0b11      	tloadr	r3, [pc, #68]	; (a0a8 <blc_ll_initSlaveRole_module+0x50>)
    a062:	501a      	tstorer	r2, [r3, #0]
    a064:	0a11      	tloadr	r2, [pc, #68]	; (a0ac <blc_ll_initSlaveRole_module+0x54>)
    a066:	0b12      	tloadr	r3, [pc, #72]	; (a0b0 <blc_ll_initSlaveRole_module+0x58>)
    a068:	501a      	tstorer	r2, [r3, #0]
    a06a:	0a12      	tloadr	r2, [pc, #72]	; (a0b4 <blc_ll_initSlaveRole_module+0x5c>)
    a06c:	0b12      	tloadr	r3, [pc, #72]	; (a0b8 <blc_ll_initSlaveRole_module+0x60>)
    a06e:	501a      	tstorer	r2, [r3, #0]
    a070:	0a12      	tloadr	r2, [pc, #72]	; (a0bc <blc_ll_initSlaveRole_module+0x64>)
    a072:	0b13      	tloadr	r3, [pc, #76]	; (a0c0 <blc_ll_initSlaveRole_module+0x68>)
    a074:	501a      	tstorer	r2, [r3, #0]
    a076:	0a13      	tloadr	r2, [pc, #76]	; (a0c4 <blc_ll_initSlaveRole_module+0x6c>)
    a078:	0b13      	tloadr	r3, [pc, #76]	; (a0c8 <blc_ll_initSlaveRole_module+0x70>)
    a07a:	501a      	tstorer	r2, [r3, #0]
    a07c:	0a13      	tloadr	r2, [pc, #76]	; (a0cc <blc_ll_initSlaveRole_module+0x74>)
    a07e:	0b14      	tloadr	r3, [pc, #80]	; (a0d0 <blc_ll_initSlaveRole_module+0x78>)
    a080:	501a      	tstorer	r2, [r3, #0]
    a082:	0a14      	tloadr	r2, [pc, #80]	; (a0d4 <blc_ll_initSlaveRole_module+0x7c>)
    a084:	a301      	tmovs	r3, #1
    a086:	025b      	tnegs	r3, r3
    a088:	2253      	tstorerh	r3, [r2, #18]
    a08a:	0b13      	tloadr	r3, [pc, #76]	; (a0d8 <blc_ll_initSlaveRole_module+0x80>)
    a08c:	485b      	tloadrb	r3, [r3, #1]
    a08e:	ab00      	tcmp	r3, #0
    a090:	c002      	tjeq.n	a098 <blc_ll_initSlaveRole_module+0x40>
    a092:	a396      	tmovs	r3, #150	; 0x96
    a094:	f11b      	tshftls	r3, r3, #4
    a096:	5693      	tstorer	r3, [r2, #104]	; 0x68
    a098:	0770      	tjex	lr
    a09a:	46c0      	tnop			; (mov r8, r8)
    a09c:	0000a645 	tandeq	sl, r0, r5, asr #12
    a0a0:	0084334c 	taddeq	r3, r4, ip, asr #6
    a0a4:	0000a229 	tandeq	sl, r0, r9, lsr #4
    a0a8:	00843288 	taddeq	r3, r4, r8, lsl #5
    a0ac:	0000244d 	tandeq	r2, r0, sp, asr #8
    a0b0:	0084323c 	taddeq	r3, r4, ip, lsr r2
    a0b4:	0000233d 	tandeq	r2, r0, sp, lsr r3
    a0b8:	00843284 	taddeq	r3, r4, r4, lsl #5
    a0bc:	0000b131 	tandeq	fp, r0, r1, lsr r1
    a0c0:	00843290 	umulleq	r3, r4, r0, r2
    a0c4:	0000b355 	tandeq	fp, r0, r5, asr r3
    a0c8:	00843294 	umulleq	r3, r4, r4, r2
    a0cc:	0000a271 	tandeq	sl, r0, r1, ror r2
    a0d0:	008433b8 	undefined instruction 0x008433b8
    a0d4:	00843400 	taddeq	r3, r4, r0, lsl #8
    a0d8:	00843150 	taddeq	r3, r4, r0, asr r1

0000a0dc <blc_ll_registerLtkReqEvtCb>:
blc_ll_registerLtkReqEvtCb():
    a0dc:	0b01      	tloadr	r3, [pc, #4]	; (a0e4 <blc_ll_registerLtkReqEvtCb+0x8>)
    a0de:	56d8      	tstorer	r0, [r3, #108]	; 0x6c
    a0e0:	0770      	tjex	lr
    a0e2:	46c0      	tnop			; (mov r8, r8)
    a0e4:	00843400 	taddeq	r3, r4, r0, lsl #8

0000a0e8 <blt_ll_channel_conn_update>:
blt_ll_channel_conn_update():
    a0e8:	65f0      	tpush	{r4, r5, r6, r7, lr}
    a0ea:	ec05      	tadds	r5, r0, #0
    a0ec:	0c48      	tloadr	r4, [pc, #288]	; (a210 <blt_ll_channel_conn_update+0x128>)
    a0ee:	a32e      	tmovs	r3, #46	; 0x2e
    a0f0:	1ce3      	tloadrb	r3, [r4, r3]
    a0f2:	ab00      	tcmp	r3, #0
    a0f4:	c125      	tjne.n	a142 <blt_ll_channel_conn_update+0x5a>
    a0f6:	48ab      	tloadrb	r3, [r5, #2]
    a0f8:	ab01      	tcmp	r3, #1
    a0fa:	c067      	tjeq.n	a1cc <blt_ll_channel_conn_update+0xe4>
    a0fc:	ab00      	tcmp	r3, #0
    a0fe:	c032      	tjeq.n	a166 <blt_ll_channel_conn_update+0x7e>
    a100:	a600      	tmovs	r6, #0
    a102:	ab18      	tcmp	r3, #24
    a104:	c12d      	tjne.n	a162 <blt_ll_channel_conn_update+0x7a>
    a106:	48ec      	tloadrb	r4, [r5, #3]
    a108:	4928      	tloadrb	r0, [r5, #4]
    a10a:	49aa      	tloadrb	r2, [r5, #6]
    a10c:	f212      	tshftls	r2, r2, #8
    a10e:	4969      	tloadrb	r1, [r5, #5]
    a110:	030a      	tors	r2, r1
    a112:	0b40      	tloadr	r3, [pc, #256]	; (a214 <blt_ll_channel_conn_update+0x12c>)
    a114:	2b99      	tloadrh	r1, [r3, #28]
    a116:	ea51      	tsubs	r1, r2, r1
    a118:	f409      	tshftls	r1, r1, #16
    a11a:	a900      	tcmp	r1, #0
    a11c:	cd21      	tjle.n	a162 <blt_ll_channel_conn_update+0x7a>
    a11e:	a101      	tmovs	r1, #1
    a120:	0d3d      	tloadr	r5, [pc, #244]	; (a218 <blt_ll_channel_conn_update+0x130>)
    a122:	41e9      	tstorerb	r1, [r5, #7]
    a124:	a503      	tmovs	r5, #3
    a126:	405d      	tstorerb	r5, [r3, #1]
    a128:	23da      	tstorerh	r2, [r3, #30]
    a12a:	ec23      	tadds	r3, r4, #0
    a12c:	0003      	tands	r3, r0
    a12e:	0219      	tnand	r1, r3
    a130:	c164      	tjne.n	a1fc <blt_ll_channel_conn_update+0x114>
    a132:	a202      	tmovs	r2, #2
    a134:	021a      	tnand	r2, r3
    a136:	c164      	tjne.n	a202 <blt_ll_channel_conn_update+0x11a>
    a138:	f75a      	tshftls	r2, r3, #29
    a13a:	c565      	tjpl.n	a208 <blt_ll_channel_conn_update+0x120>
    a13c:	0b37      	tloadr	r3, [pc, #220]	; (a21c <blt_ll_channel_conn_update+0x134>)
    a13e:	409d      	tstorerb	r5, [r3, #2]
    a140:	800f      	tj.n	a162 <blt_ll_channel_conn_update+0x7a>
    a142:	58e7      	tloadr	r7, [r4, #12]
    a144:	0b34      	tloadr	r3, [pc, #208]	; (a218 <blt_ll_channel_conn_update+0x130>)
    a146:	5d5b      	tloadr	r3, [r3, #84]	; 0x54
    a148:	50e3      	tstorer	r3, [r4, #12]
    a14a:	ec22      	tadds	r2, r4, #0
    a14c:	b208      	tadds	r2, #8
    a14e:	a101      	tmovs	r1, #1
    a150:	9005 99fe 	tjl	f550 <aes_ll_ccm_decryption>
    a154:	ec06      	tadds	r6, r0, #0
    a156:	50e7      	tstorer	r7, [r4, #12]
    a158:	a800      	tcmp	r0, #0
    a15a:	c0cc      	tjeq.n	a0f6 <blt_ll_channel_conn_update+0xe>
    a15c:	a201      	tmovs	r2, #1
    a15e:	a32f      	tmovs	r3, #47	; 0x2f
    a160:	14e2      	tstorerb	r2, [r4, r3]
    a162:	ec30      	tadds	r0, r6, #0
    a164:	6df0      	tpop	{r4, r5, r6, r7, pc}
    a166:	4b2a      	tloadrb	r2, [r5, #12]
    a168:	4b6b      	tloadrb	r3, [r5, #13]
    a16a:	f21b      	tshftls	r3, r3, #8
    a16c:	0313      	tors	r3, r2
    a16e:	0a29      	tloadr	r2, [pc, #164]	; (a214 <blt_ll_channel_conn_update+0x12c>)
    a170:	23d3      	tstorerh	r3, [r2, #30]
    a172:	2b91      	tloadrh	r1, [r2, #28]
    a174:	ea5b      	tsubs	r3, r3, r1
    a176:	f41b      	tshftls	r3, r3, #16
    a178:	a600      	tmovs	r6, #0
    a17a:	ab00      	tcmp	r3, #0
    a17c:	cdf1      	tjle.n	a162 <blt_ll_channel_conn_update+0x7a>
    a17e:	0b26      	tloadr	r3, [pc, #152]	; (a218 <blt_ll_channel_conn_update+0x130>)
    a180:	a101      	tmovs	r1, #1
    a182:	41d9      	tstorerb	r1, [r3, #7]
    a184:	a102      	tmovs	r1, #2
    a186:	4051      	tstorerb	r1, [r2, #1]
    a188:	48ea      	tloadrb	r2, [r5, #3]
    a18a:	429a      	tstorerb	r2, [r3, #10]
    a18c:	4929      	tloadrb	r1, [r5, #4]
    a18e:	496a      	tloadrb	r2, [r5, #5]
    a190:	f212      	tshftls	r2, r2, #8
    a192:	030a      	tors	r2, r1
    a194:	229a      	tstorerh	r2, [r3, #20]
    a196:	49a9      	tloadrb	r1, [r5, #6]
    a198:	49ea      	tloadrb	r2, [r5, #7]
    a19a:	f212      	tshftls	r2, r2, #8
    a19c:	030a      	tors	r2, r1
    a19e:	22da      	tstorerh	r2, [r3, #22]
    a1a0:	4a29      	tloadrb	r1, [r5, #8]
    a1a2:	4a6a      	tloadrb	r2, [r5, #9]
    a1a4:	f212      	tshftls	r2, r2, #8
    a1a6:	030a      	tors	r2, r1
    a1a8:	231a      	tstorerh	r2, [r3, #24]
    a1aa:	4aa9      	tloadrb	r1, [r5, #10]
    a1ac:	4aea      	tloadrb	r2, [r5, #11]
    a1ae:	f212      	tshftls	r2, r2, #8
    a1b0:	030a      	tors	r2, r1
    a1b2:	235a      	tstorerh	r2, [r3, #26]
    a1b4:	081a      	tloadr	r0, [pc, #104]	; (a220 <blt_ll_channel_conn_update+0x138>)
    a1b6:	ec29      	tadds	r1, r5, #0
    a1b8:	a20e      	tmovs	r2, #14
    a1ba:	97f8 9d31 	tjl	2c20 <smemcpy>
    a1be:	0a19      	tloadr	r2, [pc, #100]	; (a224 <blt_ll_channel_conn_update+0x13c>)
    a1c0:	5811      	tloadr	r1, [r2, #0]
    a1c2:	a380      	tmovs	r3, #128	; 0x80
    a1c4:	f11b      	tshftls	r3, r3, #4
    a1c6:	030b      	tors	r3, r1
    a1c8:	5013      	tstorer	r3, [r2, #0]
    a1ca:	87ca      	tj.n	a162 <blt_ll_channel_conn_update+0x7a>
    a1cc:	292a      	tloadrh	r2, [r5, #8]
    a1ce:	0811      	tloadr	r0, [pc, #68]	; (a214 <blt_ll_channel_conn_update+0x12c>)
    a1d0:	23c2      	tstorerh	r2, [r0, #30]
    a1d2:	2b81      	tloadrh	r1, [r0, #28]
    a1d4:	ea52      	tsubs	r2, r2, r1
    a1d6:	f412      	tshftls	r2, r2, #16
    a1d8:	a600      	tmovs	r6, #0
    a1da:	aa00      	tcmp	r2, #0
    a1dc:	cdc1      	tjle.n	a162 <blt_ll_channel_conn_update+0x7a>
    a1de:	0a0e      	tloadr	r2, [pc, #56]	; (a218 <blt_ll_channel_conn_update+0x130>)
    a1e0:	41d3      	tstorerb	r3, [r2, #7]
    a1e2:	4043      	tstorerb	r3, [r0, #1]
    a1e4:	b013      	tadds	r0, #19
    a1e6:	ece9      	tadds	r1, r5, #3
    a1e8:	a205      	tmovs	r2, #5
    a1ea:	97f8 9d19 	tjl	2c20 <smemcpy>
    a1ee:	0a0d      	tloadr	r2, [pc, #52]	; (a224 <blt_ll_channel_conn_update+0x13c>)
    a1f0:	5811      	tloadr	r1, [r2, #0]
    a1f2:	a380      	tmovs	r3, #128	; 0x80
    a1f4:	f0db      	tshftls	r3, r3, #3
    a1f6:	030b      	tors	r3, r1
    a1f8:	5013      	tstorer	r3, [r2, #0]
    a1fa:	87b2      	tj.n	a162 <blt_ll_channel_conn_update+0x7a>
    a1fc:	0b07      	tloadr	r3, [pc, #28]	; (a21c <blt_ll_channel_conn_update+0x134>)
    a1fe:	4099      	tstorerb	r1, [r3, #2]
    a200:	87af      	tj.n	a162 <blt_ll_channel_conn_update+0x7a>
    a202:	0b06      	tloadr	r3, [pc, #24]	; (a21c <blt_ll_channel_conn_update+0x134>)
    a204:	409a      	tstorerb	r2, [r3, #2]
    a206:	87ac      	tj.n	a162 <blt_ll_channel_conn_update+0x7a>
    a208:	0b04      	tloadr	r3, [pc, #16]	; (a21c <blt_ll_channel_conn_update+0x134>)
    a20a:	485a      	tloadrb	r2, [r3, #1]
    a20c:	409a      	tstorerb	r2, [r3, #2]
    a20e:	87a8      	tj.n	a162 <blt_ll_channel_conn_update+0x7a>
    a210:	00843480 	taddeq	r3, r4, r0, lsl #9
    a214:	00843360 	taddeq	r3, r4, r0, ror #6
    a218:	00843400 	taddeq	r3, r4, r0, lsl #8
    a21c:	008433ec 	taddeq	r3, r4, ip, ror #7
    a220:	008432b8 	undefined instruction 0x008432b8
    a224:	0084320c 	taddeq	r3, r4, ip, lsl #4

0000a228 <irq_blc_slave_tx>:
irq_blc_slave_tx():
    a228:	6530      	tpush	{r4, r5, lr}
    a22a:	0c0d      	tloadr	r4, [pc, #52]	; (a260 <irq_blc_slave_tx+0x38>)
    a22c:	5e23      	tloadr	r3, [r4, #96]	; 0x60
    a22e:	ab00      	tcmp	r3, #0
    a230:	c003      	tjeq.n	a23a <irq_blc_slave_tx+0x12>
    a232:	0d0c      	tloadr	r5, [pc, #48]	; (a264 <irq_blc_slave_tx+0x3c>)
    a234:	4bab      	tloadrb	r3, [r5, #14]
    a236:	ab06      	tcmp	r3, #6
    a238:	c000      	tjeq.n	a23c <irq_blc_slave_tx+0x14>
    a23a:	6d30      	tpop	{r4, r5, pc}
    a23c:	a280      	tmovs	r2, #128	; 0x80
    a23e:	0b0a      	tloadr	r3, [pc, #40]	; (a268 <irq_blc_slave_tx+0x40>)
    a240:	401a      	tstorerb	r2, [r3, #0]
    a242:	5de3      	tloadr	r3, [r4, #92]	; 0x5c
    a244:	ab00      	tcmp	r3, #0
    a246:	c006      	tjeq.n	a256 <irq_blc_slave_tx+0x2e>
    a248:	0b08      	tloadr	r3, [pc, #32]	; (a26c <irq_blc_slave_tx+0x44>)
    a24a:	b330      	tadds	r3, #48	; 0x30
    a24c:	55a3      	tstorer	r3, [r4, #88]	; 0x58
    a24e:	a300      	tmovs	r3, #0
    a250:	5623      	tstorer	r3, [r4, #96]	; 0x60
    a252:	41ab      	tstorerb	r3, [r5, #6]
    a254:	87f1      	tj.n	a23a <irq_blc_slave_tx+0x12>
    a256:	0805      	tloadr	r0, [pc, #20]	; (a26c <irq_blc_slave_tx+0x44>)
    a258:	b030      	tadds	r0, #48	; 0x30
    a25a:	97ff 9f45 	tjl	a0e8 <blt_ll_channel_conn_update>
    a25e:	87f6      	tj.n	a24e <irq_blc_slave_tx+0x26>
    a260:	00843400 	taddeq	r3, r4, r0, lsl #8
    a264:	00843180 	taddeq	r3, r4, r0, lsl #3
    a268:	00800f00 	taddeq	r0, r0, r0, lsl #30
    a26c:	00843480 	taddeq	r3, r4, r0, lsl #9

0000a270 <bls_ll_pushTxFifo>:
bls_ll_pushTxFifo():
    a270:	65f0      	tpush	{r4, r5, r6, r7, lr}
    a272:	0647      	tmov	r7, r8
    a274:	6480      	tpush	{r7}
    a276:	0b2a      	tloadr	r3, [pc, #168]	; (a320 <bls_ll_pushTxFifo+0xb0>)
    a278:	481d      	tloadrb	r5, [r3, #0]
    a27a:	a200      	tmovs	r2, #0
    a27c:	401a      	tstorerb	r2, [r3, #0]
    a27e:	0a29      	tloadr	r2, [pc, #164]	; (a324 <bls_ll_pushTxFifo+0xb4>)
    a280:	4812      	tloadrb	r2, [r2, #0]
    a282:	0690      	tmov	r8, r2
    a284:	0c28      	tloadr	r4, [pc, #160]	; (a328 <bls_ll_pushTxFifo+0xb8>)
    a286:	4827      	tloadrb	r7, [r4, #0]
    a288:	0c28      	tloadr	r4, [pc, #160]	; (a32c <bls_ll_pushTxFifo+0xbc>)
    a28a:	49a2      	tloadrb	r2, [r4, #6]
    a28c:	49e6      	tloadrb	r6, [r4, #7]
    a28e:	eb96      	tsubs	r6, r2, r6
    a290:	a21f      	tmovs	r2, #31
    a292:	0016      	tands	r6, r2
    a294:	0642      	tmov	r2, r8
    a296:	ebd2      	tsubs	r2, r2, r7
    a298:	a70f      	tmovs	r7, #15
    a29a:	003a      	tands	r2, r7
    a29c:	e8b2      	tadds	r2, r6, r2
    a29e:	401d      	tstorerb	r5, [r3, #0]
    a2a0:	f403      	tshftls	r3, r0, #16
    a2a2:	c507      	tjpl.n	a2b4 <bls_ll_pushTxFifo+0x44>
    a2a4:	28a3      	tloadrh	r3, [r4, #4]
    a2a6:	a500      	tmovs	r5, #0
    a2a8:	0293      	tcmp	r3, r2
    a2aa:	cc08      	tjgt.n	a2be <bls_ll_pushTxFifo+0x4e>
    a2ac:	ec28      	tadds	r0, r5, #0
    a2ae:	6c04      	tpop	{r2}
    a2b0:	0690      	tmov	r8, r2
    a2b2:	6df0      	tpop	{r4, r5, r6, r7, pc}
    a2b4:	28a3      	tloadrh	r3, [r4, #4]
    a2b6:	bb02      	tsubs	r3, #2
    a2b8:	a500      	tmovs	r5, #0
    a2ba:	0293      	tcmp	r3, r2
    a2bc:	cdf6      	tjle.n	a2ac <bls_ll_pushTxFifo+0x3c>
    a2be:	49a7      	tloadrb	r7, [r4, #6]
    a2c0:	28a6      	tloadrh	r6, [r4, #4]
    a2c2:	be01      	tsubs	r6, #1
    a2c4:	003e      	tands	r6, r7
    a2c6:	5823      	tloadr	r3, [r4, #0]
    a2c8:	035e      	tmuls	r6, r3
    a2ca:	0b19      	tloadr	r3, [pc, #100]	; (a330 <bls_ll_pushTxFifo+0xc0>)
    a2cc:	e8f6      	tadds	r6, r6, r3
    a2ce:	ed32      	tadds	r2, r6, #4
    a2d0:	0690      	tmov	r8, r2
    a2d2:	484a      	tloadrb	r2, [r1, #1]
    a2d4:	b202      	tadds	r2, #2
    a2d6:	0640      	tmov	r0, r8
    a2d8:	97fe 9b36 	tjl	8948 <memcpy>
    a2dc:	0a15      	tloadr	r2, [pc, #84]	; (a334 <bls_ll_pushTxFifo+0xc4>)
    a2de:	a32e      	tmovs	r3, #46	; 0x2e
    a2e0:	1cd1      	tloadrb	r1, [r2, r3]
    a2e2:	a900      	tcmp	r1, #0
    a2e4:	c108      	tjne.n	a2f8 <bls_ll_pushTxFifo+0x88>
    a2e6:	4973      	tloadrb	r3, [r6, #5]
    a2e8:	b302      	tadds	r3, #2
    a2ea:	4033      	tstorerb	r3, [r6, #0]
    a2ec:	e21b      	tasrs	r3, r3, #8
    a2ee:	4073      	tstorerb	r3, [r6, #1]
    a2f0:	b701      	tadds	r7, #1
    a2f2:	41a7      	tstorerb	r7, [r4, #6]
    a2f4:	a501      	tmovs	r5, #1
    a2f6:	87d9      	tj.n	a2ac <bls_ll_pushTxFifo+0x3c>
    a2f8:	0f0f      	tloadr	r7, [pc, #60]	; (a338 <bls_ll_pushTxFifo+0xc8>)
    a2fa:	a301      	tmovs	r3, #1
    a2fc:	55fb      	tstorer	r3, [r7, #92]	; 0x5c
    a2fe:	b902      	tsubs	r1, #2
    a300:	024b      	tnegs	r3, r1
    a302:	0159      	taddcs	r1, r3
    a304:	b208      	tadds	r2, #8
    a306:	0640      	tmov	r0, r8
    a308:	9005 98d6 	tjl	f4b8 <aes_ll_ccm_encryption>
    a30c:	55fd      	tstorer	r5, [r7, #92]	; 0x5c
    a30e:	5db8      	tloadr	r0, [r7, #88]	; 0x58
    a310:	a800      	tcmp	r0, #0
    a312:	c002      	tjeq.n	a31a <bls_ll_pushTxFifo+0xaa>
    a314:	97ff 9ee8 	tjl	a0e8 <blt_ll_channel_conn_update>
    a318:	55bd      	tstorer	r5, [r7, #88]	; 0x58
    a31a:	49a7      	tloadrb	r7, [r4, #6]
    a31c:	87e3      	tj.n	a2e6 <bls_ll_pushTxFifo+0x76>
    a31e:	46c0      	tnop			; (mov r8, r8)
    a320:	00800643 	taddeq	r0, r0, r3, asr #12
    a324:	00800c2b 	taddeq	r0, r0, fp, lsr #24
    a328:	00800c2a 	taddeq	r0, r0, sl, lsr #24
    a32c:	0084311c 	taddeq	r3, r4, ip, lsl r1
    a330:	00842e9c 	umulleq	r2, r4, ip, lr
    a334:	00843480 	taddeq	r3, r4, r0, lsl #9
    a338:	00843400 	taddeq	r3, r4, r0, lsl #8

0000a33c <bls_ll_pushEncPkt>:
bls_ll_pushEncPkt():
    a33c:	6570      	tpush	{r4, r5, r6, lr}
    a33e:	6087      	tsub	sp, #28
    a340:	ec05      	tadds	r5, r0, #0
    a342:	066c      	tmov	r4, sp
    a344:	a303      	tmovs	r3, #3
    a346:	4023      	tstorerb	r3, [r4, #0]
    a348:	a804      	tcmp	r0, #4
    a34a:	c016      	tjeq.n	a37a <bls_ll_pushEncPkt+0x3e>
    a34c:	a80d      	tcmp	r0, #13
    a34e:	c00a      	tjeq.n	a366 <bls_ll_pushEncPkt+0x2a>
    a350:	a811      	tcmp	r0, #17
    a352:	c00d      	tjeq.n	a370 <bls_ll_pushEncPkt+0x34>
    a354:	a301      	tmovs	r3, #1
    a356:	4063      	tstorerb	r3, [r4, #1]
    a358:	40a5      	tstorerb	r5, [r4, #2]
    a35a:	0811      	tloadr	r0, [pc, #68]	; (a3a0 <bls_ll_pushEncPkt+0x64>)
    a35c:	0669      	tmov	r1, sp
    a35e:	97ff 9f87 	tjl	a270 <bls_ll_pushTxFifo>
    a362:	6007      	tadd	sp, #28
    a364:	6d70      	tpop	{r4, r5, r6, pc}
    a366:	a302      	tmovs	r3, #2
    a368:	4063      	tstorerb	r3, [r4, #1]
    a36a:	a306      	tmovs	r3, #6
    a36c:	40e3      	tstorerb	r3, [r4, #3]
    a36e:	87f3      	tj.n	a358 <bls_ll_pushEncPkt+0x1c>
    a370:	4063      	tstorerb	r3, [r4, #1]
    a372:	40e3      	tstorerb	r3, [r4, #3]
    a374:	a306      	tmovs	r3, #6
    a376:	4123      	tstorerb	r3, [r4, #4]
    a378:	87ee      	tj.n	a358 <bls_ll_pushEncPkt+0x1c>
    a37a:	a30d      	tmovs	r3, #13
    a37c:	4063      	tstorerb	r3, [r4, #1]
    a37e:	0e09      	tloadr	r6, [pc, #36]	; (a3a4 <bls_ll_pushEncPkt+0x68>)
    a380:	ec31      	tadds	r1, r6, #0
    a382:	b148      	tadds	r1, #72	; 0x48
    a384:	0668      	tmov	r0, sp
    a386:	b003      	tadds	r0, #3
    a388:	a208      	tmovs	r2, #8
    a38a:	97f8 9c49 	tjl	2c20 <smemcpy>
    a38e:	ec31      	tadds	r1, r6, #0
    a390:	b150      	tadds	r1, #80	; 0x50
    a392:	0668      	tmov	r0, sp
    a394:	b00b      	tadds	r0, #11
    a396:	a204      	tmovs	r2, #4
    a398:	97f8 9c42 	tjl	2c20 <smemcpy>
    a39c:	87dc      	tj.n	a358 <bls_ll_pushEncPkt+0x1c>
    a39e:	46c0      	tnop			; (mov r8, r8)
    a3a0:	00008040 	tandeq	r8, r0, r0, asr #32
    a3a4:	00843480 	taddeq	r3, r4, r0, lsl #9

0000a3a8 <bls_ll_security_proc>:
bls_ll_security_proc():
    a3a8:	6530      	tpush	{r4, r5, lr}
    a3aa:	6083      	tsub	sp, #12
    a3ac:	97f7 9bc2 	tjl	1b34 <blc_ll_getTxFifoNumber>
    a3b0:	ee04      	tsubs	r4, r0, #0
    a3b2:	c108      	tjne.n	a3c6 <bls_ll_security_proc+0x1e>
    a3b4:	0d28      	tloadr	r5, [pc, #160]	; (a458 <bls_ll_security_proc+0xb0>)
    a3b6:	a22d      	tmovs	r2, #45	; 0x2d
    a3b8:	1cab      	tloadrb	r3, [r5, r2]
    a3ba:	ab02      	tcmp	r3, #2
    a3bc:	c029      	tjeq.n	a412 <bls_ll_security_proc+0x6a>
    a3be:	ab09      	tcmp	r3, #9
    a3c0:	c003      	tjeq.n	a3ca <bls_ll_security_proc+0x22>
    a3c2:	ab05      	tcmp	r3, #5
    a3c4:	c01c      	tjeq.n	a400 <bls_ll_security_proc+0x58>
    a3c6:	6003      	tadd	sp, #12
    a3c8:	6d30      	tpop	{r4, r5, pc}
    a3ca:	14ac      	tstorerb	r4, [r5, r2]
    a3cc:	a370      	tmovs	r3, #112	; 0x70
    a3ce:	14ec      	tstorerb	r4, [r5, r3]
    a3d0:	0b22      	tloadr	r3, [pc, #136]	; (a45c <bls_ll_security_proc+0xb4>)
    a3d2:	445c      	tstorerb	r4, [r3, #17]
    a3d4:	0b22      	tloadr	r3, [pc, #136]	; (a460 <bls_ll_security_proc+0xb8>)
    a3d6:	5b9b      	tloadr	r3, [r3, #56]	; 0x38
    a3d8:	f75a      	tshftls	r2, r3, #29
    a3da:	c514      	tjpl.n	a406 <bls_ll_security_proc+0x5e>
    a3dc:	066c      	tmov	r4, sp
    a3de:	b40b      	tadds	r4, #11
    a3e0:	a311      	tmovs	r3, #17
    a3e2:	4023      	tstorerb	r3, [r4, #0]
    a3e4:	a011      	tmovs	r0, #17
    a3e6:	97ff 9fa9 	tjl	a33c <bls_ll_pushEncPkt>
    a3ea:	a200      	tmovs	r2, #0
    a3ec:	a371      	tmovs	r3, #113	; 0x71
    a3ee:	14ea      	tstorerb	r2, [r5, r3]
    a3f0:	0b1c      	tloadr	r3, [pc, #112]	; (a464 <bls_ll_security_proc+0xbc>)
    a3f2:	581b      	tloadr	r3, [r3, #0]
    a3f4:	a005      	tmovs	r0, #5
    a3f6:	ec21      	tadds	r1, r4, #0
    a3f8:	a201      	tmovs	r2, #1
    a3fa:	9000 983d 	tjl	a478 <bls_ll_security_proc+0xd0>
    a3fe:	87e2      	tj.n	a3c6 <bls_ll_security_proc+0x1e>
    a400:	a370      	tmovs	r3, #112	; 0x70
    a402:	14ec      	tstorerb	r4, [r5, r3]
    a404:	87df      	tj.n	a3c6 <bls_ll_security_proc+0x1e>
    a406:	066c      	tmov	r4, sp
    a408:	b40b      	tadds	r4, #11
    a40a:	a30d      	tmovs	r3, #13
    a40c:	4023      	tstorerb	r3, [r4, #0]
    a40e:	a00d      	tmovs	r0, #13
    a410:	87e9      	tj.n	a3e6 <bls_ll_security_proc+0x3e>
    a412:	a303      	tmovs	r3, #3
    a414:	14ab      	tstorerb	r3, [r5, r2]
    a416:	a005      	tmovs	r0, #5
    a418:	97ff 9f90 	tjl	a33c <bls_ll_pushEncPkt>
    a41c:	0a12      	tloadr	r2, [pc, #72]	; (a468 <bls_ll_security_proc+0xc0>)
    a41e:	0b13      	tloadr	r3, [pc, #76]	; (a46c <bls_ll_security_proc+0xc4>)
    a420:	501a      	tstorer	r2, [r3, #0]
    a422:	0b13      	tloadr	r3, [pc, #76]	; (a470 <bls_ll_security_proc+0xc8>)
    a424:	5819      	tloadr	r1, [r3, #0]
    a426:	a301      	tmovs	r3, #1
    a428:	0319      	tors	r1, r3
    a42a:	0a12      	tloadr	r2, [pc, #72]	; (a474 <bls_ll_security_proc+0xcc>)
    a42c:	5011      	tstorer	r1, [r2, #0]
    a42e:	0a0c      	tloadr	r2, [pc, #48]	; (a460 <bls_ll_security_proc+0xb8>)
    a430:	5514      	tstorer	r4, [r2, #80]	; 0x50
    a432:	a22e      	tmovs	r2, #46	; 0x2e
    a434:	14ab      	tstorerb	r3, [r5, r2]
    a436:	ec28      	tadds	r0, r5, #0
    a438:	b054      	tadds	r0, #84	; 0x54
    a43a:	ec29      	tadds	r1, r5, #0
    a43c:	b164      	tadds	r1, #100	; 0x64
    a43e:	ec2a      	tadds	r2, r5, #0
    a440:	b248      	tadds	r2, #72	; 0x48
    a442:	ec2b      	tadds	r3, r5, #0
    a444:	b36c      	tadds	r3, #108	; 0x6c
    a446:	ec2c      	tadds	r4, r5, #0
    a448:	b450      	tadds	r4, #80	; 0x50
    a44a:	3400      	tstorer	r4, [sp, #0]
    a44c:	b508      	tadds	r5, #8
    a44e:	3501      	tstorer	r5, [sp, #4]
    a450:	9004 9fe8 	tjl	f424 <aes_ll_ccm_encryption_init>
    a454:	87b7      	tj.n	a3c6 <bls_ll_security_proc+0x1e>
    a456:	46c0      	tnop			; (mov r8, r8)
    a458:	00843480 	taddeq	r3, r4, r0, lsl #9
    a45c:	00843180 	taddeq	r3, r4, r0, lsl #3
    a460:	00843400 	taddeq	r3, r4, r0, lsl #8
    a464:	00843238 	taddeq	r3, r4, r8, lsr r2
    a468:	02625a00 	trsubeq	r5, r2, #0
    a46c:	008432b0 	undefined instruction 0x008432b0
    a470:	00800740 	taddeq	r0, r0, r0, asr #14
    a474:	008432ac 	taddeq	r3, r4, ip, lsr #5
    a478:	0718      	tjex	r3
    a47a:	46c0      	tnop			; (mov r8, r8)

0000a47c <bls_ll_terminateConnection>:
bls_ll_terminateConnection():
    a47c:	6530      	tpush	{r4, r5, lr}
    a47e:	f600      	tshftls	r0, r0, #24
    a480:	fe00      	tshftrs	r0, r0, #24
    a482:	0b0e      	tloadr	r3, [pc, #56]	; (a4bc <bls_ll_terminateConnection+0x40>)
    a484:	4b5b      	tloadrb	r3, [r3, #13]
    a486:	a480      	tmovs	r4, #128	; 0x80
    a488:	ab08      	tcmp	r3, #8
    a48a:	c001      	tjeq.n	a490 <bls_ll_terminateConnection+0x14>
    a48c:	ec20      	tadds	r0, r4, #0
    a48e:	6d30      	tpop	{r4, r5, pc}
    a490:	090b      	tloadr	r1, [pc, #44]	; (a4c0 <bls_ll_terminateConnection+0x44>)
    a492:	a377      	tmovs	r3, #119	; 0x77
    a494:	14c8      	tstorerb	r0, [r1, r3]
    a496:	0d0b      	tloadr	r5, [pc, #44]	; (a4c4 <bls_ll_terminateConnection+0x48>)
    a498:	4bab      	tloadrb	r3, [r5, #14]
    a49a:	a43a      	tmovs	r4, #58	; 0x3a
    a49c:	ab00      	tcmp	r3, #0
    a49e:	c1f5      	tjne.n	a48c <bls_ll_terminateConnection+0x10>
    a4a0:	b174      	tadds	r1, #116	; 0x74
    a4a2:	0809      	tloadr	r0, [pc, #36]	; (a4c8 <bls_ll_terminateConnection+0x4c>)
    a4a4:	97ff 9ee4 	tjl	a270 <bls_ll_pushTxFifo>
    a4a8:	a800      	tcmp	r0, #0
    a4aa:	c0ef      	tjeq.n	a48c <bls_ll_terminateConnection+0x10>
    a4ac:	a301      	tmovs	r3, #1
    a4ae:	43ab      	tstorerb	r3, [r5, #14]
    a4b0:	43eb      	tstorerb	r3, [r5, #15]
    a4b2:	0b06      	tloadr	r3, [pc, #24]	; (a4cc <bls_ll_terminateConnection+0x50>)
    a4b4:	581b      	tloadr	r3, [r3, #0]
    a4b6:	54eb      	tstorer	r3, [r5, #76]	; 0x4c
    a4b8:	a400      	tmovs	r4, #0
    a4ba:	87e7      	tj.n	a48c <bls_ll_terminateConnection+0x10>
    a4bc:	00843180 	taddeq	r3, r4, r0, lsl #3
    a4c0:	00843480 	taddeq	r3, r4, r0, lsl #9
    a4c4:	00843400 	taddeq	r3, r4, r0, lsl #8
    a4c8:	00008040 	tandeq	r8, r0, r0, asr #32
    a4cc:	00800740 	taddeq	r0, r0, r0, asr #14

0000a4d0 <bls_ll_send_read_remote_feature_event>:
bls_ll_send_read_remote_feature_event():
    a4d0:	65f0      	tpush	{r4, r5, r6, r7, lr}
    a4d2:	6085      	tsub	sp, #20
    a4d4:	f607      	tshftls	r7, r0, #24
    a4d6:	fe3f      	tshftrs	r7, r7, #24
    a4d8:	0b11      	tloadr	r3, [pc, #68]	; (a520 <bls_ll_send_read_remote_feature_event+0x50>)
    a4da:	581b      	tloadr	r3, [r3, #0]
    a4dc:	f71a      	tshftls	r2, r3, #28
    a4de:	c51c      	tjpl.n	a51a <bls_ll_send_read_remote_feature_event+0x4a>
    a4e0:	7d03      	tadd	r5, sp, #12
    a4e2:	a300      	tmovs	r3, #0
    a4e4:	3303      	tstorer	r3, [sp, #12]
    a4e6:	506b      	tstorer	r3, [r5, #4]
    a4e8:	0e0e      	tloadr	r6, [pc, #56]	; (a524 <bls_ll_send_read_remote_feature_event+0x54>)
    a4ea:	ec31      	tadds	r1, r6, #0
    a4ec:	b138      	tadds	r1, #56	; 0x38
    a4ee:	ec28      	tadds	r0, r5, #0
    a4f0:	a204      	tmovs	r2, #4
    a4f2:	97f8 9b95 	tjl	2c20 <smemcpy>
    a4f6:	066c      	tmov	r4, sp
    a4f8:	a304      	tmovs	r3, #4
    a4fa:	4023      	tstorerb	r3, [r4, #0]
    a4fc:	4067      	tstorerb	r7, [r4, #1]
    a4fe:	4cb3      	tloadrb	r3, [r6, #18]
    a500:	40a3      	tstorerb	r3, [r4, #2]
    a502:	4cf3      	tloadrb	r3, [r6, #19]
    a504:	40e3      	tstorerb	r3, [r4, #3]
    a506:	7801      	tadd	r0, sp, #4
    a508:	ec29      	tadds	r1, r5, #0
    a50a:	a208      	tmovs	r2, #8
    a50c:	97f8 9b88 	tjl	2c20 <smemcpy>
    a510:	0805      	tloadr	r0, [pc, #20]	; (a528 <bls_ll_send_read_remote_feature_event+0x58>)
    a512:	0669      	tmov	r1, sp
    a514:	a20c      	tmovs	r2, #12
    a516:	9001 9903 	tjl	b720 <blc_hci_send_event>
    a51a:	6005      	tadd	sp, #20
    a51c:	6df0      	tpop	{r4, r5, r6, r7, pc}
    a51e:	46c0      	tnop			; (mov r8, r8)
    a520:	008435c8 	taddeq	r3, r4, r8, asr #11
    a524:	00843400 	taddeq	r3, r4, r0, lsl #8
    a528:	0200003e 	tandeq	r0, r0, #62	; 0x3e

0000a52c <blt_set_fsmTimeout_intLevel>:
blt_set_fsmTimeout_intLevel():
    a52c:	f400      	tshftls	r0, r0, #16
    a52e:	fc00      	tshftrs	r0, r0, #16
    a530:	a807      	tcmp	r0, #7
    a532:	c807      	tjhi.n	a544 <blt_set_fsmTimeout_intLevel+0x18>
    a534:	0b11      	tloadr	r3, [pc, #68]	; (a57c <blt_set_fsmTimeout_intLevel+0x50>)
    a536:	a201      	tmovs	r2, #1
    a538:	411a      	tstorerb	r2, [r3, #4]
    a53a:	b801      	tsubs	r0, #1
    a53c:	0a10      	tloadr	r2, [pc, #64]	; (a580 <blt_set_fsmTimeout_intLevel+0x54>)
    a53e:	0350      	tmuls	r0, r2
    a540:	5658      	tstorer	r0, [r3, #100]	; 0x64
    a542:	0770      	tjex	lr
    a544:	a84f      	tcmp	r0, #79	; 0x4f
    a546:	c90c      	tjls.n	a562 <blt_set_fsmTimeout_intLevel+0x36>
    a548:	0b0c      	tloadr	r3, [pc, #48]	; (a57c <blt_set_fsmTimeout_intLevel+0x50>)
    a54a:	a203      	tmovs	r2, #3
    a54c:	411a      	tstorerb	r2, [r3, #4]
    a54e:	a820      	tcmp	r0, #32
    a550:	c90e      	tjls.n	a570 <blt_set_fsmTimeout_intLevel+0x44>
    a552:	f142      	tshftls	r2, r0, #5
    a554:	ea12      	tsubs	r2, r2, r0
    a556:	f092      	tshftls	r2, r2, #2
    a558:	e810      	tadds	r0, r2, r0
    a55a:	f082      	tshftls	r2, r0, #2
    a55c:	e880      	tadds	r0, r0, r2
    a55e:	5658      	tstorer	r0, [r3, #100]	; 0x64
    a560:	87ef      	tj.n	a542 <blt_set_fsmTimeout_intLevel+0x16>
    a562:	0b06      	tloadr	r3, [pc, #24]	; (a57c <blt_set_fsmTimeout_intLevel+0x50>)
    a564:	a202      	tmovs	r2, #2
    a566:	411a      	tstorerb	r2, [r3, #4]
    a568:	a810      	tcmp	r0, #16
    a56a:	c9e6      	tjls.n	a53a <blt_set_fsmTimeout_intLevel+0xe>
    a56c:	a820      	tcmp	r0, #32
    a56e:	c8f0      	tjhi.n	a552 <blt_set_fsmTimeout_intLevel+0x26>
    a570:	0a03      	tloadr	r2, [pc, #12]	; (a580 <blt_set_fsmTimeout_intLevel+0x54>)
    a572:	0350      	tmuls	r0, r2
    a574:	0a03      	tloadr	r2, [pc, #12]	; (a584 <blt_set_fsmTimeout_intLevel+0x58>)
    a576:	e880      	tadds	r0, r0, r2
    a578:	5658      	tstorer	r0, [r3, #100]	; 0x64
    a57a:	87e2      	tj.n	a542 <blt_set_fsmTimeout_intLevel+0x16>
    a57c:	00843400 	taddeq	r3, r4, r0, lsl #8
    a580:	000004e2 	tandeq	r0, r0, r2, ror #9
    a584:	ffffec78 	undefined instruction 0xffffec78

0000a588 <blt_brx_timing_update_init>:
blt_brx_timing_update_init():
    a588:	0b0b      	tloadr	r3, [pc, #44]	; (a5b8 <blt_brx_timing_update_init+0x30>)
    a58a:	a200      	tmovs	r2, #0
    a58c:	a175      	tmovs	r1, #117	; 0x75
    a58e:	145a      	tstorerb	r2, [r3, r1]
    a590:	a176      	tmovs	r1, #118	; 0x76
    a592:	145a      	tstorerb	r2, [r3, r1]
    a594:	a174      	tmovs	r1, #116	; 0x74
    a596:	145a      	tstorerb	r2, [r3, r1]
    a598:	57da      	tstorer	r2, [r3, #124]	; 0x7c
    a59a:	5ad8      	tloadr	r0, [r3, #44]	; 0x2c
    a59c:	5a19      	tloadr	r1, [r3, #32]
    a59e:	e841      	tadds	r1, r0, r1
    a5a0:	5219      	tstorer	r1, [r3, #32]
    a5a2:	0806      	tloadr	r0, [pc, #24]	; (a5bc <blt_brx_timing_update_init+0x34>)
    a5a4:	a180      	tmovs	r1, #128	; 0x80
    a5a6:	1058      	tstorer	r0, [r3, r1]
    a5a8:	525a      	tstorer	r2, [r3, #36]	; 0x24
    a5aa:	0b05      	tloadr	r3, [pc, #20]	; (a5c0 <blt_brx_timing_update_init+0x38>)
    a5ac:	481a      	tloadrb	r2, [r3, #0]
    a5ae:	a101      	tmovs	r1, #1
    a5b0:	038a      	tbclrs	r2, r1
    a5b2:	401a      	tstorerb	r2, [r3, #0]
    a5b4:	0770      	tjex	lr
    a5b6:	46c0      	tnop			; (mov r8, r8)
    a5b8:	00843400 	taddeq	r3, r4, r0, lsl #8
    a5bc:	00005dc0 	tandeq	r5, r0, r0, asr #27
    a5c0:	00800f03 	taddeq	r0, r0, r3, lsl #30

0000a5c4 <bls_ll_setNewConnection_timing>:
bls_ll_setNewConnection_timing():
    a5c4:	6570      	tpush	{r4, r5, r6, lr}
    a5c6:	f400      	tshftls	r0, r0, #16
    a5c8:	fc00      	tshftrs	r0, r0, #16
    a5ca:	f609      	tshftls	r1, r1, #24
    a5cc:	fe09      	tshftrs	r1, r1, #24
    a5ce:	f412      	tshftls	r2, r2, #16
    a5d0:	fc12      	tshftrs	r2, r2, #16
    a5d2:	0b17      	tloadr	r3, [pc, #92]	; (a630 <bls_ll_setNewConnection_timing+0x6c>)
    a5d4:	a401      	tmovs	r4, #1
    a5d6:	425c      	tstorerb	r4, [r3, #9]
    a5d8:	ea40      	tsubs	r0, r0, r1
    a5da:	f400      	tshftls	r0, r0, #16
    a5dc:	fc00      	tshftrs	r0, r0, #16
    a5de:	a803      	tcmp	r0, #3
    a5e0:	c81c      	tjhi.n	a61c <bls_ll_setNewConnection_timing+0x58>
    a5e2:	ec45      	tadds	r5, r0, #1
    a5e4:	f16e      	tshftls	r6, r5, #5
    a5e6:	eb76      	tsubs	r6, r6, r5
    a5e8:	f0b6      	tshftls	r6, r6, #2
    a5ea:	e975      	tadds	r5, r6, r5
    a5ec:	f16e      	tshftls	r6, r5, #5
    a5ee:	541e      	tstorer	r6, [r3, #64]	; 0x40
    a5f0:	f1ad      	tshftls	r5, r5, #6
    a5f2:	0e10      	tloadr	r6, [pc, #64]	; (a634 <bls_ll_setNewConnection_timing+0x70>)
    a5f4:	034e      	tmuls	r6, r1
    a5f6:	e9ad      	tadds	r5, r5, r6
    a5f8:	535d      	tstorer	r5, [r3, #52]	; 0x34
    a5fa:	0d0f      	tloadr	r5, [pc, #60]	; (a638 <bls_ll_setNewConnection_timing+0x74>)
    a5fc:	40ac      	tstorerb	r4, [r5, #2]
    a5fe:	a802      	tcmp	r0, #2
    a600:	c90b      	tjls.n	a61a <bls_ll_setNewConnection_timing+0x56>
    a602:	aa00      	tcmp	r2, #0
    a604:	c109      	tjne.n	a61a <bls_ll_setNewConnection_timing+0x56>
    a606:	0a0d      	tloadr	r2, [pc, #52]	; (a63c <bls_ll_setNewConnection_timing+0x78>)
    a608:	541a      	tstorer	r2, [r3, #64]	; 0x40
    a60a:	0a0a      	tloadr	r2, [pc, #40]	; (a634 <bls_ll_setNewConnection_timing+0x70>)
    a60c:	0351      	tmuls	r1, r2
    a60e:	0a0c      	tloadr	r2, [pc, #48]	; (a640 <bls_ll_setNewConnection_timing+0x7c>)
    a610:	e889      	tadds	r1, r1, r2
    a612:	5359      	tstorer	r1, [r3, #52]	; 0x34
    a614:	a201      	tmovs	r2, #1
    a616:	0b08      	tloadr	r3, [pc, #32]	; (a638 <bls_ll_setNewConnection_timing+0x74>)
    a618:	409a      	tstorerb	r2, [r3, #2]
    a61a:	6d70      	tpop	{r4, r5, r6, pc}
    a61c:	a4fa      	tmovs	r4, #250	; 0xfa
    a61e:	f1e4      	tshftls	r4, r4, #7
    a620:	541c      	tstorer	r4, [r3, #64]	; 0x40
    a622:	0c04      	tloadr	r4, [pc, #16]	; (a634 <bls_ll_setNewConnection_timing+0x70>)
    a624:	034c      	tmuls	r4, r1
    a626:	a5fa      	tmovs	r5, #250	; 0xfa
    a628:	f22d      	tshftls	r5, r5, #8
    a62a:	e964      	tadds	r4, r4, r5
    a62c:	535c      	tstorer	r4, [r3, #52]	; 0x34
    a62e:	87e6      	tj.n	a5fe <bls_ll_setNewConnection_timing+0x3a>
    a630:	00843400 	taddeq	r3, r4, r0, lsl #8
    a634:	00004e20 	tandeq	r4, r0, r0, lsr #28
    a638:	00843504 	taddeq	r3, r4, r4, lsl #10
    a63c:	00002ee0 	tandeq	r2, r0, r0, ror #29
    a640:	00005dc0 	tandeq	r5, r0, r0, asr #27

0000a644 <blt_connect>:
blt_connect():
    a644:	65f0      	tpush	{r4, r5, r6, r7, lr}
    a646:	065f      	tmov	r7, fp
    a648:	0656      	tmov	r6, sl
    a64a:	064d      	tmov	r5, r9
    a64c:	0644      	tmov	r4, r8
    a64e:	64f0      	tpush	{r4, r5, r6, r7}
    a650:	6085      	tsub	sp, #20
    a652:	ec04      	tadds	r4, r0, #0
    a654:	f609      	tshftls	r1, r1, #24
    a656:	fe09      	tshftrs	r1, r1, #24
    a658:	0689      	tmov	r9, r1
    a65a:	097d      	tloadr	r1, [pc, #500]	; (a850 <blt_connect+0x20c>)
    a65c:	068a      	tmov	sl, r1
    a65e:	a308      	tmovs	r3, #8
    a660:	434b      	tstorerb	r3, [r1, #13]
    a662:	0d7c      	tloadr	r5, [pc, #496]	; (a854 <blt_connect+0x210>)
    a664:	a210      	tmovs	r2, #16
    a666:	41aa      	tstorerb	r2, [r5, #6]
    a668:	a700      	tmovs	r7, #0
    a66a:	546f      	tstorer	r7, [r5, #68]	; 0x44
    a66c:	0b7a      	tloadr	r3, [pc, #488]	; (a858 <blt_connect+0x214>)
    a66e:	401a      	tstorerb	r2, [r3, #0]
    a670:	0a7a      	tloadr	r2, [pc, #488]	; (a85c <blt_connect+0x218>)
    a672:	41d7      	tstorerb	r7, [r2, #7]
    a674:	4197      	tstorerb	r7, [r2, #6]
    a676:	481b      	tloadrb	r3, [r3, #0]
    a678:	a20f      	tmovs	r2, #15
    a67a:	0013      	tands	r3, r2
    a67c:	0a78      	tloadr	r2, [pc, #480]	; (a860 <blt_connect+0x21c>)
    a67e:	4093      	tstorerb	r3, [r2, #2]
    a680:	4f03      	tloadrb	r3, [r0, #28]
    a682:	4f40      	tloadrb	r0, [r0, #29]
    a684:	f200      	tshftls	r0, r0, #8
    a686:	0318      	tors	r0, r3
    a688:	2228      	tstorerh	r0, [r5, #16]
    a68a:	0b76      	tloadr	r3, [pc, #472]	; (a864 <blt_connect+0x220>)
    a68c:	0698      	tmov	r8, r3
    a68e:	0643      	tmov	r3, r8
    a690:	0343      	tmuls	r3, r0
    a692:	52eb      	tstorer	r3, [r5, #44]	; 0x2c
    a694:	97ff 9f4a 	tjl	a52c <blt_set_fsmTimeout_intLevel>
    a698:	4ea3      	tloadrb	r3, [r4, #26]
    a69a:	4ee2      	tloadrb	r2, [r4, #27]
    a69c:	f212      	tshftls	r2, r2, #8
    a69e:	031a      	tors	r2, r3
    a6a0:	0e71      	tloadr	r6, [pc, #452]	; (a868 <blt_connect+0x224>)
    a6a2:	5831      	tloadr	r1, [r6, #0]
    a6a4:	5aeb      	tloadr	r3, [r5, #44]	; 0x2c
    a6a6:	eacb      	tsubs	r3, r1, r3
    a6a8:	069b      	tmov	fp, r3
    a6aa:	0970      	tloadr	r1, [pc, #448]	; (a86c <blt_connect+0x228>)
    a6ac:	4908      	tloadrb	r0, [r1, #4]
    a6ae:	b803      	tsubs	r0, #3
    a6b0:	0241      	tnegs	r1, r0
    a6b2:	0148      	taddcs	r0, r1
    a6b4:	e810      	tadds	r0, r2, r0
    a6b6:	b001      	tadds	r0, #1
    a6b8:	a301      	tmovs	r3, #1
    a6ba:	025b      	tnegs	r3, r3
    a6bc:	ec19      	tadds	r1, r3, #0
    a6be:	0449      	tadd	r1, r9
    a6c0:	ec0b      	tadds	r3, r1, #0
    a6c2:	0259      	tnegs	r1, r3
    a6c4:	0159      	taddcs	r1, r3
    a6c6:	e841      	tadds	r1, r0, r1
    a6c8:	ec0b      	tadds	r3, r1, #0
    a6ca:	0641      	tmov	r1, r8
    a6cc:	0359      	tmuls	r1, r3
    a6ce:	ec0b      	tadds	r3, r1, #0
    a6d0:	045b      	tadd	r3, fp
    a6d2:	522b      	tstorer	r3, [r5, #32]
    a6d4:	4f23      	tloadrb	r3, [r4, #28]
    a6d6:	4f60      	tloadrb	r0, [r4, #29]
    a6d8:	f200      	tshftls	r0, r0, #8
    a6da:	0318      	tors	r0, r3
    a6dc:	4e61      	tloadrb	r1, [r4, #25]
    a6de:	97ff 9f71 	tjl	a5c4 <bls_ll_setNewConnection_timing>
    a6e2:	a320      	tmovs	r3, #32
    a6e4:	1ce2      	tloadrb	r2, [r4, r3]
    a6e6:	a321      	tmovs	r3, #33	; 0x21
    a6e8:	1ce3      	tloadrb	r3, [r4, r3]
    a6ea:	f21b      	tshftls	r3, r3, #8
    a6ec:	0313      	tors	r3, r2
    a6ee:	f15a      	tshftls	r2, r3, #5
    a6f0:	ead2      	tsubs	r2, r2, r3
    a6f2:	f092      	tshftls	r2, r2, #2
    a6f4:	e8d3      	tadds	r3, r2, r3
    a6f6:	f09a      	tshftls	r2, r3, #2
    a6f8:	e89b      	tadds	r3, r3, r2
    a6fa:	f21b      	tshftls	r3, r3, #8
    a6fc:	52ab      	tstorer	r3, [r5, #40]	; 0x28
    a6fe:	4fa2      	tloadrb	r2, [r4, #30]
    a700:	4fe3      	tloadrb	r3, [r4, #31]
    a702:	f21b      	tshftls	r3, r3, #8
    a704:	0313      	tors	r3, r2
    a706:	532b      	tstorer	r3, [r5, #48]	; 0x30
    a708:	5833      	tloadr	r3, [r6, #0]
    a70a:	0e59      	tloadr	r6, [pc, #356]	; (a870 <blt_connect+0x22c>)
    a70c:	5233      	tstorer	r3, [r6, #32]
    a70e:	53eb      	tstorer	r3, [r5, #60]	; 0x3c
    a710:	a140      	tmovs	r1, #64	; 0x40
    a712:	068b      	tmov	fp, r1
    a714:	2269      	tstorerh	r1, [r5, #18]
    a716:	0b57      	tloadr	r3, [pc, #348]	; (a874 <blt_connect+0x230>)
    a718:	0698      	tmov	r8, r3
    a71a:	a32f      	tmovs	r3, #47	; 0x2f
    a71c:	0641      	tmov	r1, r8
    a71e:	14cf      	tstorerb	r7, [r1, r3]
    a720:	562f      	tstorer	r7, [r5, #96]	; 0x60
    a722:	55af      	tstorer	r7, [r5, #88]	; 0x58
    a724:	55ef      	tstorer	r7, [r5, #92]	; 0x5c
    a726:	97ff 9f2f 	tjl	a588 <blt_brx_timing_update_init>
    a72a:	065b      	tmov	r3, fp
    a72c:	2333      	tstorerh	r3, [r6, #24]
    a72e:	a101      	tmovs	r1, #1
    a730:	0589      	tcmp	r9, r1
    a732:	c100      	tjne.n	a736 <blt_connect+0xf2>
    a734:	8088      	tj.n	a848 <blt_connect+0x204>
    a736:	4923      	tloadrb	r3, [r4, #4]
    a738:	f69b      	tshftls	r3, r3, #26
    a73a:	ffdb      	tshftrs	r3, r3, #31
    a73c:	0651      	tmov	r1, sl
    a73e:	458b      	tstorerb	r3, [r1, #22]
    a740:	0b4d      	tloadr	r3, [pc, #308]	; (a878 <blt_connect+0x234>)
    a742:	5818      	tloadr	r0, [r3, #0]
    a744:	ec21      	tadds	r1, r4, #0
    a746:	97f7 9b6b 	tjl	1e20 <blt_ll_connect_common>
    a74a:	a201      	tmovs	r2, #1
    a74c:	0b4b      	tloadr	r3, [pc, #300]	; (a87c <blt_connect+0x238>)
    a74e:	401a      	tstorerb	r2, [r3, #0]
    a750:	a310      	tmovs	r3, #16
    a752:	0a43      	tloadr	r2, [pc, #268]	; (a860 <blt_connect+0x21c>)
    a754:	4053      	tstorerb	r3, [r2, #1]
    a756:	5af0      	tloadr	r0, [r6, #44]	; 0x2c
    a758:	97fe 9ee8 	tjl	952c <reverse_32bit>
    a75c:	fa00      	tshftrs	r0, r0, #8
    a75e:	0b48      	tloadr	r3, [pc, #288]	; (a880 <blt_connect+0x23c>)
    a760:	5018      	tstorer	r0, [r3, #0]
    a762:	a300      	tmovs	r3, #0
    a764:	0651      	tmov	r1, sl
    a766:	410b      	tstorerb	r3, [r1, #4]
    a768:	53ab      	tstorer	r3, [r5, #56]	; 0x38
    a76a:	42eb      	tstorerb	r3, [r5, #11]
    a76c:	a22e      	tmovs	r2, #46	; 0x2e
    a76e:	0641      	tmov	r1, r8
    a770:	148b      	tstorerb	r3, [r1, r2]
    a772:	a22d      	tmovs	r2, #45	; 0x2d
    a774:	148b      	tstorerb	r3, [r1, r2]
    a776:	a271      	tmovs	r2, #113	; 0x71
    a778:	148b      	tstorerb	r3, [r1, r2]
    a77a:	0b42      	tloadr	r3, [pc, #264]	; (a884 <blt_connect+0x240>)
    a77c:	581b      	tloadr	r3, [r3, #0]
    a77e:	ab00      	tcmp	r3, #0
    a780:	c003      	tjeq.n	a78a <blt_connect+0x146>
    a782:	a040      	tmovs	r0, #64	; 0x40
    a784:	ec21      	tadds	r1, r4, #0
    a786:	9000 9887 	tjl	a898 <blt_connect+0x254>
    a78a:	0b3f      	tloadr	r3, [pc, #252]	; (a888 <blt_connect+0x244>)
    a78c:	a21b      	tmovs	r2, #27
    a78e:	205a      	tstorerh	r2, [r3, #2]
    a790:	201a      	tstorerh	r2, [r3, #0]
    a792:	a100      	tmovs	r1, #0
    a794:	4499      	tstorerb	r1, [r3, #18]
    a796:	44d9      	tstorerb	r1, [r3, #19]
    a798:	4c18      	tloadrb	r0, [r3, #16]
    a79a:	a81b      	tcmp	r0, #27
    a79c:	c948      	tjls.n	a830 <blt_connect+0x1ec>
    a79e:	a201      	tmovs	r2, #1
    a7a0:	445a      	tstorerb	r2, [r3, #17]
    a7a2:	20d8      	tstorerh	r0, [r3, #6]
    a7a4:	a201      	tmovs	r2, #1
    a7a6:	0591      	tcmp	r9, r2
    a7a8:	c047      	tjeq.n	a83a <blt_connect+0x1f6>
    a7aa:	a307      	tmovs	r3, #7
    a7ac:	0652      	tmov	r2, sl
    a7ae:	4393      	tstorerb	r3, [r2, #14]
    a7b0:	a301      	tmovs	r3, #1
    a7b2:	0a36      	tloadr	r2, [pc, #216]	; (a88c <blt_connect+0x248>)
    a7b4:	5812      	tloadr	r2, [r2, #0]
    a7b6:	021a      	tnand	r2, r3
    a7b8:	c032      	tjeq.n	a820 <blt_connect+0x1dc>
    a7ba:	4922      	tloadrb	r2, [r4, #4]
    a7bc:	f652      	tshftls	r2, r2, #25
    a7be:	ffd2      	tshftrs	r2, r2, #31
    a7c0:	066e      	tmov	r6, sp
    a7c2:	4033      	tstorerb	r3, [r6, #0]
    a7c4:	a100      	tmovs	r1, #0
    a7c6:	4071      	tstorerb	r1, [r6, #1]
    a7c8:	4ca9      	tloadrb	r1, [r5, #18]
    a7ca:	40b1      	tstorerb	r1, [r6, #2]
    a7cc:	4ce9      	tloadrb	r1, [r5, #19]
    a7ce:	40f1      	tstorerb	r1, [r6, #3]
    a7d0:	4133      	tstorerb	r3, [r6, #4]
    a7d2:	4172      	tstorerb	r2, [r6, #5]
    a7d4:	eda1      	tadds	r1, r4, #6
    a7d6:	0668      	tmov	r0, sp
    a7d8:	b006      	tadds	r0, #6
    a7da:	a206      	tmovs	r2, #6
    a7dc:	97f8 9a20 	tjl	2c20 <smemcpy>
    a7e0:	4f22      	tloadrb	r2, [r4, #28]
    a7e2:	4f63      	tloadrb	r3, [r4, #29]
    a7e4:	f21b      	tshftls	r3, r3, #8
    a7e6:	0313      	tors	r3, r2
    a7e8:	4333      	tstorerb	r3, [r6, #12]
    a7ea:	fa1b      	tshftrs	r3, r3, #8
    a7ec:	4373      	tstorerb	r3, [r6, #13]
    a7ee:	4fa2      	tloadrb	r2, [r4, #30]
    a7f0:	4fe3      	tloadrb	r3, [r4, #31]
    a7f2:	f21b      	tshftls	r3, r3, #8
    a7f4:	0313      	tors	r3, r2
    a7f6:	43b3      	tstorerb	r3, [r6, #14]
    a7f8:	fa1b      	tshftrs	r3, r3, #8
    a7fa:	43f3      	tstorerb	r3, [r6, #15]
    a7fc:	a320      	tmovs	r3, #32
    a7fe:	1ce2      	tloadrb	r2, [r4, r3]
    a800:	a321      	tmovs	r3, #33	; 0x21
    a802:	1ce3      	tloadrb	r3, [r4, r3]
    a804:	f21b      	tshftls	r3, r3, #8
    a806:	0313      	tors	r3, r2
    a808:	4433      	tstorerb	r3, [r6, #16]
    a80a:	fa1b      	tshftrs	r3, r3, #8
    a80c:	4473      	tstorerb	r3, [r6, #17]
    a80e:	a327      	tmovs	r3, #39	; 0x27
    a810:	1ce3      	tloadrb	r3, [r4, r3]
    a812:	f95b      	tshftrs	r3, r3, #5
    a814:	44b3      	tstorerb	r3, [r6, #18]
    a816:	081e      	tloadr	r0, [pc, #120]	; (a890 <blt_connect+0x24c>)
    a818:	0669      	tmov	r1, sp
    a81a:	a213      	tmovs	r2, #19
    a81c:	9000 9f80 	tjl	b720 <blc_hci_send_event>
    a820:	a001      	tmovs	r0, #1
    a822:	6005      	tadd	sp, #20
    a824:	6c3c      	tpop	{r2, r3, r4, r5}
    a826:	0690      	tmov	r8, r2
    a828:	0699      	tmov	r9, r3
    a82a:	06a2      	tmov	sl, r4
    a82c:	06ab      	tmov	fp, r5
    a82e:	6df0      	tpop	{r4, r5, r6, r7, pc}
    a830:	4459      	tstorerb	r1, [r3, #17]
    a832:	20da      	tstorerh	r2, [r3, #6]
    a834:	a201      	tmovs	r2, #1
    a836:	0591      	tcmp	r9, r2
    a838:	c1b7      	tjne.n	a7aa <blt_connect+0x166>
    a83a:	0b16      	tloadr	r3, [pc, #88]	; (a894 <blt_connect+0x250>)
    a83c:	090b      	tloadr	r1, [pc, #44]	; (a86c <blt_connect+0x228>)
    a83e:	490a      	tloadrb	r2, [r1, #4]
    a840:	405a      	tstorerb	r2, [r3, #1]
    a842:	494a      	tloadrb	r2, [r1, #5]
    a844:	40da      	tstorerb	r2, [r3, #3]
    a846:	87b0      	tj.n	a7aa <blt_connect+0x166>
    a848:	064b      	tmov	r3, r9
    a84a:	0652      	tmov	r2, sl
    a84c:	4593      	tstorerb	r3, [r2, #22]
    a84e:	8777      	tj.n	a740 <blt_connect+0xfc>
    a850:	00843180 	taddeq	r3, r4, r0, lsl #3
    a854:	00843400 	taddeq	r3, r4, r0, lsl #8
    a858:	00800c2a 	taddeq	r0, r0, sl, lsr #24
    a85c:	0084311c 	taddeq	r3, r4, ip, lsl r1
    a860:	008432a0 	taddeq	r3, r4, r0, lsr #5
    a864:	00004e20 	tandeq	r4, r0, r0, lsr #28
    a868:	00843350 	taddeq	r3, r4, r0, asr r3
    a86c:	008435a0 	taddeq	r3, r4, r0, lsr #11
    a870:	00843360 	taddeq	r3, r4, r0, ror #6
    a874:	00843480 	taddeq	r3, r4, r0, lsl #9
    a878:	008433bc 	undefined instruction 0x008433bc
    a87c:	00800f01 	taddeq	r0, r0, r1, lsl #30
    a880:	00843240 	taddeq	r3, r4, r0, asr #4
    a884:	00843204 	taddeq	r3, r4, r4, lsl #4
    a888:	0084321c 	taddeq	r3, r4, ip, lsl r2
    a88c:	008435c8 	taddeq	r3, r4, r8, asr #11
    a890:	0200003e 	tandeq	r0, r0, #62	; 0x3e
    a894:	008433ec 	taddeq	r3, r4, ip, ror #7
    a898:	0718      	tjex	r3
    a89a:	46c0      	tnop			; (mov r8, r8)

0000a89c <connUpdate_mapUpdate_proc>:
connUpdate_mapUpdate_proc():
    a89c:	65f0      	tpush	{r4, r5, r6, r7, lr}
    a89e:	0c34      	tloadr	r4, [pc, #208]	; (a970 <connUpdate_mapUpdate_proc+0xd4>)
    a8a0:	4863      	tloadrb	r3, [r4, #1]
    a8a2:	ab01      	tcmp	r3, #1
    a8a4:	c036      	tjeq.n	a914 <connUpdate_mapUpdate_proc+0x78>
    a8a6:	ab02      	tcmp	r3, #2
    a8a8:	c006      	tjeq.n	a8b8 <connUpdate_mapUpdate_proc+0x1c>
    a8aa:	ab03      	tcmp	r3, #3
    a8ac:	c103      	tjne.n	a8b6 <connUpdate_mapUpdate_proc+0x1a>
    a8ae:	2ba2      	tloadrh	r2, [r4, #28]
    a8b0:	2be3      	tloadrh	r3, [r4, #30]
    a8b2:	029a      	tcmp	r2, r3
    a8b4:	c04c      	tjeq.n	a950 <connUpdate_mapUpdate_proc+0xb4>
    a8b6:	6df0      	tpop	{r4, r5, r6, r7, pc}
    a8b8:	2ba2      	tloadrh	r2, [r4, #28]
    a8ba:	2be3      	tloadrh	r3, [r4, #30]
    a8bc:	029a      	tcmp	r2, r3
    a8be:	c1fa      	tjne.n	a8b6 <connUpdate_mapUpdate_proc+0x1a>
    a8c0:	a500      	tmovs	r5, #0
    a8c2:	4065      	tstorerb	r5, [r4, #1]
    a8c4:	0c2b      	tloadr	r4, [pc, #172]	; (a974 <connUpdate_mapUpdate_proc+0xd8>)
    a8c6:	2b63      	tloadrh	r3, [r4, #26]
    a8c8:	f15a      	tshftls	r2, r3, #5
    a8ca:	ead2      	tsubs	r2, r2, r3
    a8cc:	f092      	tshftls	r2, r2, #2
    a8ce:	e8d3      	tadds	r3, r2, r3
    a8d0:	f09a      	tshftls	r2, r3, #2
    a8d2:	e89b      	tadds	r3, r3, r2
    a8d4:	f21b      	tshftls	r3, r3, #8
    a8d6:	52a3      	tstorer	r3, [r4, #40]	; 0x28
    a8d8:	2b23      	tloadrh	r3, [r4, #24]
    a8da:	5323      	tstorer	r3, [r4, #48]	; 0x30
    a8dc:	2ae0      	tloadrh	r0, [r4, #22]
    a8de:	97ff 9e25 	tjl	a52c <blt_set_fsmTimeout_intLevel>
    a8e2:	2ae0      	tloadrh	r0, [r4, #22]
    a8e4:	0924      	tloadr	r1, [pc, #144]	; (a978 <connUpdate_mapUpdate_proc+0xdc>)
    a8e6:	ec0b      	tadds	r3, r1, #0
    a8e8:	0343      	tmuls	r3, r0
    a8ea:	2aa2      	tloadrh	r2, [r4, #20]
    a8ec:	5ae7      	tloadr	r7, [r4, #44]	; 0x2c
    a8ee:	5a26      	tloadr	r6, [r4, #32]
    a8f0:	e9be      	tadds	r6, r7, r6
    a8f2:	0351      	tmuls	r1, r2
    a8f4:	e871      	tadds	r1, r6, r1
    a8f6:	eac9      	tsubs	r1, r1, r3
    a8f8:	5221      	tstorer	r1, [r4, #32]
    a8fa:	2220      	tstorerh	r0, [r4, #16]
    a8fc:	52e3      	tstorer	r3, [r4, #44]	; 0x2c
    a8fe:	4aa1      	tloadrb	r1, [r4, #10]
    a900:	97ff 9e60 	tjl	a5c4 <bls_ll_setNewConnection_timing>
    a904:	5465      	tstorer	r5, [r4, #68]	; 0x44
    a906:	0a1d      	tloadr	r2, [pc, #116]	; (a97c <connUpdate_mapUpdate_proc+0xe0>)
    a908:	5811      	tloadr	r1, [r2, #0]
    a90a:	a380      	tmovs	r3, #128	; 0x80
    a90c:	f19b      	tshftls	r3, r3, #6
    a90e:	030b      	tors	r3, r1
    a910:	5013      	tstorer	r3, [r2, #0]
    a912:	87d0      	tj.n	a8b6 <connUpdate_mapUpdate_proc+0x1a>
    a914:	2ba2      	tloadrh	r2, [r4, #28]
    a916:	2be3      	tloadrh	r3, [r4, #30]
    a918:	029a      	tcmp	r2, r3
    a91a:	c1cc      	tjne.n	a8b6 <connUpdate_mapUpdate_proc+0x1a>
    a91c:	a300      	tmovs	r3, #0
    a91e:	4063      	tstorerb	r3, [r4, #1]
    a920:	ec25      	tadds	r5, r4, #0
    a922:	b50e      	tadds	r5, #14
    a924:	ec21      	tadds	r1, r4, #0
    a926:	b113      	tadds	r1, #19
    a928:	ec28      	tadds	r0, r5, #0
    a92a:	a205      	tmovs	r2, #5
    a92c:	97f8 9978 	tjl	2c20 <smemcpy>
    a930:	4aa3      	tloadrb	r3, [r4, #10]
    a932:	ab00      	tcmp	r3, #0
    a934:	c015      	tjeq.n	a962 <connUpdate_mapUpdate_proc+0xc6>
    a936:	ec28      	tadds	r0, r5, #0
    a938:	97ff 9b46 	tjl	9fc8 <blc_calc_remapping_table>
    a93c:	a200      	tmovs	r2, #0
    a93e:	0b0d      	tloadr	r3, [pc, #52]	; (a974 <connUpdate_mapUpdate_proc+0xd8>)
    a940:	545a      	tstorer	r2, [r3, #68]	; 0x44
    a942:	0a0e      	tloadr	r2, [pc, #56]	; (a97c <connUpdate_mapUpdate_proc+0xe0>)
    a944:	5811      	tloadr	r1, [r2, #0]
    a946:	a380      	tmovs	r3, #128	; 0x80
    a948:	f15b      	tshftls	r3, r3, #5
    a94a:	030b      	tors	r3, r1
    a94c:	5013      	tstorer	r3, [r2, #0]
    a94e:	87b2      	tj.n	a8b6 <connUpdate_mapUpdate_proc+0x1a>
    a950:	a300      	tmovs	r3, #0
    a952:	4063      	tstorerb	r3, [r4, #1]
    a954:	0b0a      	tloadr	r3, [pc, #40]	; (a980 <connUpdate_mapUpdate_proc+0xe4>)
    a956:	581b      	tloadr	r3, [r3, #0]
    a958:	ab00      	tcmp	r3, #0
    a95a:	c0ac      	tjeq.n	a8b6 <connUpdate_mapUpdate_proc+0x1a>
    a95c:	9000 9812 	tjl	a984 <connUpdate_mapUpdate_proc+0xe8>
    a960:	87a9      	tj.n	a8b6 <connUpdate_mapUpdate_proc+0x1a>
    a962:	4b61      	tloadrb	r1, [r4, #13]
    a964:	ec22      	tadds	r2, r4, #0
    a966:	b230      	tadds	r2, #48	; 0x30
    a968:	ec28      	tadds	r0, r5, #0
    a96a:	97ff 9a31 	tjl	9dd0 <blt_ll_channelTable_calc>
    a96e:	87e5      	tj.n	a93c <connUpdate_mapUpdate_proc+0xa0>
    a970:	00843360 	taddeq	r3, r4, r0, ror #6
    a974:	00843400 	taddeq	r3, r4, r0, lsl #8
    a978:	00004e20 	tandeq	r4, r0, r0, lsr #28
    a97c:	0084320c 	taddeq	r3, r4, ip, lsl #4
    a980:	008433f8 	undefined instruction 0x008433f8
    a984:	0718      	tjex	r3
    a986:	46c0      	tnop			; (mov r8, r8)

0000a988 <blt_terminate_pending_proc>:
blt_terminate_pending_proc():
    a988:	0b16      	tloadr	r3, [pc, #88]	; (a9e4 <blt_terminate_pending_proc+0x5c>)
    a98a:	4b1a      	tloadrb	r2, [r3, #12]
    a98c:	aa00      	tcmp	r2, #0
    a98e:	c005      	tjeq.n	a99c <blt_terminate_pending_proc+0x14>
    a990:	b201      	tadds	r2, #1
    a992:	f612      	tshftls	r2, r2, #24
    a994:	fe12      	tshftrs	r2, r2, #24
    a996:	431a      	tstorerb	r2, [r3, #12]
    a998:	aa02      	tcmp	r2, #2
    a99a:	c81f      	tjhi.n	a9dc <blt_terminate_pending_proc+0x54>
    a99c:	4b9a      	tloadrb	r2, [r3, #14]
    a99e:	aa01      	tcmp	r2, #1
    a9a0:	c000      	tjeq.n	a9a4 <blt_terminate_pending_proc+0x1c>
    a9a2:	0770      	tjex	lr
    a9a4:	0a10      	tloadr	r2, [pc, #64]	; (a9e8 <blt_terminate_pending_proc+0x60>)
    a9a6:	4811      	tloadrb	r1, [r2, #0]
    a9a8:	ba01      	tsubs	r2, #1
    a9aa:	4812      	tloadrb	r2, [r2, #0]
    a9ac:	ea8a      	tsubs	r2, r1, r2
    a9ae:	f711      	tshftls	r1, r2, #28
    a9b0:	c104      	tjne.n	a9bc <blt_terminate_pending_proc+0x34>
    a9b2:	0a0e      	tloadr	r2, [pc, #56]	; (a9ec <blt_terminate_pending_proc+0x64>)
    a9b4:	49d1      	tloadrb	r1, [r2, #7]
    a9b6:	4992      	tloadrb	r2, [r2, #6]
    a9b8:	0291      	tcmp	r1, r2
    a9ba:	c006      	tjeq.n	a9ca <blt_terminate_pending_proc+0x42>
    a9bc:	0a0c      	tloadr	r2, [pc, #48]	; (a9f0 <blt_terminate_pending_proc+0x68>)
    a9be:	5811      	tloadr	r1, [r2, #0]
    a9c0:	5cda      	tloadr	r2, [r3, #76]	; 0x4c
    a9c2:	ea89      	tsubs	r1, r1, r2
    a9c4:	0a0b      	tloadr	r2, [pc, #44]	; (a9f4 <blt_terminate_pending_proc+0x6c>)
    a9c6:	0291      	tcmp	r1, r2
    a9c8:	c9eb      	tjls.n	a9a2 <blt_terminate_pending_proc+0x1a>
    a9ca:	a202      	tmovs	r2, #2
    a9cc:	43da      	tstorerb	r2, [r3, #15]
    a9ce:	a277      	tmovs	r2, #119	; 0x77
    a9d0:	0909      	tloadr	r1, [pc, #36]	; (a9f8 <blt_terminate_pending_proc+0x70>)
    a9d2:	1c8a      	tloadrb	r2, [r1, r2]
    a9d4:	435a      	tstorerb	r2, [r3, #13]
    a9d6:	a200      	tmovs	r2, #0
    a9d8:	439a      	tstorerb	r2, [r3, #14]
    a9da:	87e2      	tj.n	a9a2 <blt_terminate_pending_proc+0x1a>
    a9dc:	a202      	tmovs	r2, #2
    a9de:	43da      	tstorerb	r2, [r3, #15]
    a9e0:	87df      	tj.n	a9a2 <blt_terminate_pending_proc+0x1a>
    a9e2:	46c0      	tnop			; (mov r8, r8)
    a9e4:	00843400 	taddeq	r3, r4, r0, lsl #8
    a9e8:	00800c2b 	taddeq	r0, r0, fp, lsr #24
    a9ec:	0084311c 	taddeq	r3, r4, ip, lsl r1
    a9f0:	00800740 	taddeq	r0, r0, r0, asr #14
    a9f4:	007a1200 	trsubseq	r1, sl, r0, lsl #4
    a9f8:	00843480 	taddeq	r3, r4, r0, lsl #9

0000a9fc <blt_terminate_proc>:
blt_terminate_proc():
    a9fc:	6510      	tpush	{r4, lr}
    a9fe:	0c19      	tloadr	r4, [pc, #100]	; (aa64 <blt_terminate_proc+0x68>)
    aa00:	4be3      	tloadrb	r3, [r4, #15]
    aa02:	ab04      	tcmp	r3, #4
    aa04:	c02b      	tjeq.n	aa5e <blt_terminate_proc+0x62>
    aa06:	ab02      	tcmp	r3, #2
    aa08:	c001      	tjeq.n	aa0e <blt_terminate_proc+0x12>
    aa0a:	a308      	tmovs	r3, #8
    aa0c:	4363      	tstorerb	r3, [r4, #13]
    aa0e:	0b16      	tloadr	r3, [pc, #88]	; (aa68 <blt_terminate_proc+0x6c>)
    aa10:	5819      	tloadr	r1, [r3, #0]
    aa12:	a210      	tmovs	r2, #16
    aa14:	030a      	tors	r2, r1
    aa16:	501a      	tstorer	r2, [r3, #0]
    aa18:	0a14      	tloadr	r2, [pc, #80]	; (aa6c <blt_terminate_proc+0x70>)
    aa1a:	a31b      	tmovs	r3, #27
    aa1c:	2053      	tstorerh	r3, [r2, #2]
    aa1e:	2013      	tstorerh	r3, [r2, #0]
    aa20:	a300      	tmovs	r3, #0
    aa22:	4493      	tstorerb	r3, [r2, #18]
    aa24:	44d3      	tstorerb	r3, [r2, #19]
    aa26:	4453      	tstorerb	r3, [r2, #17]
    aa28:	43a3      	tstorerb	r3, [r4, #14]
    aa2a:	4323      	tstorerb	r3, [r4, #12]
    aa2c:	43e3      	tstorerb	r3, [r4, #15]
    aa2e:	0910      	tloadr	r1, [pc, #64]	; (aa70 <blt_terminate_proc+0x74>)
    aa30:	428b      	tstorerb	r3, [r1, #10]
    aa32:	5423      	tstorer	r3, [r4, #64]	; 0x40
    aa34:	a201      	tmovs	r2, #1
    aa36:	0252      	tnegs	r2, r2
    aa38:	2262      	tstorerh	r2, [r4, #18]
    aa3a:	404b      	tstorerb	r3, [r1, #1]
    aa3c:	5463      	tstorer	r3, [r4, #68]	; 0x44
    aa3e:	0b0d      	tloadr	r3, [pc, #52]	; (aa74 <blt_terminate_proc+0x78>)
    aa40:	581b      	tloadr	r3, [r3, #0]
    aa42:	ab00      	tcmp	r3, #0
    aa44:	c006      	tjeq.n	aa54 <blt_terminate_proc+0x58>
    aa46:	0a0c      	tloadr	r2, [pc, #48]	; (aa78 <blt_terminate_proc+0x7c>)
    aa48:	4810      	tloadrb	r0, [r2, #0]
    aa4a:	a280      	tmovs	r2, #128	; 0x80
    aa4c:	f452      	tshftls	r2, r2, #17
    aa4e:	0310      	tors	r0, r2
    aa50:	9000 9816 	tjl	aa80 <blt_terminate_proc+0x84>
    aa54:	a300      	tmovs	r3, #0
    aa56:	40e3      	tstorerb	r3, [r4, #3]
    aa58:	0a08      	tloadr	r2, [pc, #32]	; (aa7c <blt_terminate_proc+0x80>)
    aa5a:	4093      	tstorerb	r3, [r2, #2]
    aa5c:	6d10      	tpop	{r4, pc}
    aa5e:	a322      	tmovs	r3, #34	; 0x22
    aa60:	4363      	tstorerb	r3, [r4, #13]
    aa62:	87d4      	tj.n	aa0e <blt_terminate_proc+0x12>
    aa64:	00843400 	taddeq	r3, r4, r0, lsl #8
    aa68:	0084320c 	taddeq	r3, r4, ip, lsl #4
    aa6c:	0084321c 	taddeq	r3, r4, ip, lsl r2
    aa70:	00843360 	taddeq	r3, r4, r0, ror #6
    aa74:	008432b4 	undefined instruction 0x008432b4
    aa78:	00843180 	taddeq	r3, r4, r0, lsl #3
    aa7c:	00843504 	taddeq	r3, r4, r4, lsl #10
    aa80:	0718      	tjex	r3
    aa82:	46c0      	tnop			; (mov r8, r8)

0000aa84 <bls_ll_enc_proc_disConnect>:
bls_ll_enc_proc_disConnect():
    aa84:	6500      	tpush	{lr}
    aa86:	f600      	tshftls	r0, r0, #24
    aa88:	fe02      	tshftrs	r2, r0, #24
    aa8a:	0b0c      	tloadr	r3, [pc, #48]	; (aabc <bls_ll_enc_proc_disConnect+0x38>)
    aa8c:	4b5b      	tloadrb	r3, [r3, #13]
    aa8e:	a080      	tmovs	r0, #128	; 0x80
    aa90:	ab08      	tcmp	r3, #8
    aa92:	c000      	tjeq.n	aa96 <bls_ll_enc_proc_disConnect+0x12>
    aa94:	6d00      	tpop	{pc}
    aa96:	a300      	tmovs	r3, #0
    aa98:	0909      	tloadr	r1, [pc, #36]	; (aac0 <bls_ll_enc_proc_disConnect+0x3c>)
    aa9a:	500b      	tstorer	r3, [r1, #0]
    aa9c:	0909      	tloadr	r1, [pc, #36]	; (aac4 <bls_ll_enc_proc_disConnect+0x40>)
    aa9e:	500b      	tstorer	r3, [r1, #0]
    aaa0:	0909      	tloadr	r1, [pc, #36]	; (aac8 <bls_ll_enc_proc_disConnect+0x44>)
    aaa2:	a071      	tmovs	r0, #113	; 0x71
    aaa4:	140b      	tstorerb	r3, [r1, r0]
    aaa6:	a377      	tmovs	r3, #119	; 0x77
    aaa8:	14ca      	tstorerb	r2, [r1, r3]
    aaaa:	0b08      	tloadr	r3, [pc, #32]	; (aacc <bls_ll_enc_proc_disConnect+0x48>)
    aaac:	a102      	tmovs	r1, #2
    aaae:	43d9      	tstorerb	r1, [r3, #15]
    aab0:	435a      	tstorerb	r2, [r3, #13]
    aab2:	97ff 9fa3 	tjl	a9fc <blt_terminate_proc>
    aab6:	a000      	tmovs	r0, #0
    aab8:	87ec      	tj.n	aa94 <bls_ll_enc_proc_disConnect+0x10>
    aaba:	46c0      	tnop			; (mov r8, r8)
    aabc:	00843180 	taddeq	r3, r4, r0, lsl #3
    aac0:	008432ac 	taddeq	r3, r4, ip, lsr #5
    aac4:	008432b0 	undefined instruction 0x008432b0
    aac8:	00843480 	taddeq	r3, r4, r0, lsl #9
    aacc:	00843400 	taddeq	r3, r4, r0, lsl #8

0000aad0 <blt_ll_packet_proc>:
blt_ll_packet_proc():
    aad0:	65f0      	tpush	{r4, r5, r6, r7, lr}
    aad2:	0647      	tmov	r7, r8
    aad4:	6480      	tpush	{r7}
    aad6:	6088      	tsub	sp, #32
    aad8:	ec04      	tadds	r4, r0, #0
    aada:	4943      	tloadrb	r3, [r0, #5]
    aadc:	ab00      	tcmp	r3, #0
    aade:	c10a      	tjne.n	aaf6 <blt_ll_packet_proc+0x26>
    aae0:	a370      	tmovs	r3, #112	; 0x70
    aae2:	0aca      	tloadr	r2, [pc, #808]	; (ae0c <blt_ll_packet_proc+0x33c>)
    aae4:	1cd3      	tloadrb	r3, [r2, r3]
    aae6:	a001      	tmovs	r0, #1
    aae8:	ab00      	tcmp	r3, #0
    aaea:	c000      	tjeq.n	aaee <blt_ll_packet_proc+0x1e>
    aaec:	80c2      	tj.n	ac74 <blt_ll_packet_proc+0x1a4>
    aaee:	6008      	tadd	sp, #32
    aaf0:	6c04      	tpop	{r2}
    aaf2:	0690      	tmov	r8, r2
    aaf4:	6df0      	tpop	{r4, r5, r6, r7, pc}
    aaf6:	0dc5      	tloadr	r5, [pc, #788]	; (ae0c <blt_ll_packet_proc+0x33c>)
    aaf8:	a32e      	tmovs	r3, #46	; 0x2e
    aafa:	1ceb      	tloadrb	r3, [r5, r3]
    aafc:	ed06      	tadds	r6, r0, #4
    aafe:	ab00      	tcmp	r3, #0
    ab00:	c000      	tjeq.n	ab04 <blt_ll_packet_proc+0x34>
    ab02:	80cb      	tj.n	ac9c <blt_ll_packet_proc+0x1cc>
    ab04:	49a1      	tloadrb	r1, [r4, #6]
    ab06:	4833      	tloadrb	r3, [r6, #0]
    ab08:	a203      	tmovs	r2, #3
    ab0a:	0013      	tands	r3, r2
    ab0c:	a271      	tmovs	r2, #113	; 0x71
    ab0e:	1caa      	tloadrb	r2, [r5, r2]
    ab10:	aa00      	tcmp	r2, #0
    ab12:	c100      	tjne.n	ab16 <blt_ll_packet_proc+0x46>
    ab14:	80b2      	tj.n	ac7c <blt_ll_packet_proc+0x1ac>
    ab16:	ab03      	tcmp	r3, #3
    ab18:	c000      	tjeq.n	ab1c <blt_ll_packet_proc+0x4c>
    ab1a:	80e8      	tj.n	acee <blt_ll_packet_proc+0x21e>
    ab1c:	ee8b      	tsubs	r3, r1, #2
    ab1e:	f61b      	tshftls	r3, r3, #24
    ab20:	fe1b      	tshftrs	r3, r3, #24
    ab22:	ab01      	tcmp	r3, #1
    ab24:	c902      	tjls.n	ab2c <blt_ll_packet_proc+0x5c>
    ab26:	a906      	tcmp	r1, #6
    ab28:	c000      	tjeq.n	ab2c <blt_ll_packet_proc+0x5c>
    ab2a:	80da      	tj.n	ace2 <blt_ll_packet_proc+0x212>
    ab2c:	4872      	tloadrb	r2, [r6, #1]
    ab2e:	0bb8      	tloadr	r3, [pc, #736]	; (ae10 <blt_ll_packet_proc+0x340>)
    ab30:	1c5b      	tloadrb	r3, [r3, r1]
    ab32:	029a      	tcmp	r2, r3
    ab34:	c000      	tjeq.n	ab38 <blt_ll_packet_proc+0x68>
    ab36:	80e7      	tj.n	ad08 <blt_ll_packet_proc+0x238>
    ab38:	a900      	tcmp	r1, #0
    ab3a:	c100      	tjne.n	ab3e <blt_ll_packet_proc+0x6e>
    ab3c:	80ab      	tj.n	ac96 <blt_ll_packet_proc+0x1c6>
    ab3e:	a901      	tcmp	r1, #1
    ab40:	c100      	tjne.n	ab44 <blt_ll_packet_proc+0x74>
    ab42:	80a8      	tj.n	ac96 <blt_ll_packet_proc+0x1c6>
    ab44:	a902      	tcmp	r1, #2
    ab46:	c100      	tjne.n	ab4a <blt_ll_packet_proc+0x7a>
    ab48:	80e3      	tj.n	ad12 <blt_ll_packet_proc+0x242>
    ab4a:	a903      	tcmp	r1, #3
    ab4c:	c050      	tjeq.n	abf0 <blt_ll_packet_proc+0x120>
    ab4e:	a904      	tcmp	r1, #4
    ab50:	c100      	tjne.n	ab54 <blt_ll_packet_proc+0x84>
    ab52:	80a0      	tj.n	ac96 <blt_ll_packet_proc+0x1c6>
    ab54:	a905      	tcmp	r1, #5
    ab56:	c100      	tjne.n	ab5a <blt_ll_packet_proc+0x8a>
    ab58:	809d      	tj.n	ac96 <blt_ll_packet_proc+0x1c6>
    ab5a:	a906      	tcmp	r1, #6
    ab5c:	c100      	tjne.n	ab60 <blt_ll_packet_proc+0x90>
    ab5e:	80e6      	tj.n	ad2e <blt_ll_packet_proc+0x25e>
    ab60:	a90a      	tcmp	r1, #10
    ab62:	c100      	tjne.n	ab66 <blt_ll_packet_proc+0x96>
    ab64:	8114      	tj.n	ad90 <blt_ll_packet_proc+0x2c0>
    ab66:	a90b      	tcmp	r1, #11
    ab68:	c100      	tjne.n	ab6c <blt_ll_packet_proc+0x9c>
    ab6a:	812c      	tj.n	adc6 <blt_ll_packet_proc+0x2f6>
    ab6c:	a907      	tcmp	r1, #7
    ab6e:	c100      	tjne.n	ab72 <blt_ll_packet_proc+0xa2>
    ab70:	8133      	tj.n	adda <blt_ll_packet_proc+0x30a>
    ab72:	ec0b      	tadds	r3, r1, #0
    ab74:	bb08      	tsubs	r3, #8
    ab76:	f61b      	tshftls	r3, r3, #24
    ab78:	fe1b      	tshftrs	r3, r3, #24
    ab7a:	ab01      	tcmp	r3, #1
    ab7c:	c800      	tjhi.n	ab80 <blt_ll_packet_proc+0xb0>
    ab7e:	8183      	tj.n	ae88 <blt_ll_packet_proc+0x3b8>
    ab80:	a90c      	tcmp	r1, #12
    ab82:	c100      	tjne.n	ab86 <blt_ll_packet_proc+0xb6>
    ab84:	819a      	tj.n	aebc <blt_ll_packet_proc+0x3ec>
    ab86:	a90d      	tcmp	r1, #13
    ab88:	c100      	tjne.n	ab8c <blt_ll_packet_proc+0xbc>
    ab8a:	8177      	tj.n	ae7c <blt_ll_packet_proc+0x3ac>
    ab8c:	a911      	tcmp	r1, #17
    ab8e:	c100      	tjne.n	ab92 <blt_ll_packet_proc+0xc2>
    ab90:	8174      	tj.n	ae7c <blt_ll_packet_proc+0x3ac>
    ab92:	a912      	tcmp	r1, #18
    ab94:	c100      	tjne.n	ab98 <blt_ll_packet_proc+0xc8>
    ab96:	81fd      	tj.n	af94 <blt_ll_packet_proc+0x4c4>
    ab98:	a913      	tcmp	r1, #19
    ab9a:	c07c      	tjeq.n	ac96 <blt_ll_packet_proc+0x1c6>
    ab9c:	ec0b      	tadds	r3, r1, #0
    ab9e:	bb14      	tsubs	r3, #20
    aba0:	f61b      	tshftls	r3, r3, #24
    aba2:	fe1b      	tshftrs	r3, r3, #24
    aba4:	ab01      	tcmp	r3, #1
    aba6:	c800      	tjhi.n	abaa <blt_ll_packet_proc+0xda>
    aba8:	8208      	tj.n	afbc <blt_ll_packet_proc+0x4ec>
    abaa:	ec0a      	tadds	r2, r1, #0
    abac:	ba16      	tsubs	r2, #22
    abae:	0253      	tnegs	r3, r2
    abb0:	015a      	taddcs	r2, r3
    abb2:	a918      	tcmp	r1, #24
    abb4:	c000      	tjeq.n	abb8 <blt_ll_packet_proc+0xe8>
    abb6:	81f8      	tj.n	afaa <blt_ll_packet_proc+0x4da>
    abb8:	0b96      	tloadr	r3, [pc, #600]	; (ae14 <blt_ll_packet_proc+0x344>)
    abba:	5818      	tloadr	r0, [r3, #0]
    abbc:	a390      	tmovs	r3, #144	; 0x90
    abbe:	f11b      	tshftls	r3, r3, #4
    abc0:	0218      	tnand	r0, r3
    abc2:	c100      	tjne.n	abc6 <blt_ll_packet_proc+0xf6>
    abc4:	81f4      	tj.n	afb0 <blt_ll_packet_proc+0x4e0>
    abc6:	aa00      	tcmp	r2, #0
    abc8:	c065      	tjeq.n	ac96 <blt_ll_packet_proc+0x1c6>
    abca:	4933      	tloadrb	r3, [r6, #4]
    abcc:	48f2      	tloadrb	r2, [r6, #3]
    abce:	0013      	tands	r3, r2
    abd0:	c100      	tjne.n	abd4 <blt_ll_packet_proc+0x104>
    abd2:	a301      	tmovs	r3, #1
    abd4:	0669      	tmov	r1, sp
    abd6:	0a90      	tloadr	r2, [pc, #576]	; (ae18 <blt_ll_packet_proc+0x348>)
    abd8:	200a      	tstorerh	r2, [r1, #0]
    abda:	f218      	tshftls	r0, r3, #8
    abdc:	a217      	tmovs	r2, #23
    abde:	0302      	tors	r2, r0
    abe0:	204a      	tstorerh	r2, [r1, #2]
    abe2:	208b      	tstorerh	r3, [r1, #4]
    abe4:	088d      	tloadr	r0, [pc, #564]	; (ae1c <blt_ll_packet_proc+0x34c>)
    abe6:	97ff 9b43 	tjl	a270 <bls_ll_pushTxFifo>
    abea:	a370      	tmovs	r3, #112	; 0x70
    abec:	1ceb      	tloadrb	r3, [r5, r3]
    abee:	877a      	tj.n	aae6 <blt_ll_packet_proc+0x16>
    abf0:	a101      	tmovs	r1, #1
    abf2:	a371      	tmovs	r3, #113	; 0x71
    abf4:	14e9      	tstorerb	r1, [r5, r3]
    abf6:	a32d      	tmovs	r3, #45	; 0x2d
    abf8:	1ceb      	tloadrb	r3, [r5, r3]
    abfa:	ec1a      	tadds	r2, r3, #0
    abfc:	ba08      	tsubs	r2, #8
    abfe:	0250      	tnegs	r0, r2
    ac00:	0142      	taddcs	r2, r0
    ac02:	aa00      	tcmp	r2, #0
    ac04:	c100      	tjne.n	ac08 <blt_ll_packet_proc+0x138>
    ac06:	808d      	tj.n	ad24 <blt_ll_packet_proc+0x254>
    ac08:	a378      	tmovs	r3, #120	; 0x78
    ac0a:	14e9      	tstorerb	r1, [r5, r3]
    ac0c:	ec29      	tadds	r1, r5, #0
    ac0e:	b148      	tadds	r1, #72	; 0x48
    ac10:	a008      	tmovs	r0, #8
    ac12:	97fe 9b01 	tjl	9218 <generateRandomNum>
    ac16:	ec29      	tadds	r1, r5, #0
    ac18:	b150      	tadds	r1, #80	; 0x50
    ac1a:	a004      	tmovs	r0, #4
    ac1c:	97fe 9afc 	tjl	9218 <generateRandomNum>
    ac20:	a004      	tmovs	r0, #4
    ac22:	97ff 9b8b 	tjl	a33c <bls_ll_pushEncPkt>
    ac26:	ecf3      	tadds	r3, r6, #3
    ac28:	0698      	tmov	r8, r3
    ac2a:	ec28      	tadds	r0, r5, #0
    ac2c:	b064      	tadds	r0, #100	; 0x64
    ac2e:	ec31      	tadds	r1, r6, #0
    ac30:	b10d      	tadds	r1, #13
    ac32:	a208      	tmovs	r2, #8
    ac34:	97f7 9ff4 	tjl	2c20 <smemcpy>
    ac38:	ec28      	tadds	r0, r5, #0
    ac3a:	b06c      	tadds	r0, #108	; 0x6c
    ac3c:	ec31      	tadds	r1, r6, #0
    ac3e:	b115      	tadds	r1, #21
    ac40:	a204      	tmovs	r2, #4
    ac42:	97f7 9fed 	tjl	2c20 <smemcpy>
    ac46:	4b37      	tloadrb	r7, [r6, #12]
    ac48:	f23f      	tshftls	r7, r7, #8
    ac4a:	4af3      	tloadrb	r3, [r6, #11]
    ac4c:	031f      	tors	r7, r3
    ac4e:	0e74      	tloadr	r6, [pc, #464]	; (ae20 <blt_ll_packet_proc+0x350>)
    ac50:	5ef3      	tloadr	r3, [r6, #108]	; 0x6c
    ac52:	ab00      	tcmp	r3, #0
    ac54:	c004      	tjeq.n	ac60 <blt_ll_packet_proc+0x190>
    ac56:	2a70      	tloadrh	r0, [r6, #18]
    ac58:	0641      	tmov	r1, r8
    ac5a:	ec3a      	tadds	r2, r7, #0
    ac5c:	9000 9a66 	tjl	b12c <blt_ll_packet_proc+0x65c>
    ac60:	0b70      	tloadr	r3, [pc, #448]	; (ae24 <blt_ll_packet_proc+0x354>)
    ac62:	581b      	tloadr	r3, [r3, #0]
    ac64:	f6d8      	tshftls	r0, r3, #27
    ac66:	c500      	tjpl.n	ac6a <blt_ll_packet_proc+0x19a>
    ac68:	80f2      	tj.n	ae50 <blt_ll_packet_proc+0x380>
    ac6a:	a301      	tmovs	r3, #1
    ac6c:	a270      	tmovs	r2, #112	; 0x70
    ac6e:	14ab      	tstorerb	r3, [r5, r2]
    ac70:	0a6d      	tloadr	r2, [pc, #436]	; (ae28 <blt_ll_packet_proc+0x358>)
    ac72:	4453      	tstorerb	r3, [r2, #17]
    ac74:	97ff 9b98 	tjl	a3a8 <bls_ll_security_proc>
    ac78:	a001      	tmovs	r0, #1
    ac7a:	8738      	tj.n	aaee <blt_ll_packet_proc+0x1e>
    ac7c:	ab03      	tcmp	r3, #3
    ac7e:	c100      	tjne.n	ac82 <blt_ll_packet_proc+0x1b2>
    ac80:	8754      	tj.n	ab2c <blt_ll_packet_proc+0x5c>
    ac82:	ab00      	tcmp	r3, #0
    ac84:	c007      	tjeq.n	ac96 <blt_ll_packet_proc+0x1c6>
    ac86:	0b69      	tloadr	r3, [pc, #420]	; (ae2c <blt_ll_packet_proc+0x35c>)
    ac88:	581b      	tloadr	r3, [r3, #0]
    ac8a:	ab00      	tcmp	r3, #0
    ac8c:	c003      	tjeq.n	ac96 <blt_ll_packet_proc+0x1c6>
    ac8e:	a040      	tmovs	r0, #64	; 0x40
    ac90:	ec31      	tadds	r1, r6, #0
    ac92:	9000 9a4b 	tjl	b12c <blt_ll_packet_proc+0x65c>
    ac96:	a370      	tmovs	r3, #112	; 0x70
    ac98:	1ceb      	tloadrb	r3, [r5, r3]
    ac9a:	8724      	tj.n	aae6 <blt_ll_packet_proc+0x16>
    ac9c:	0f60      	tloadr	r7, [pc, #384]	; (ae20 <blt_ll_packet_proc+0x350>)
    ac9e:	a301      	tmovs	r3, #1
    aca0:	55fb      	tstorer	r3, [r7, #92]	; 0x5c
    aca2:	ed06      	tadds	r6, r0, #4
    aca4:	ec2a      	tadds	r2, r5, #0
    aca6:	b208      	tadds	r2, #8
    aca8:	ec30      	tadds	r0, r6, #0
    acaa:	a101      	tmovs	r1, #1
    acac:	9004 9c50 	tjl	f550 <aes_ll_ccm_decryption>
    acb0:	a100      	tmovs	r1, #0
    acb2:	0688      	tmov	r8, r1
    acb4:	55f9      	tstorer	r1, [r7, #92]	; 0x5c
    acb6:	5dbb      	tloadr	r3, [r7, #88]	; 0x58
    acb8:	ab00      	tcmp	r3, #0
    acba:	c004      	tjeq.n	acc6 <blt_ll_packet_proc+0x1f6>
    acbc:	ec18      	tadds	r0, r3, #0
    acbe:	97ff 9a13 	tjl	a0e8 <blt_ll_channel_conn_update>
    acc2:	0642      	tmov	r2, r8
    acc4:	55ba      	tstorer	r2, [r7, #88]	; 0x58
    acc6:	a800      	tcmp	r0, #0
    acc8:	c019      	tjeq.n	acfe <blt_ll_packet_proc+0x22e>
    acca:	a201      	tmovs	r2, #1
    accc:	a32f      	tmovs	r3, #47	; 0x2f
    acce:	14ea      	tstorerb	r2, [r5, r3]
    acd0:	a371      	tmovs	r3, #113	; 0x71
    acd2:	1ceb      	tloadrb	r3, [r5, r3]
    acd4:	ab00      	tcmp	r3, #0
    acd6:	c10d      	tjne.n	acf4 <blt_ll_packet_proc+0x224>
    acd8:	a03d      	tmovs	r0, #61	; 0x3d
    acda:	97ff 9bcf 	tjl	a47c <bls_ll_terminateConnection>
    acde:	a000      	tmovs	r0, #0
    ace0:	8705      	tj.n	aaee <blt_ll_packet_proc+0x1e>
    ace2:	a90d      	tcmp	r1, #13
    ace4:	c100      	tjne.n	ace8 <blt_ll_packet_proc+0x218>
    ace6:	8721      	tj.n	ab2c <blt_ll_packet_proc+0x5c>
    ace8:	a911      	tcmp	r1, #17
    acea:	c100      	tjne.n	acee <blt_ll_packet_proc+0x21e>
    acec:	871e      	tj.n	ab2c <blt_ll_packet_proc+0x5c>
    acee:	a201      	tmovs	r2, #1
    acf0:	a32f      	tmovs	r3, #47	; 0x2f
    acf2:	14ea      	tstorerb	r2, [r5, r3]
    acf4:	a03d      	tmovs	r0, #61	; 0x3d
    acf6:	97ff 9ec5 	tjl	aa84 <bls_ll_enc_proc_disConnect>
    acfa:	a000      	tmovs	r0, #0
    acfc:	86f7      	tj.n	aaee <blt_ll_packet_proc+0x1e>
    acfe:	4963      	tloadrb	r3, [r4, #5]
    ad00:	ab00      	tcmp	r3, #0
    ad02:	c000      	tjeq.n	ad06 <blt_ll_packet_proc+0x236>
    ad04:	86fe      	tj.n	ab04 <blt_ll_packet_proc+0x34>
    ad06:	87c6      	tj.n	ac96 <blt_ll_packet_proc+0x1c6>
    ad08:	0844      	tloadr	r0, [pc, #272]	; (ae1c <blt_ll_packet_proc+0x34c>)
    ad0a:	97ff 9945 	tjl	9f98 <blt_ll_unknown_rsp>
    ad0e:	a000      	tmovs	r0, #0
    ad10:	86ed      	tj.n	aaee <blt_ll_packet_proc+0x1e>
    ad12:	0b43      	tloadr	r3, [pc, #268]	; (ae20 <blt_ll_packet_proc+0x350>)
    ad14:	a201      	tmovs	r2, #1
    ad16:	431a      	tstorerb	r2, [r3, #12]
    ad18:	49e1      	tloadrb	r1, [r4, #7]
    ad1a:	4359      	tstorerb	r1, [r3, #13]
    ad1c:	43da      	tstorerb	r2, [r3, #15]
    ad1e:	a370      	tmovs	r3, #112	; 0x70
    ad20:	1ceb      	tloadrb	r3, [r5, r3]
    ad22:	86e0      	tj.n	aae6 <blt_ll_packet_proc+0x16>
    ad24:	ab00      	tcmp	r3, #0
    ad26:	c1b6      	tjne.n	ac96 <blt_ll_packet_proc+0x1c6>
    ad28:	a378      	tmovs	r3, #120	; 0x78
    ad2a:	14ea      	tstorerb	r2, [r5, r3]
    ad2c:	876e      	tj.n	ac0c <blt_ll_packet_proc+0x13c>
    ad2e:	a62d      	tmovs	r6, #45	; 0x2d
    ad30:	1dab      	tloadrb	r3, [r5, r6]
    ad32:	ab03      	tcmp	r3, #3
    ad34:	c1af      	tjne.n	ac96 <blt_ll_packet_proc+0x1c6>
    ad36:	a400      	tmovs	r4, #0
    ad38:	a371      	tmovs	r3, #113	; 0x71
    ad3a:	14ec      	tstorerb	r4, [r5, r3]
    ad3c:	a006      	tmovs	r0, #6
    ad3e:	97ff 9afd 	tjl	a33c <bls_ll_pushEncPkt>
    ad42:	0b3b      	tloadr	r3, [pc, #236]	; (ae30 <blt_ll_packet_proc+0x360>)
    ad44:	501c      	tstorer	r4, [r3, #0]
    ad46:	0b3b      	tloadr	r3, [pc, #236]	; (ae34 <blt_ll_packet_proc+0x364>)
    ad48:	501c      	tstorer	r4, [r3, #0]
    ad4a:	a305      	tmovs	r3, #5
    ad4c:	15ab      	tstorerb	r3, [r5, r6]
    ad4e:	0b36      	tloadr	r3, [pc, #216]	; (ae28 <blt_ll_packet_proc+0x358>)
    ad50:	445c      	tstorerb	r4, [r3, #17]
    ad52:	0b39      	tloadr	r3, [pc, #228]	; (ae38 <blt_ll_packet_proc+0x368>)
    ad54:	581b      	tloadr	r3, [r3, #0]
    ad56:	ab00      	tcmp	r3, #0
    ad58:	c002      	tjeq.n	ad60 <blt_ll_packet_proc+0x290>
    ad5a:	a040      	tmovs	r0, #64	; 0x40
    ad5c:	9000 99e6 	tjl	b12c <blt_ll_packet_proc+0x65c>
    ad60:	0b36      	tloadr	r3, [pc, #216]	; (ae3c <blt_ll_packet_proc+0x36c>)
    ad62:	581b      	tloadr	r3, [r3, #0]
    ad64:	f61a      	tshftls	r2, r3, #24
    ad66:	c596      	tjpl.n	ac96 <blt_ll_packet_proc+0x1c6>
    ad68:	a378      	tmovs	r3, #120	; 0x78
    ad6a:	1ceb      	tloadrb	r3, [r5, r3]
    ad6c:	ab00      	tcmp	r3, #0
    ad6e:	c100      	tjne.n	ad72 <blt_ll_packet_proc+0x2a2>
    ad70:	8100      	tj.n	af74 <blt_ll_packet_proc+0x4a4>
    ad72:	7904      	tadd	r1, sp, #16
    ad74:	a300      	tmovs	r3, #0
    ad76:	400b      	tstorerb	r3, [r1, #0]
    ad78:	0b29      	tloadr	r3, [pc, #164]	; (ae20 <blt_ll_packet_proc+0x350>)
    ad7a:	4c9a      	tloadrb	r2, [r3, #18]
    ad7c:	404a      	tstorerb	r2, [r1, #1]
    ad7e:	4cdb      	tloadrb	r3, [r3, #19]
    ad80:	408b      	tstorerb	r3, [r1, #2]
    ad82:	082f      	tloadr	r0, [pc, #188]	; (ae40 <blt_ll_packet_proc+0x370>)
    ad84:	a203      	tmovs	r2, #3
    ad86:	9000 9ccb 	tjl	b720 <blc_hci_send_event>
    ad8a:	a370      	tmovs	r3, #112	; 0x70
    ad8c:	1ceb      	tloadrb	r3, [r5, r3]
    ad8e:	86aa      	tj.n	aae6 <blt_ll_packet_proc+0x16>
    ad90:	a32d      	tmovs	r3, #45	; 0x2d
    ad92:	1ceb      	tloadrb	r3, [r5, r3]
    ad94:	ab05      	tcmp	r3, #5
    ad96:	c000      	tjeq.n	ad9a <blt_ll_packet_proc+0x2ca>
    ad98:	877d      	tj.n	ac96 <blt_ll_packet_proc+0x1c6>
    ad9a:	a207      	tmovs	r2, #7
    ad9c:	a32d      	tmovs	r3, #45	; 0x2d
    ad9e:	14ea      	tstorerb	r2, [r5, r3]
    ada0:	a00b      	tmovs	r0, #11
    ada2:	97ff 9acb 	tjl	a33c <bls_ll_pushEncPkt>
    ada6:	a300      	tmovs	r3, #0
    ada8:	a22e      	tmovs	r2, #46	; 0x2e
    adaa:	14ab      	tstorerb	r3, [r5, r2]
    adac:	0a1e      	tloadr	r2, [pc, #120]	; (ae28 <blt_ll_packet_proc+0x358>)
    adae:	4453      	tstorerb	r3, [r2, #17]
    adb0:	0b24      	tloadr	r3, [pc, #144]	; (ae44 <blt_ll_packet_proc+0x374>)
    adb2:	581b      	tloadr	r3, [r3, #0]
    adb4:	ab00      	tcmp	r3, #0
    adb6:	c100      	tjne.n	adba <blt_ll_packet_proc+0x2ea>
    adb8:	876d      	tj.n	ac96 <blt_ll_packet_proc+0x1c6>
    adba:	a040      	tmovs	r0, #64	; 0x40
    adbc:	9000 99b6 	tjl	b12c <blt_ll_packet_proc+0x65c>
    adc0:	a370      	tmovs	r3, #112	; 0x70
    adc2:	1ceb      	tloadrb	r3, [r5, r3]
    adc4:	868f      	tj.n	aae6 <blt_ll_packet_proc+0x16>
    adc6:	a32d      	tmovs	r3, #45	; 0x2d
    adc8:	1cea      	tloadrb	r2, [r5, r3]
    adca:	aa07      	tcmp	r2, #7
    adcc:	c000      	tjeq.n	add0 <blt_ll_packet_proc+0x300>
    adce:	8762      	tj.n	ac96 <blt_ll_packet_proc+0x1c6>
    add0:	a208      	tmovs	r2, #8
    add2:	14ea      	tstorerb	r2, [r5, r3]
    add4:	a370      	tmovs	r3, #112	; 0x70
    add6:	1ceb      	tloadrb	r3, [r5, r3]
    add8:	8685      	tj.n	aae6 <blt_ll_packet_proc+0x16>
    adda:	48f3      	tloadrb	r3, [r6, #3]
    addc:	ab0e      	tcmp	r3, #14
    adde:	c100      	tjne.n	ade2 <blt_ll_packet_proc+0x312>
    ade0:	80ba      	tj.n	af58 <blt_ll_packet_proc+0x488>
    ade2:	ab14      	tcmp	r3, #20
    ade4:	c000      	tjeq.n	ade8 <blt_ll_packet_proc+0x318>
    ade6:	8756      	tj.n	ac96 <blt_ll_packet_proc+0x1c6>
    ade8:	0917      	tloadr	r1, [pc, #92]	; (ae48 <blt_ll_packet_proc+0x378>)
    adea:	a31b      	tmovs	r3, #27
    adec:	210b      	tstorerh	r3, [r1, #8]
    adee:	214b      	tstorerh	r3, [r1, #10]
    adf0:	200b      	tstorerh	r3, [r1, #0]
    adf2:	204b      	tstorerh	r3, [r1, #2]
    adf4:	a300      	tmovs	r3, #0
    adf6:	448b      	tstorerb	r3, [r1, #18]
    adf8:	44cb      	tstorerb	r3, [r1, #19]
    adfa:	0b14      	tloadr	r3, [pc, #80]	; (ae4c <blt_ll_packet_proc+0x37c>)
    adfc:	581b      	tloadr	r3, [r3, #0]
    adfe:	a008      	tmovs	r0, #8
    ae00:	a20c      	tmovs	r2, #12
    ae02:	9000 9993 	tjl	b12c <blt_ll_packet_proc+0x65c>
    ae06:	a370      	tmovs	r3, #112	; 0x70
    ae08:	1ceb      	tloadrb	r3, [r5, r3]
    ae0a:	866c      	tj.n	aae6 <blt_ll_packet_proc+0x16>
    ae0c:	00843480 	taddeq	r3, r4, r0, lsl #9
    ae10:	0000fe9c 	tmuleq	r0, ip, lr
    ae14:	00843230 	taddeq	r3, r4, r0, lsr r2
    ae18:	00000303 	tandeq	r0, r0, r3, lsl #6
    ae1c:	00008040 	tandeq	r8, r0, r0, asr #32
    ae20:	00843400 	taddeq	r3, r4, r0, lsl #8
    ae24:	008435c8 	taddeq	r3, r4, r8, asr #11
    ae28:	00843180 	taddeq	r3, r4, r0, lsl #3
    ae2c:	008432a4 	taddeq	r3, r4, r4, lsr #5
    ae30:	008432ac 	taddeq	r3, r4, ip, lsr #5
    ae34:	008432b0 	undefined instruction 0x008432b0
    ae38:	00843200 	taddeq	r3, r4, r0, lsl #4
    ae3c:	008435c4 	taddeq	r3, r4, r4, asr #11
    ae40:	02000030 	tandeq	r0, r0, #48	; 0x30
    ae44:	008432a8 	taddeq	r3, r4, r8, lsr #5
    ae48:	0084321c 	taddeq	r3, r4, ip, lsl r2
    ae4c:	00843238 	taddeq	r3, r4, r8, lsr r2
    ae50:	7c04      	tadd	r4, sp, #16
    ae52:	a305      	tmovs	r3, #5
    ae54:	4023      	tstorerb	r3, [r4, #0]
    ae56:	4cb3      	tloadrb	r3, [r6, #18]
    ae58:	4063      	tstorerb	r3, [r4, #1]
    ae5a:	4cf3      	tloadrb	r3, [r6, #19]
    ae5c:	40a3      	tstorerb	r3, [r4, #2]
    ae5e:	42e7      	tstorerb	r7, [r4, #11]
    ae60:	fa3f      	tshftrs	r7, r7, #8
    ae62:	4327      	tstorerb	r7, [r4, #12]
    ae64:	0668      	tmov	r0, sp
    ae66:	b013      	tadds	r0, #19
    ae68:	0641      	tmov	r1, r8
    ae6a:	a208      	tmovs	r2, #8
    ae6c:	97f7 9ed8 	tjl	2c20 <smemcpy>
    ae70:	089c      	tloadr	r0, [pc, #624]	; (b0e4 <blt_ll_packet_proc+0x614>)
    ae72:	ec21      	tadds	r1, r4, #0
    ae74:	a20d      	tmovs	r2, #13
    ae76:	9000 9c53 	tjl	b720 <blc_hci_send_event>
    ae7a:	86f6      	tj.n	ac6a <blt_ll_packet_proc+0x19a>
    ae7c:	a200      	tmovs	r2, #0
    ae7e:	a371      	tmovs	r3, #113	; 0x71
    ae80:	14ea      	tstorerb	r2, [r5, r3]
    ae82:	a370      	tmovs	r3, #112	; 0x70
    ae84:	1ceb      	tloadrb	r3, [r5, r3]
    ae86:	862e      	tj.n	aae6 <blt_ll_packet_proc+0x16>
    ae88:	0b97      	tloadr	r3, [pc, #604]	; (b0e8 <blt_ll_packet_proc+0x618>)
    ae8a:	4930      	tloadrb	r0, [r6, #4]
    ae8c:	f200      	tshftls	r0, r0, #8
    ae8e:	4972      	tloadrb	r2, [r6, #5]
    ae90:	f412      	tshftls	r2, r2, #16
    ae92:	0310      	tors	r0, r2
    ae94:	48f2      	tloadrb	r2, [r6, #3]
    ae96:	0310      	tors	r0, r2
    ae98:	49b2      	tloadrb	r2, [r6, #6]
    ae9a:	f612      	tshftls	r2, r2, #24
    ae9c:	0302      	tors	r2, r0
    ae9e:	539a      	tstorer	r2, [r3, #56]	; 0x38
    aea0:	a909      	tcmp	r1, #9
    aea2:	c121      	tjne.n	aee8 <blt_ll_packet_proc+0x418>
    aea4:	489a      	tloadrb	r2, [r3, #2]
    aea6:	aa00      	tcmp	r2, #0
    aea8:	c100      	tjne.n	aeac <blt_ll_packet_proc+0x3dc>
    aeaa:	86f4      	tj.n	ac96 <blt_ll_packet_proc+0x1c6>
    aeac:	a200      	tmovs	r2, #0
    aeae:	409a      	tstorerb	r2, [r3, #2]
    aeb0:	a000      	tmovs	r0, #0
    aeb2:	97ff 9b0d 	tjl	a4d0 <bls_ll_send_read_remote_feature_event>
    aeb6:	a370      	tmovs	r3, #112	; 0x70
    aeb8:	1ceb      	tloadrb	r3, [r5, r3]
    aeba:	8614      	tj.n	aae6 <blt_ll_packet_proc+0x16>
    aebc:	0a8a      	tloadr	r2, [pc, #552]	; (b0e8 <blt_ll_packet_proc+0x618>)
    aebe:	4ad3      	tloadrb	r3, [r2, #11]
    aec0:	ab00      	tcmp	r3, #0
    aec2:	c035      	tjeq.n	af30 <blt_ll_packet_proc+0x460>
    aec4:	a300      	tmovs	r3, #0
    aec6:	42d3      	tstorerb	r3, [r2, #11]
    aec8:	0a88      	tloadr	r2, [pc, #544]	; (b0ec <blt_ll_packet_proc+0x61c>)
    aeca:	5812      	tloadr	r2, [r2, #0]
    aecc:	b603      	tadds	r6, #3
    aece:	f510      	tshftls	r0, r2, #20
    aed0:	c500      	tjpl.n	aed4 <blt_ll_packet_proc+0x404>
    aed2:	80f6      	tj.n	b0c2 <blt_ll_packet_proc+0x5f2>
    aed4:	0b86      	tloadr	r3, [pc, #536]	; (b0f0 <blt_ll_packet_proc+0x620>)
    aed6:	581b      	tloadr	r3, [r3, #0]
    aed8:	a010      	tmovs	r0, #16
    aeda:	ec31      	tadds	r1, r6, #0
    aedc:	a205      	tmovs	r2, #5
    aede:	9000 9925 	tjl	b12c <blt_ll_packet_proc+0x65c>
    aee2:	a370      	tmovs	r3, #112	; 0x70
    aee4:	1ceb      	tloadrb	r3, [r5, r3]
    aee6:	85fe      	tj.n	aae6 <blt_ll_packet_proc+0x16>
    aee8:	0669      	tmov	r1, sp
    aeea:	0b82      	tloadr	r3, [pc, #520]	; (b0f4 <blt_ll_packet_proc+0x624>)
    aeec:	200b      	tstorerh	r3, [r1, #0]
    aeee:	0b82      	tloadr	r3, [pc, #520]	; (b0f8 <blt_ll_packet_proc+0x628>)
    aef0:	581a      	tloadr	r2, [r3, #0]
    aef2:	f210      	tshftls	r0, r2, #8
    aef4:	a309      	tmovs	r3, #9
    aef6:	0303      	tors	r3, r0
    aef8:	204b      	tstorerh	r3, [r1, #2]
    aefa:	fc14      	tshftrs	r4, r2, #16
    aefc:	f224      	tshftls	r4, r4, #8
    aefe:	fa13      	tshftrs	r3, r2, #8
    af00:	a0ff      	tmovs	r0, #255	; 0xff
    af02:	0003      	tands	r3, r0
    af04:	0323      	tors	r3, r4
    af06:	208b      	tstorerh	r3, [r1, #4]
    af08:	0b7c      	tloadr	r3, [pc, #496]	; (b0fc <blt_ll_packet_proc+0x62c>)
    af0a:	581b      	tloadr	r3, [r3, #0]
    af0c:	f21c      	tshftls	r4, r3, #8
    af0e:	fe12      	tshftrs	r2, r2, #24
    af10:	0322      	tors	r2, r4
    af12:	20ca      	tstorerh	r2, [r1, #6]
    af14:	fc1a      	tshftrs	r2, r3, #16
    af16:	f212      	tshftls	r2, r2, #8
    af18:	fa1c      	tshftrs	r4, r3, #8
    af1a:	0020      	tands	r0, r4
    af1c:	0310      	tors	r0, r2
    af1e:	2108      	tstorerh	r0, [r1, #8]
    af20:	fe1b      	tshftrs	r3, r3, #24
    af22:	214b      	tstorerh	r3, [r1, #10]
    af24:	0876      	tloadr	r0, [pc, #472]	; (b100 <blt_ll_packet_proc+0x630>)
    af26:	97ff 99a3 	tjl	a270 <bls_ll_pushTxFifo>
    af2a:	a370      	tmovs	r3, #112	; 0x70
    af2c:	1ceb      	tloadrb	r3, [r5, r3]
    af2e:	85da      	tj.n	aae6 <blt_ll_packet_proc+0x16>
    af30:	0c74      	tloadr	r4, [pc, #464]	; (b104 <blt_ll_packet_proc+0x634>)
    af32:	4823      	tloadrb	r3, [r4, #0]
    af34:	b603      	tadds	r6, #3
    af36:	ab00      	tcmp	r3, #0
    af38:	c1cc      	tjne.n	aed4 <blt_ll_packet_proc+0x404>
    af3a:	0669      	tmov	r1, sp
    af3c:	0b72      	tloadr	r3, [pc, #456]	; (b108 <blt_ll_packet_proc+0x638>)
    af3e:	200b      	tstorerh	r3, [r1, #0]
    af40:	0b72      	tloadr	r3, [pc, #456]	; (b10c <blt_ll_packet_proc+0x63c>)
    af42:	204b      	tstorerh	r3, [r1, #2]
    af44:	0b72      	tloadr	r3, [pc, #456]	; (b110 <blt_ll_packet_proc+0x640>)
    af46:	208b      	tstorerh	r3, [r1, #4]
    af48:	0b72      	tloadr	r3, [pc, #456]	; (b114 <blt_ll_packet_proc+0x644>)
    af4a:	20cb      	tstorerh	r3, [r1, #6]
    af4c:	086c      	tloadr	r0, [pc, #432]	; (b100 <blt_ll_packet_proc+0x630>)
    af4e:	97ff 998f 	tjl	a270 <bls_ll_pushTxFifo>
    af52:	a301      	tmovs	r3, #1
    af54:	4023      	tstorerb	r3, [r4, #0]
    af56:	87bd      	tj.n	aed4 <blt_ll_packet_proc+0x404>
    af58:	0b63      	tloadr	r3, [pc, #396]	; (b0e8 <blt_ll_packet_proc+0x618>)
    af5a:	489a      	tloadrb	r2, [r3, #2]
    af5c:	aa00      	tcmp	r2, #0
    af5e:	c100      	tjne.n	af62 <blt_ll_packet_proc+0x492>
    af60:	8699      	tj.n	ac96 <blt_ll_packet_proc+0x1c6>
    af62:	a200      	tmovs	r2, #0
    af64:	409a      	tstorerb	r2, [r3, #2]
    af66:	539a      	tstorer	r2, [r3, #56]	; 0x38
    af68:	a01a      	tmovs	r0, #26
    af6a:	97ff 9ab1 	tjl	a4d0 <bls_ll_send_read_remote_feature_event>
    af6e:	a370      	tmovs	r3, #112	; 0x70
    af70:	1ceb      	tloadrb	r3, [r5, r3]
    af72:	85b8      	tj.n	aae6 <blt_ll_packet_proc+0x16>
    af74:	7904      	tadd	r1, sp, #16
    af76:	400b      	tstorerb	r3, [r1, #0]
    af78:	0b5b      	tloadr	r3, [pc, #364]	; (b0e8 <blt_ll_packet_proc+0x618>)
    af7a:	4c9a      	tloadrb	r2, [r3, #18]
    af7c:	404a      	tstorerb	r2, [r1, #1]
    af7e:	4cdb      	tloadrb	r3, [r3, #19]
    af80:	408b      	tstorerb	r3, [r1, #2]
    af82:	a301      	tmovs	r3, #1
    af84:	40cb      	tstorerb	r3, [r1, #3]
    af86:	0864      	tloadr	r0, [pc, #400]	; (b118 <blt_ll_packet_proc+0x648>)
    af88:	a204      	tmovs	r2, #4
    af8a:	9000 9bc9 	tjl	b720 <blc_hci_send_event>
    af8e:	a370      	tmovs	r3, #112	; 0x70
    af90:	1ceb      	tloadrb	r3, [r5, r3]
    af92:	85a8      	tj.n	aae6 <blt_ll_packet_proc+0x16>
    af94:	0669      	tmov	r1, sp
    af96:	0b61      	tloadr	r3, [pc, #388]	; (b11c <blt_ll_packet_proc+0x64c>)
    af98:	200b      	tstorerh	r3, [r1, #0]
    af9a:	a313      	tmovs	r3, #19
    af9c:	204b      	tstorerh	r3, [r1, #2]
    af9e:	0858      	tloadr	r0, [pc, #352]	; (b100 <blt_ll_packet_proc+0x630>)
    afa0:	97ff 9966 	tjl	a270 <bls_ll_pushTxFifo>
    afa4:	a370      	tmovs	r3, #112	; 0x70
    afa6:	1ceb      	tloadrb	r3, [r5, r3]
    afa8:	859d      	tj.n	aae6 <blt_ll_packet_proc+0x16>
    afaa:	aa00      	tcmp	r2, #0
    afac:	c000      	tjeq.n	afb0 <blt_ll_packet_proc+0x4e0>
    afae:	8603      	tj.n	abb8 <blt_ll_packet_proc+0xe8>
    afb0:	0853      	tloadr	r0, [pc, #332]	; (b100 <blt_ll_packet_proc+0x630>)
    afb2:	97fe 9ff1 	tjl	9f98 <blt_ll_unknown_rsp>
    afb6:	a370      	tmovs	r3, #112	; 0x70
    afb8:	1ceb      	tloadrb	r3, [r5, r3]
    afba:	8594      	tj.n	aae6 <blt_ll_packet_proc+0x16>
    afbc:	4930      	tloadrb	r0, [r6, #4]
    afbe:	f200      	tshftls	r0, r0, #8
    afc0:	48f3      	tloadrb	r3, [r6, #3]
    afc2:	0318      	tors	r0, r3
    afc4:	4a32      	tloadrb	r2, [r6, #8]
    afc6:	f212      	tshftls	r2, r2, #8
    afc8:	49f3      	tloadrb	r3, [r6, #7]
    afca:	031a      	tors	r2, r3
    afcc:	ec03      	tadds	r3, r0, #0
    afce:	bb1b      	tsubs	r3, #27
    afd0:	f41b      	tshftls	r3, r3, #16
    afd2:	fc1b      	tshftrs	r3, r3, #16
    afd4:	a4e0      	tmovs	r4, #224	; 0xe0
    afd6:	029c      	tcmp	r4, r3
    afd8:	019b      	tsubcs	r3, r3
    afda:	025b      	tnegs	r3, r3
    afdc:	ab00      	tcmp	r3, #0
    afde:	c000      	tjeq.n	afe2 <blt_ll_packet_proc+0x512>
    afe0:	8692      	tj.n	ad08 <blt_ll_packet_proc+0x238>
    afe2:	aa1a      	tcmp	r2, #26
    afe4:	c800      	tjhi.n	afe8 <blt_ll_packet_proc+0x518>
    afe6:	868f      	tj.n	ad08 <blt_ll_packet_proc+0x238>
    afe8:	aafb      	tcmp	r2, #251	; 0xfb
    afea:	c900      	tjls.n	afee <blt_ll_packet_proc+0x51e>
    afec:	868c      	tj.n	ad08 <blt_ll_packet_proc+0x238>
    afee:	0c4c      	tloadr	r4, [pc, #304]	; (b120 <blt_ll_packet_proc+0x650>)
    aff0:	2120      	tstorerh	r0, [r4, #8]
    aff2:	2162      	tstorerh	r2, [r4, #10]
    aff4:	29a6      	tloadrh	r6, [r4, #12]
    aff6:	29e3      	tloadrh	r3, [r4, #14]
    aff8:	a915      	tcmp	r1, #21
    affa:	c055      	tjeq.n	b0a8 <blt_ll_packet_proc+0x5d8>
    affc:	ec17      	tadds	r7, r2, #0
    affe:	02b2      	tcmp	r2, r6
    b000:	c900      	tjls.n	b004 <blt_ll_packet_proc+0x534>
    b002:	ec37      	tadds	r7, r6, #0
    b004:	f43f      	tshftls	r7, r7, #16
    b006:	fc3f      	tshftrs	r7, r7, #16
    b008:	ec02      	tadds	r2, r0, #0
    b00a:	0298      	tcmp	r0, r3
    b00c:	c900      	tjls.n	b010 <blt_ll_packet_proc+0x540>
    b00e:	ec1a      	tadds	r2, r3, #0
    b010:	f412      	tshftls	r2, r2, #16
    b012:	fc12      	tshftrs	r2, r2, #16
    b014:	2820      	tloadrh	r0, [r4, #0]
    b016:	a601      	tmovs	r6, #1
    b018:	02b8      	tcmp	r0, r7
    b01a:	c103      	tjne.n	b024 <blt_ll_packet_proc+0x554>
    b01c:	2866      	tloadrh	r6, [r4, #2]
    b01e:	eab6      	tsubs	r6, r6, r2
    b020:	ee70      	tsubs	r0, r6, #1
    b022:	0186      	tsubcs	r6, r0
    b024:	2027      	tstorerh	r7, [r4, #0]
    b026:	af64      	tcmp	r7, #100	; 0x64
    b028:	c901      	tjls.n	b02e <blt_ll_packet_proc+0x55e>
    b02a:	bf64      	tsubs	r7, #100	; 0x64
    b02c:	44a7      	tstorerb	r7, [r4, #18]
    b02e:	2062      	tstorerh	r2, [r4, #2]
    b030:	aa64      	tcmp	r2, #100	; 0x64
    b032:	c901      	tjls.n	b038 <blt_ll_packet_proc+0x568>
    b034:	ba64      	tsubs	r2, #100	; 0x64
    b036:	44e2      	tstorerb	r2, [r4, #19]
    b038:	a914      	tcmp	r1, #20
    b03a:	c103      	tjne.n	b044 <blt_ll_packet_proc+0x574>
    b03c:	a015      	tmovs	r0, #21
    b03e:	ec19      	tadds	r1, r3, #0
    b040:	97fe 9a0a 	tjl	9458 <blt_ll_exchangeDataLength>
    b044:	a302      	tmovs	r3, #2
    b046:	4463      	tstorerb	r3, [r4, #17]
    b048:	ae00      	tcmp	r6, #0
    b04a:	c023      	tjeq.n	b094 <blt_ll_packet_proc+0x5c4>
    b04c:	0b35      	tloadr	r3, [pc, #212]	; (b124 <blt_ll_packet_proc+0x654>)
    b04e:	581b      	tloadr	r3, [r3, #0]
    b050:	f659      	tshftls	r1, r3, #25
    b052:	c51f      	tjpl.n	b094 <blt_ll_packet_proc+0x5c4>
    b054:	7904      	tadd	r1, sp, #16
    b056:	a307      	tmovs	r3, #7
    b058:	400b      	tstorerb	r3, [r1, #0]
    b05a:	0b23      	tloadr	r3, [pc, #140]	; (b0e8 <blt_ll_packet_proc+0x618>)
    b05c:	4c9a      	tloadrb	r2, [r3, #18]
    b05e:	404a      	tstorerb	r2, [r1, #1]
    b060:	4cdb      	tloadrb	r3, [r3, #19]
    b062:	408b      	tstorerb	r3, [r1, #2]
    b064:	2863      	tloadrh	r3, [r4, #2]
    b066:	40cb      	tstorerb	r3, [r1, #3]
    b068:	fa1a      	tshftrs	r2, r3, #8
    b06a:	410a      	tstorerb	r2, [r1, #4]
    b06c:	b30e      	tadds	r3, #14
    b06e:	f4db      	tshftls	r3, r3, #19
    b070:	fc1a      	tshftrs	r2, r3, #16
    b072:	414a      	tstorerb	r2, [r1, #5]
    b074:	fe1b      	tshftrs	r3, r3, #24
    b076:	418b      	tstorerb	r3, [r1, #6]
    b078:	2823      	tloadrh	r3, [r4, #0]
    b07a:	41cb      	tstorerb	r3, [r1, #7]
    b07c:	fa1a      	tshftrs	r2, r3, #8
    b07e:	420a      	tstorerb	r2, [r1, #8]
    b080:	b30e      	tadds	r3, #14
    b082:	f4db      	tshftls	r3, r3, #19
    b084:	fc1a      	tshftrs	r2, r3, #16
    b086:	424a      	tstorerb	r2, [r1, #9]
    b088:	fe1b      	tshftrs	r3, r3, #24
    b08a:	428b      	tstorerb	r3, [r1, #10]
    b08c:	0815      	tloadr	r0, [pc, #84]	; (b0e4 <blt_ll_packet_proc+0x614>)
    b08e:	a20b      	tmovs	r2, #11
    b090:	9000 9b46 	tjl	b720 <blc_hci_send_event>
    b094:	0b16      	tloadr	r3, [pc, #88]	; (b0f0 <blt_ll_packet_proc+0x620>)
    b096:	581b      	tloadr	r3, [r3, #0]
    b098:	a008      	tmovs	r0, #8
    b09a:	ec21      	tadds	r1, r4, #0
    b09c:	a20c      	tmovs	r2, #12
    b09e:	9000 9845 	tjl	b12c <blt_ll_packet_proc+0x65c>
    b0a2:	a370      	tmovs	r3, #112	; 0x70
    b0a4:	1ceb      	tloadrb	r3, [r5, r3]
    b0a6:	851e      	tj.n	aae6 <blt_ll_packet_proc+0x16>
    b0a8:	28a6      	tloadrh	r6, [r4, #4]
    b0aa:	ec17      	tadds	r7, r2, #0
    b0ac:	02b2      	tcmp	r2, r6
    b0ae:	c900      	tjls.n	b0b2 <blt_ll_packet_proc+0x5e2>
    b0b0:	ec37      	tadds	r7, r6, #0
    b0b2:	f43f      	tshftls	r7, r7, #16
    b0b4:	fc3f      	tshftrs	r7, r7, #16
    b0b6:	28e6      	tloadrh	r6, [r4, #6]
    b0b8:	ec02      	tadds	r2, r0, #0
    b0ba:	02b0      	tcmp	r0, r6
    b0bc:	c9a8      	tjls.n	b010 <blt_ll_packet_proc+0x540>
    b0be:	ec32      	tadds	r2, r6, #0
    b0c0:	87a6      	tj.n	b010 <blt_ll_packet_proc+0x540>
    b0c2:	7c04      	tadd	r4, sp, #16
    b0c4:	4023      	tstorerb	r3, [r4, #0]
    b0c6:	a280      	tmovs	r2, #128	; 0x80
    b0c8:	4062      	tstorerb	r2, [r4, #1]
    b0ca:	40a3      	tstorerb	r3, [r4, #2]
    b0cc:	0668      	tmov	r0, sp
    b0ce:	b013      	tadds	r0, #19
    b0d0:	ec31      	tadds	r1, r6, #0
    b0d2:	a205      	tmovs	r2, #5
    b0d4:	97fd 9c38 	tjl	8948 <memcpy>
    b0d8:	0813      	tloadr	r0, [pc, #76]	; (b128 <blt_ll_packet_proc+0x658>)
    b0da:	ec21      	tadds	r1, r4, #0
    b0dc:	a208      	tmovs	r2, #8
    b0de:	9000 9b1f 	tjl	b720 <blc_hci_send_event>
    b0e2:	86f7      	tj.n	aed4 <blt_ll_packet_proc+0x404>
    b0e4:	0200003e 	tandeq	r0, r0, #62	; 0x3e
    b0e8:	00843400 	taddeq	r3, r4, r0, lsl #8
    b0ec:	008435c4 	taddeq	r3, r4, r4, asr #11
    b0f0:	00843238 	taddeq	r3, r4, r8, lsr r2
    b0f4:	00000903 	tandeq	r0, r0, r3, lsl #18
    b0f8:	00843230 	taddeq	r3, r4, r0, lsr r2
    b0fc:	00843234 	taddeq	r3, r4, r4, lsr r2
    b100:	00008040 	tandeq	r8, r0, r0, asr #32
    b104:	0084335c 	taddeq	r3, r4, ip, asr r3
    b108:	00000603 	tandeq	r0, r0, r3, lsl #12
    b10c:	0000090c 	tandeq	r0, r0, ip, lsl #18
    b110:	00000211 	tandeq	r0, r0, r1, lsl r2
    b114:	00001c1c 	tandeq	r1, r0, ip, lsl ip
    b118:	02000008 	tandeq	r0, r0, #8
    b11c:	00000103 	tandeq	r0, r0, r3, lsl #2
    b120:	0084321c 	taddeq	r3, r4, ip, lsl r2
    b124:	008435c8 	taddeq	r3, r4, r8, asr #11
    b128:	0200000c 	tandeq	r0, r0, #12
    b12c:	0718      	tjex	r3
    b12e:	46c0      	tnop			; (mov r8, r8)

0000b130 <blt_slave_main_loop_data>:
blt_slave_main_loop_data():
    b130:	6500      	tpush	{lr}
    b132:	a32f      	tmovs	r3, #47	; 0x2f
    b134:	0a03      	tloadr	r2, [pc, #12]	; (b144 <blt_slave_main_loop_data+0x14>)
    b136:	1cd3      	tloadrb	r3, [r2, r3]
    b138:	ab00      	tcmp	r3, #0
    b13a:	c101      	tjne.n	b140 <blt_slave_main_loop_data+0x10>
    b13c:	97ff 9cc8 	tjl	aad0 <blt_ll_packet_proc>
    b140:	a000      	tmovs	r0, #0
    b142:	6d00      	tpop	{pc}
    b144:	00843480 	taddeq	r3, r4, r0, lsl #9

0000b148 <blc_hci_ltkRequestReply>:
blc_hci_ltkRequestReply():
    b148:	6530      	tpush	{r4, r5, lr}
    b14a:	f400      	tshftls	r0, r0, #16
    b14c:	fc00      	tshftrs	r0, r0, #16
    b14e:	0b0a      	tloadr	r3, [pc, #40]	; (b178 <blc_hci_ltkRequestReply+0x30>)
    b150:	2a5b      	tloadrh	r3, [r3, #18]
    b152:	a402      	tmovs	r4, #2
    b154:	0283      	tcmp	r3, r0
    b156:	c001      	tjeq.n	b15c <blc_hci_ltkRequestReply+0x14>
    b158:	ec20      	tadds	r0, r4, #0
    b15a:	6d30      	tpop	{r4, r5, pc}
    b15c:	0a07      	tloadr	r2, [pc, #28]	; (b17c <blc_hci_ltkRequestReply+0x34>)
    b15e:	0293      	tcmp	r3, r2
    b160:	c0fa      	tjeq.n	b158 <blc_hci_ltkRequestReply+0x10>
    b162:	0d07      	tloadr	r5, [pc, #28]	; (b180 <blc_hci_ltkRequestReply+0x38>)
    b164:	ec28      	tadds	r0, r5, #0
    b166:	b054      	tadds	r0, #84	; 0x54
    b168:	a210      	tmovs	r2, #16
    b16a:	97f7 9d59 	tjl	2c20 <smemcpy>
    b16e:	a32d      	tmovs	r3, #45	; 0x2d
    b170:	14ec      	tstorerb	r4, [r5, r3]
    b172:	a400      	tmovs	r4, #0
    b174:	87f0      	tj.n	b158 <blc_hci_ltkRequestReply+0x10>
    b176:	46c0      	tnop			; (mov r8, r8)
    b178:	00843400 	taddeq	r3, r4, r0, lsl #8
    b17c:	0000ffff 	undefined instruction 0x0000ffff
    b180:	00843480 	taddeq	r3, r4, r0, lsl #9

0000b184 <blc_hci_ltkRequestNegativeReply>:
blc_hci_ltkRequestNegativeReply():
    b184:	f402      	tshftls	r2, r0, #16
    b186:	fc12      	tshftrs	r2, r2, #16
    b188:	0b07      	tloadr	r3, [pc, #28]	; (b1a8 <blc_hci_ltkRequestNegativeReply+0x24>)
    b18a:	2a5b      	tloadrh	r3, [r3, #18]
    b18c:	a002      	tmovs	r0, #2
    b18e:	0293      	tcmp	r3, r2
    b190:	c000      	tjeq.n	b194 <blc_hci_ltkRequestNegativeReply+0x10>
    b192:	0770      	tjex	lr
    b194:	0a05      	tloadr	r2, [pc, #20]	; (b1ac <blc_hci_ltkRequestNegativeReply+0x28>)
    b196:	0293      	tcmp	r3, r2
    b198:	c0fb      	tjeq.n	b192 <blc_hci_ltkRequestNegativeReply+0xe>
    b19a:	a109      	tmovs	r1, #9
    b19c:	a32d      	tmovs	r3, #45	; 0x2d
    b19e:	0a04      	tloadr	r2, [pc, #16]	; (b1b0 <blc_hci_ltkRequestNegativeReply+0x2c>)
    b1a0:	14d1      	tstorerb	r1, [r2, r3]
    b1a2:	a000      	tmovs	r0, #0
    b1a4:	87f5      	tj.n	b192 <blc_hci_ltkRequestNegativeReply+0xe>
    b1a6:	46c0      	tnop			; (mov r8, r8)
    b1a8:	00843400 	taddeq	r3, r4, r0, lsl #8
    b1ac:	0000ffff 	undefined instruction 0x0000ffff
    b1b0:	00843480 	taddeq	r3, r4, r0, lsl #9

0000b1b4 <bls_ll_procUpdateReq>:
bls_ll_procUpdateReq():
    b1b4:	6530      	tpush	{r4, r5, lr}
    b1b6:	0c0c      	tloadr	r4, [pc, #48]	; (b1e8 <bls_ll_procUpdateReq+0x34>)
    b1b8:	ec25      	tadds	r5, r4, #0
    b1ba:	b530      	tadds	r5, #48	; 0x30
    b1bc:	ed01      	tadds	r1, r0, #4
    b1be:	ec28      	tadds	r0, r5, #0
    b1c0:	a218      	tmovs	r2, #24
    b1c2:	97f7 9d2d 	tjl	2c20 <smemcpy>
    b1c6:	a32e      	tmovs	r3, #46	; 0x2e
    b1c8:	1ce3      	tloadrb	r3, [r4, r3]
    b1ca:	ab00      	tcmp	r3, #0
    b1cc:	c007      	tjeq.n	b1de <bls_ll_procUpdateReq+0x2a>
    b1ce:	0b07      	tloadr	r3, [pc, #28]	; (b1ec <bls_ll_procUpdateReq+0x38>)
    b1d0:	5d1a      	tloadr	r2, [r3, #80]	; 0x50
    b1d2:	555a      	tstorer	r2, [r3, #84]	; 0x54
    b1d4:	a201      	tmovs	r2, #1
    b1d6:	561a      	tstorer	r2, [r3, #96]	; 0x60
    b1d8:	0b05      	tloadr	r3, [pc, #20]	; (b1f0 <bls_ll_procUpdateReq+0x3c>)
    b1da:	419a      	tstorerb	r2, [r3, #6]
    b1dc:	6d30      	tpop	{r4, r5, pc}
    b1de:	ec28      	tadds	r0, r5, #0
    b1e0:	97fe 9f82 	tjl	a0e8 <blt_ll_channel_conn_update>
    b1e4:	87fa      	tj.n	b1dc <bls_ll_procUpdateReq+0x28>
    b1e6:	46c0      	tnop			; (mov r8, r8)
    b1e8:	00843480 	taddeq	r3, r4, r0, lsl #9
    b1ec:	00843400 	taddeq	r3, r4, r0, lsl #8
    b1f0:	00843180 	taddeq	r3, r4, r0, lsl #3

0000b1f4 <bls_procPendingEvent>:
bls_procPendingEvent():
    b1f4:	6530      	tpush	{r4, r5, lr}
    b1f6:	6083      	tsub	sp, #12
    b1f8:	0c45      	tloadr	r4, [pc, #276]	; (b310 <bls_procPendingEvent+0x11c>)
    b1fa:	5823      	tloadr	r3, [r4, #0]
    b1fc:	a210      	tmovs	r2, #16
    b1fe:	021a      	tnand	r2, r3
    b200:	c01e      	tjeq.n	b240 <bls_procPendingEvent+0x4c>
    b202:	0393      	tbclrs	r3, r2
    b204:	5023      	tstorer	r3, [r4, #0]
    b206:	a300      	tmovs	r3, #0
    b208:	0a42      	tloadr	r2, [pc, #264]	; (b314 <bls_procPendingEvent+0x120>)
    b20a:	4453      	tstorerb	r3, [r2, #17]
    b20c:	0a42      	tloadr	r2, [pc, #264]	; (b318 <bls_procPendingEvent+0x124>)
    b20e:	4013      	tstorerb	r3, [r2, #0]
    b210:	0d42      	tloadr	r5, [pc, #264]	; (b31c <bls_procPendingEvent+0x128>)
    b212:	42eb      	tstorerb	r3, [r5, #11]
    b214:	0b42      	tloadr	r3, [pc, #264]	; (b320 <bls_procPendingEvent+0x12c>)
    b216:	581b      	tloadr	r3, [r3, #0]
    b218:	ab00      	tcmp	r3, #0
    b21a:	c004      	tjeq.n	b226 <bls_procPendingEvent+0x32>
    b21c:	ec29      	tadds	r1, r5, #0
    b21e:	b10d      	tadds	r1, #13
    b220:	a040      	tmovs	r0, #64	; 0x40
    b222:	9000 9895 	tjl	b350 <bls_procPendingEvent+0x15c>
    b226:	ec29      	tadds	r1, r5, #0
    b228:	b10d      	tadds	r1, #13
    b22a:	0b3e      	tloadr	r3, [pc, #248]	; (b324 <bls_procPendingEvent+0x130>)
    b22c:	581b      	tloadr	r3, [r3, #0]
    b22e:	a004      	tmovs	r0, #4
    b230:	a201      	tmovs	r2, #1
    b232:	9000 988d 	tjl	b350 <bls_procPendingEvent+0x15c>
    b236:	0b3c      	tloadr	r3, [pc, #240]	; (b328 <bls_procPendingEvent+0x134>)
    b238:	581b      	tloadr	r3, [r3, #0]
    b23a:	f6da      	tshftls	r2, r3, #27
    b23c:	c45a      	tjmi.n	b2f4 <bls_procPendingEvent+0x100>
    b23e:	5823      	tloadr	r3, [r4, #0]
    b240:	f55a      	tshftls	r2, r3, #21
    b242:	c431      	tjmi.n	b2a8 <bls_procPendingEvent+0xb4>
    b244:	f51a      	tshftls	r2, r3, #20
    b246:	c43c      	tjmi.n	b2c2 <bls_procPendingEvent+0xce>
    b248:	f4da      	tshftls	r2, r3, #19
    b24a:	c447      	tjmi.n	b2dc <bls_procPendingEvent+0xe8>
    b24c:	f49a      	tshftls	r2, r3, #18
    b24e:	c401      	tjmi.n	b254 <bls_procPendingEvent+0x60>
    b250:	6003      	tadd	sp, #12
    b252:	6d30      	tpop	{r4, r5, pc}
    b254:	0a35      	tloadr	r2, [pc, #212]	; (b32c <bls_procPendingEvent+0x138>)
    b256:	0013      	tands	r3, r2
    b258:	5023      	tstorer	r3, [r4, #0]
    b25a:	0c30      	tloadr	r4, [pc, #192]	; (b31c <bls_procPendingEvent+0x128>)
    b25c:	ec21      	tadds	r1, r4, #0
    b25e:	b116      	tadds	r1, #22
    b260:	0b30      	tloadr	r3, [pc, #192]	; (b324 <bls_procPendingEvent+0x130>)
    b262:	581b      	tloadr	r3, [r3, #0]
    b264:	a00d      	tmovs	r0, #13
    b266:	a206      	tmovs	r2, #6
    b268:	9000 9872 	tjl	b350 <bls_procPendingEvent+0x15c>
    b26c:	0b30      	tloadr	r3, [pc, #192]	; (b330 <bls_procPendingEvent+0x13c>)
    b26e:	581b      	tloadr	r3, [r3, #0]
    b270:	f75a      	tshftls	r2, r3, #29
    b272:	c5ed      	tjpl.n	b250 <bls_procPendingEvent+0x5c>
    b274:	0669      	tmov	r1, sp
    b276:	a303      	tmovs	r3, #3
    b278:	400b      	tstorerb	r3, [r1, #0]
    b27a:	a300      	tmovs	r3, #0
    b27c:	404b      	tstorerb	r3, [r1, #1]
    b27e:	4ca3      	tloadrb	r3, [r4, #18]
    b280:	408b      	tstorerb	r3, [r1, #2]
    b282:	4ce3      	tloadrb	r3, [r4, #19]
    b284:	40cb      	tstorerb	r3, [r1, #3]
    b286:	4da3      	tloadrb	r3, [r4, #22]
    b288:	410b      	tstorerb	r3, [r1, #4]
    b28a:	4de3      	tloadrb	r3, [r4, #23]
    b28c:	414b      	tstorerb	r3, [r1, #5]
    b28e:	4e23      	tloadrb	r3, [r4, #24]
    b290:	418b      	tstorerb	r3, [r1, #6]
    b292:	4e63      	tloadrb	r3, [r4, #25]
    b294:	41cb      	tstorerb	r3, [r1, #7]
    b296:	4ea3      	tloadrb	r3, [r4, #26]
    b298:	420b      	tstorerb	r3, [r1, #8]
    b29a:	4ee3      	tloadrb	r3, [r4, #27]
    b29c:	424b      	tstorerb	r3, [r1, #9]
    b29e:	0825      	tloadr	r0, [pc, #148]	; (b334 <bls_procPendingEvent+0x140>)
    b2a0:	a20a      	tmovs	r2, #10
    b2a2:	9000 9a3d 	tjl	b720 <blc_hci_send_event>
    b2a6:	87d3      	tj.n	b250 <bls_procPendingEvent+0x5c>
    b2a8:	0b1e      	tloadr	r3, [pc, #120]	; (b324 <bls_procPendingEvent+0x130>)
    b2aa:	581b      	tloadr	r3, [r3, #0]
    b2ac:	a00a      	tmovs	r0, #10
    b2ae:	0922      	tloadr	r1, [pc, #136]	; (b338 <bls_procPendingEvent+0x144>)
    b2b0:	a205      	tmovs	r2, #5
    b2b2:	9000 984d 	tjl	b350 <bls_procPendingEvent+0x15c>
    b2b6:	5822      	tloadr	r2, [r4, #0]
    b2b8:	0b20      	tloadr	r3, [pc, #128]	; (b33c <bls_procPendingEvent+0x148>)
    b2ba:	0013      	tands	r3, r2
    b2bc:	5023      	tstorer	r3, [r4, #0]
    b2be:	f51a      	tshftls	r2, r3, #20
    b2c0:	c5c2      	tjpl.n	b248 <bls_procPendingEvent+0x54>
    b2c2:	0a1f      	tloadr	r2, [pc, #124]	; (b340 <bls_procPendingEvent+0x14c>)
    b2c4:	0013      	tands	r3, r2
    b2c6:	5023      	tstorer	r3, [r4, #0]
    b2c8:	0b16      	tloadr	r3, [pc, #88]	; (b324 <bls_procPendingEvent+0x130>)
    b2ca:	581b      	tloadr	r3, [r3, #0]
    b2cc:	a00b      	tmovs	r0, #11
    b2ce:	091d      	tloadr	r1, [pc, #116]	; (b344 <bls_procPendingEvent+0x150>)
    b2d0:	a20b      	tmovs	r2, #11
    b2d2:	9000 983d 	tjl	b350 <bls_procPendingEvent+0x15c>
    b2d6:	5823      	tloadr	r3, [r4, #0]
    b2d8:	f4da      	tshftls	r2, r3, #19
    b2da:	c5b7      	tjpl.n	b24c <bls_procPendingEvent+0x58>
    b2dc:	0a1a      	tloadr	r2, [pc, #104]	; (b348 <bls_procPendingEvent+0x154>)
    b2de:	0013      	tands	r3, r2
    b2e0:	5023      	tstorer	r3, [r4, #0]
    b2e2:	0b10      	tloadr	r3, [pc, #64]	; (b324 <bls_procPendingEvent+0x130>)
    b2e4:	581b      	tloadr	r3, [r3, #0]
    b2e6:	a00c      	tmovs	r0, #12
    b2e8:	0913      	tloadr	r1, [pc, #76]	; (b338 <bls_procPendingEvent+0x144>)
    b2ea:	a205      	tmovs	r2, #5
    b2ec:	9000 9830 	tjl	b350 <bls_procPendingEvent+0x15c>
    b2f0:	5823      	tloadr	r3, [r4, #0]
    b2f2:	87ab      	tj.n	b24c <bls_procPendingEvent+0x58>
    b2f4:	0669      	tmov	r1, sp
    b2f6:	a300      	tmovs	r3, #0
    b2f8:	400b      	tstorerb	r3, [r1, #0]
    b2fa:	a240      	tmovs	r2, #64	; 0x40
    b2fc:	404a      	tstorerb	r2, [r1, #1]
    b2fe:	408b      	tstorerb	r3, [r1, #2]
    b300:	4b6b      	tloadrb	r3, [r5, #13]
    b302:	40cb      	tstorerb	r3, [r1, #3]
    b304:	0811      	tloadr	r0, [pc, #68]	; (b34c <bls_procPendingEvent+0x158>)
    b306:	a204      	tmovs	r2, #4
    b308:	9000 9a0a 	tjl	b720 <blc_hci_send_event>
    b30c:	8797      	tj.n	b23e <bls_procPendingEvent+0x4a>
    b30e:	46c0      	tnop			; (mov r8, r8)
    b310:	0084320c 	taddeq	r3, r4, ip, lsl #4
    b314:	00843180 	taddeq	r3, r4, r0, lsl #3
    b318:	0084335c 	taddeq	r3, r4, ip, asr r3
    b31c:	00843400 	taddeq	r3, r4, r0, lsl #8
    b320:	00843208 	taddeq	r3, r4, r8, lsl #4
    b324:	00843238 	taddeq	r3, r4, r8, lsr r2
    b328:	008435c4 	taddeq	r3, r4, r4, asr #11
    b32c:	ffffdfff 	undefined instruction 0xffffdfff
    b330:	008435c8 	taddeq	r3, r4, r8, asr #11
    b334:	0200003e 	tandeq	r0, r0, #62	; 0x3e
    b338:	0084336e 	taddeq	r3, r4, lr, ror #6
    b33c:	fffffbff 	undefined instruction 0xfffffbff
    b340:	fffff7ff 	undefined instruction 0xfffff7ff
    b344:	008432bb 	undefined instruction 0x008432bb
    b348:	ffffefff 	undefined instruction 0xffffefff
    b34c:	02000005 	tandeq	r0, r0, #5
    b350:	0718      	tjex	r3
    b352:	46c0      	tnop			; (mov r8, r8)

0000b354 <blt_slave_main_loop_post>:
blt_slave_main_loop_post():
    b354:	6500      	tpush	{lr}
    b356:	0b10      	tloadr	r3, [pc, #64]	; (b398 <blt_slave_main_loop_post+0x44>)
    b358:	4c5a      	tloadrb	r2, [r3, #17]
    b35a:	aa01      	tcmp	r2, #1
    b35c:	c007      	tjeq.n	b36e <blt_slave_main_loop_post+0x1a>
    b35e:	0b0f      	tloadr	r3, [pc, #60]	; (b39c <blt_slave_main_loop_post+0x48>)
    b360:	581b      	tloadr	r3, [r3, #0]
    b362:	ab00      	tcmp	r3, #0
    b364:	c001      	tjeq.n	b36a <blt_slave_main_loop_post+0x16>
    b366:	97ff 9f45 	tjl	b1f4 <bls_procPendingEvent>
    b36a:	a001      	tmovs	r0, #1
    b36c:	6d00      	tpop	{pc}
    b36e:	0a0c      	tloadr	r2, [pc, #48]	; (b3a0 <blt_slave_main_loop_post+0x4c>)
    b370:	4b51      	tloadrb	r1, [r2, #13]
    b372:	a908      	tcmp	r1, #8
    b374:	c1f3      	tjne.n	b35e <blt_slave_main_loop_post+0xa>
    b376:	4c52      	tloadrb	r2, [r2, #17]
    b378:	aa00      	tcmp	r2, #0
    b37a:	c1f0      	tjne.n	b35e <blt_slave_main_loop_post+0xa>
    b37c:	0a09      	tloadr	r2, [pc, #36]	; (b3a4 <blt_slave_main_loop_post+0x50>)
    b37e:	5811      	tloadr	r1, [r2, #0]
    b380:	0a09      	tloadr	r2, [pc, #36]	; (b3a8 <blt_slave_main_loop_post+0x54>)
    b382:	5bd2      	tloadr	r2, [r2, #60]	; 0x3c
    b384:	ea89      	tsubs	r1, r1, r2
    b386:	0a09      	tloadr	r2, [pc, #36]	; (b3ac <blt_slave_main_loop_post+0x58>)
    b388:	5fd2      	tloadr	r2, [r2, #124]	; 0x7c
    b38a:	0291      	tcmp	r1, r2
    b38c:	c9e7      	tjls.n	b35e <blt_slave_main_loop_post+0xa>
    b38e:	28d9      	tloadrh	r1, [r3, #6]
    b390:	a014      	tmovs	r0, #20
    b392:	97fe 9861 	tjl	9458 <blt_ll_exchangeDataLength>
    b396:	87e2      	tj.n	b35e <blt_slave_main_loop_post+0xa>
    b398:	0084321c 	taddeq	r3, r4, ip, lsl r2
    b39c:	0084320c 	taddeq	r3, r4, ip, lsl #4
    b3a0:	00843180 	taddeq	r3, r4, r0, lsl #3
    b3a4:	00800740 	taddeq	r0, r0, r0, asr #14
    b3a8:	00843400 	taddeq	r3, r4, r0, lsl #8
    b3ac:	00843480 	taddeq	r3, r4, r0, lsl #9

0000b3b0 <blc_pm_get_brx_early_time>:
blc_pm_get_brx_early_time():
    b3b0:	0b01      	tloadr	r3, [pc, #4]	; (b3b8 <blc_pm_get_brx_early_time+0x8>)
    b3b2:	5e98      	tloadr	r0, [r3, #104]	; 0x68
    b3b4:	0770      	tjex	lr
    b3b6:	46c0      	tnop			; (mov r8, r8)
    b3b8:	00843400 	taddeq	r3, r4, r0, lsl #8

0000b3bc <blc_ll_initPowerManagement_module>:
blc_ll_initPowerManagement_module():
    b3bc:	0b07      	tloadr	r3, [pc, #28]	; (b3dc <blc_ll_initPowerManagement_module+0x20>)
    b3be:	0a08      	tloadr	r2, [pc, #32]	; (b3e0 <blc_ll_initPowerManagement_module+0x24>)
    b3c0:	501a      	tstorer	r2, [r3, #0]
    b3c2:	a201      	tmovs	r2, #1
    b3c4:	0252      	tnegs	r2, r2
    b3c6:	21da      	tstorerh	r2, [r3, #14]
    b3c8:	0a06      	tloadr	r2, [pc, #24]	; (b3e4 <blc_ll_initPowerManagement_module+0x28>)
    b3ca:	519a      	tstorer	r2, [r3, #24]
    b3cc:	515a      	tstorer	r2, [r3, #20]
    b3ce:	a2fa      	tmovs	r2, #250	; 0xfa
    b3d0:	f152      	tshftls	r2, r2, #5
    b3d2:	51da      	tstorer	r2, [r3, #28]
    b3d4:	a143      	tmovs	r1, #67	; 0x43
    b3d6:	a221      	tmovs	r2, #33	; 0x21
    b3d8:	1499      	tstorerb	r1, [r3, r2]
    b3da:	0770      	tjex	lr
    b3dc:	00843500 	taddeq	r3, r4, r0, lsl #10
    b3e0:	000025e9 	tandeq	r2, r0, r9, ror #11
    b3e4:	00186a00 	tandseq	r6, r8, r0, lsl #20

0000b3e8 <bls_pm_setSuspendMask>:
bls_pm_setSuspendMask():
    b3e8:	0b01      	tloadr	r3, [pc, #4]	; (b3f0 <bls_pm_setSuspendMask+0x8>)
    b3ea:	4118      	tstorerb	r0, [r3, #4]
    b3ec:	0770      	tjex	lr
    b3ee:	46c0      	tnop			; (mov r8, r8)
    b3f0:	00843500 	taddeq	r3, r4, r0, lsl #10

0000b3f4 <bls_pm_procGpioEarlyWakeup>:
bls_pm_procGpioEarlyWakeup():
    b3f4:	65f0      	tpush	{r4, r5, r6, r7, lr}
    b3f6:	065f      	tmov	r7, fp
    b3f8:	0656      	tmov	r6, sl
    b3fa:	064d      	tmov	r5, r9
    b3fc:	0644      	tmov	r4, r8
    b3fe:	64f0      	tpush	{r4, r5, r6, r7}
    b400:	f404      	tshftls	r4, r0, #16
    b402:	fc24      	tshftrs	r4, r4, #16
    b404:	0b2b      	tloadr	r3, [pc, #172]	; (b4b4 <bls_pm_procGpioEarlyWakeup+0xc0>)
    b406:	581b      	tloadr	r3, [r3, #0]
    b408:	a009      	tmovs	r0, #9
    b40a:	a201      	tmovs	r2, #1
    b40c:	9000 9864 	tjl	b4d8 <bls_pm_procGpioEarlyWakeup+0xe4>
    b410:	0929      	tloadr	r1, [pc, #164]	; (b4b8 <bls_pm_procGpioEarlyWakeup+0xc4>)
    b412:	0688      	tmov	r8, r1
    b414:	a332      	tmovs	r3, #50	; 0x32
    b416:	1cca      	tloadrb	r2, [r1, r3]
    b418:	b201      	tadds	r2, #1
    b41a:	14ca      	tstorerb	r2, [r1, r3]
    b41c:	0b27      	tloadr	r3, [pc, #156]	; (b4bc <bls_pm_procGpioEarlyWakeup+0xc8>)
    b41e:	4b5b      	tloadrb	r3, [r3, #13]
    b420:	ab08      	tcmp	r3, #8
    b422:	c005      	tjeq.n	b430 <bls_pm_procGpioEarlyWakeup+0x3c>
    b424:	6c3c      	tpop	{r2, r3, r4, r5}
    b426:	0690      	tmov	r8, r2
    b428:	0699      	tmov	r9, r3
    b42a:	06a2      	tmov	sl, r4
    b42c:	06ab      	tmov	fp, r5
    b42e:	6df0      	tpop	{r4, r5, r6, r7, pc}
    b430:	5b4b      	tloadr	r3, [r1, #52]	; 0x34
    b432:	0a23      	tloadr	r2, [pc, #140]	; (b4c0 <bls_pm_procGpioEarlyWakeup+0xcc>)
    b434:	5811      	tloadr	r1, [r2, #0]
    b436:	0a23      	tloadr	r2, [pc, #140]	; (b4c4 <bls_pm_procGpioEarlyWakeup+0xd0>)
    b438:	0691      	tmov	r9, r2
    b43a:	5ad0      	tloadr	r0, [r2, #44]	; 0x2c
    b43c:	0247      	tnegs	r7, r0
    b43e:	0d22      	tloadr	r5, [pc, #136]	; (b4c8 <bls_pm_procGpioEarlyWakeup+0xd4>)
    b440:	e95a      	tadds	r2, r3, r5
    b442:	ea12      	tsubs	r2, r2, r0
    b444:	ea52      	tsubs	r2, r2, r1
    b446:	0694      	tmov	ip, r2
    b448:	0e20      	tloadr	r6, [pc, #128]	; (b4cc <bls_pm_procGpioEarlyWakeup+0xd8>)
    b44a:	05b4      	tcmp	ip, r6
    b44c:	c82a      	tjhi.n	b4a4 <bls_pm_procGpioEarlyWakeup+0xb0>
    b44e:	0649      	tmov	r1, r9
    b450:	5a49      	tloadr	r1, [r1, #36]	; 0x24
    b452:	068a      	tmov	sl, r1
    b454:	0a1e      	tloadr	r2, [pc, #120]	; (b4d0 <bls_pm_procGpioEarlyWakeup+0xdc>)
    b456:	0693      	tmov	fp, r2
    b458:	4ad1      	tloadrb	r1, [r2, #11]
    b45a:	2b95      	tloadrh	r5, [r2, #28]
    b45c:	0666      	tmov	r6, ip
    b45e:	ea32      	tsubs	r2, r6, r0
    b460:	0e1a      	tloadr	r6, [pc, #104]	; (b4cc <bls_pm_procGpioEarlyWakeup+0xd8>)
    b462:	06b4      	tmov	ip, r6
    b464:	8009      	tj.n	b47a <bls_pm_procGpioEarlyWakeup+0x86>
    b466:	b901      	tsubs	r1, #1
    b468:	f609      	tshftls	r1, r1, #24
    b46a:	fe09      	tshftrs	r1, r1, #24
    b46c:	bd01      	tsubs	r5, #1
    b46e:	f42d      	tshftls	r5, r5, #16
    b470:	fc2d      	tshftrs	r5, r5, #16
    b472:	e9d2      	tadds	r2, r2, r7
    b474:	e816      	tadds	r6, r2, r0
    b476:	0566      	tcmp	r6, ip
    b478:	c80e      	tjhi.n	b498 <bls_pm_procGpioEarlyWakeup+0xa4>
    b47a:	ea1b      	tsubs	r3, r3, r0
    b47c:	ac00      	tcmp	r4, #0
    b47e:	c001      	tjeq.n	b484 <bls_pm_procGpioEarlyWakeup+0x90>
    b480:	0656      	tmov	r6, sl
    b482:	eb9b      	tsubs	r3, r3, r6
    b484:	a900      	tcmp	r1, #0
    b486:	c1ee      	tjne.n	b466 <bls_pm_procGpioEarlyWakeup+0x72>
    b488:	a124      	tmovs	r1, #36	; 0x24
    b48a:	bd01      	tsubs	r5, #1
    b48c:	f42d      	tshftls	r5, r5, #16
    b48e:	fc2d      	tshftrs	r5, r5, #16
    b490:	e9d2      	tadds	r2, r2, r7
    b492:	e816      	tadds	r6, r2, r0
    b494:	0566      	tcmp	r6, ip
    b496:	c9f0      	tjls.n	b47a <bls_pm_procGpioEarlyWakeup+0x86>
    b498:	0642      	tmov	r2, r8
    b49a:	5353      	tstorer	r3, [r2, #52]	; 0x34
    b49c:	065e      	tmov	r6, fp
    b49e:	42f1      	tstorerb	r1, [r6, #11]
    b4a0:	0659      	tmov	r1, fp
    b4a2:	238d      	tstorerh	r5, [r1, #28]
    b4a4:	0a0b      	tloadr	r2, [pc, #44]	; (b4d4 <bls_pm_procGpioEarlyWakeup+0xe0>)
    b4a6:	5013      	tstorer	r3, [r2, #0]
    b4a8:	064d      	tmov	r5, r9
    b4aa:	5c2a      	tloadr	r2, [r5, #64]	; 0x40
    b4ac:	e89b      	tadds	r3, r3, r2
    b4ae:	522b      	tstorer	r3, [r5, #32]
    b4b0:	87b8      	tj.n	b424 <bls_pm_procGpioEarlyWakeup+0x30>
    b4b2:	46c0      	tnop			; (mov r8, r8)
    b4b4:	00843238 	taddeq	r3, r4, r8, lsr r2
    b4b8:	00843500 	taddeq	r3, r4, r0, lsl #10
    b4bc:	00843180 	taddeq	r3, r4, r0, lsl #3
    b4c0:	00800740 	taddeq	r0, r0, r0, asr #14
    b4c4:	00843400 	taddeq	r3, r4, r0, lsl #8
    b4c8:	ffff2540 	undefined instruction 0xffff2540
    b4cc:	3fffffff 	tservcc	0x00ffffff
    b4d0:	00843360 	taddeq	r3, r4, r0, ror #6
    b4d4:	00800744 	taddeq	r0, r0, r4, asr #14
    b4d8:	0718      	tjex	r3
    b4da:	46c0      	tnop			; (mov r8, r8)

0000b4dc <blc_pm_procGpioPadEarlyWakeup>:
blc_pm_procGpioPadEarlyWakeup():
    b4dc:	65f0      	tpush	{r4, r5, r6, r7, lr}
    b4de:	065f      	tmov	r7, fp
    b4e0:	0656      	tmov	r6, sl
    b4e2:	064d      	tmov	r5, r9
    b4e4:	0644      	tmov	r4, r8
    b4e6:	64f0      	tpush	{r4, r5, r6, r7}
    b4e8:	f404      	tshftls	r4, r0, #16
    b4ea:	fc24      	tshftrs	r4, r4, #16
    b4ec:	0b2a      	tloadr	r3, [pc, #168]	; (b598 <blc_pm_procGpioPadEarlyWakeup+0xbc>)
    b4ee:	581b      	tloadr	r3, [r3, #0]
    b4f0:	a009      	tmovs	r0, #9
    b4f2:	a201      	tmovs	r2, #1
    b4f4:	9000 9860 	tjl	b5b8 <blc_pm_procGpioPadEarlyWakeup+0xdc>
    b4f8:	0928      	tloadr	r1, [pc, #160]	; (b59c <blc_pm_procGpioPadEarlyWakeup+0xc0>)
    b4fa:	0688      	tmov	r8, r1
    b4fc:	a332      	tmovs	r3, #50	; 0x32
    b4fe:	1cca      	tloadrb	r2, [r1, r3]
    b500:	b201      	tadds	r2, #1
    b502:	14ca      	tstorerb	r2, [r1, r3]
    b504:	0b26      	tloadr	r3, [pc, #152]	; (b5a0 <blc_pm_procGpioPadEarlyWakeup+0xc4>)
    b506:	4b5b      	tloadrb	r3, [r3, #13]
    b508:	ab08      	tcmp	r3, #8
    b50a:	c005      	tjeq.n	b518 <blc_pm_procGpioPadEarlyWakeup+0x3c>
    b50c:	6c3c      	tpop	{r2, r3, r4, r5}
    b50e:	0690      	tmov	r8, r2
    b510:	0699      	tmov	r9, r3
    b512:	06a2      	tmov	sl, r4
    b514:	06ab      	tmov	fp, r5
    b516:	6df0      	tpop	{r4, r5, r6, r7, pc}
    b518:	5b4b      	tloadr	r3, [r1, #52]	; 0x34
    b51a:	0a22      	tloadr	r2, [pc, #136]	; (b5a4 <blc_pm_procGpioPadEarlyWakeup+0xc8>)
    b51c:	5811      	tloadr	r1, [r2, #0]
    b51e:	0a22      	tloadr	r2, [pc, #136]	; (b5a8 <blc_pm_procGpioPadEarlyWakeup+0xcc>)
    b520:	0691      	tmov	r9, r2
    b522:	5ad0      	tloadr	r0, [r2, #44]	; 0x2c
    b524:	0247      	tnegs	r7, r0
    b526:	0d21      	tloadr	r5, [pc, #132]	; (b5ac <blc_pm_procGpioPadEarlyWakeup+0xd0>)
    b528:	e95a      	tadds	r2, r3, r5
    b52a:	ea12      	tsubs	r2, r2, r0
    b52c:	ea52      	tsubs	r2, r2, r1
    b52e:	0694      	tmov	ip, r2
    b530:	0e1f      	tloadr	r6, [pc, #124]	; (b5b0 <blc_pm_procGpioPadEarlyWakeup+0xd4>)
    b532:	05b4      	tcmp	ip, r6
    b534:	c82a      	tjhi.n	b58c <blc_pm_procGpioPadEarlyWakeup+0xb0>
    b536:	0649      	tmov	r1, r9
    b538:	5a49      	tloadr	r1, [r1, #36]	; 0x24
    b53a:	068a      	tmov	sl, r1
    b53c:	0a1d      	tloadr	r2, [pc, #116]	; (b5b4 <blc_pm_procGpioPadEarlyWakeup+0xd8>)
    b53e:	0693      	tmov	fp, r2
    b540:	4ad1      	tloadrb	r1, [r2, #11]
    b542:	2b95      	tloadrh	r5, [r2, #28]
    b544:	0666      	tmov	r6, ip
    b546:	ea32      	tsubs	r2, r6, r0
    b548:	0e19      	tloadr	r6, [pc, #100]	; (b5b0 <blc_pm_procGpioPadEarlyWakeup+0xd4>)
    b54a:	06b4      	tmov	ip, r6
    b54c:	8009      	tj.n	b562 <blc_pm_procGpioPadEarlyWakeup+0x86>
    b54e:	b901      	tsubs	r1, #1
    b550:	f609      	tshftls	r1, r1, #24
    b552:	fe09      	tshftrs	r1, r1, #24
    b554:	bd01      	tsubs	r5, #1
    b556:	f42d      	tshftls	r5, r5, #16
    b558:	fc2d      	tshftrs	r5, r5, #16
    b55a:	e9d2      	tadds	r2, r2, r7
    b55c:	e816      	tadds	r6, r2, r0
    b55e:	0566      	tcmp	r6, ip
    b560:	c80e      	tjhi.n	b580 <blc_pm_procGpioPadEarlyWakeup+0xa4>
    b562:	ea1b      	tsubs	r3, r3, r0
    b564:	ac00      	tcmp	r4, #0
    b566:	c001      	tjeq.n	b56c <blc_pm_procGpioPadEarlyWakeup+0x90>
    b568:	0656      	tmov	r6, sl
    b56a:	eb9b      	tsubs	r3, r3, r6
    b56c:	a900      	tcmp	r1, #0
    b56e:	c1ee      	tjne.n	b54e <blc_pm_procGpioPadEarlyWakeup+0x72>
    b570:	a124      	tmovs	r1, #36	; 0x24
    b572:	bd01      	tsubs	r5, #1
    b574:	f42d      	tshftls	r5, r5, #16
    b576:	fc2d      	tshftrs	r5, r5, #16
    b578:	e9d2      	tadds	r2, r2, r7
    b57a:	e816      	tadds	r6, r2, r0
    b57c:	0566      	tcmp	r6, ip
    b57e:	c9f0      	tjls.n	b562 <blc_pm_procGpioPadEarlyWakeup+0x86>
    b580:	0642      	tmov	r2, r8
    b582:	5353      	tstorer	r3, [r2, #52]	; 0x34
    b584:	065e      	tmov	r6, fp
    b586:	42f1      	tstorerb	r1, [r6, #11]
    b588:	0659      	tmov	r1, fp
    b58a:	238d      	tstorerh	r5, [r1, #28]
    b58c:	064d      	tmov	r5, r9
    b58e:	5c2a      	tloadr	r2, [r5, #64]	; 0x40
    b590:	e89b      	tadds	r3, r3, r2
    b592:	522b      	tstorer	r3, [r5, #32]
    b594:	87ba      	tj.n	b50c <blc_pm_procGpioPadEarlyWakeup+0x30>
    b596:	46c0      	tnop			; (mov r8, r8)
    b598:	00843238 	taddeq	r3, r4, r8, lsr r2
    b59c:	00843500 	taddeq	r3, r4, r0, lsl #10
    b5a0:	00843180 	taddeq	r3, r4, r0, lsl #3
    b5a4:	00800740 	taddeq	r0, r0, r0, asr #14
    b5a8:	00843400 	taddeq	r3, r4, r0, lsl #8
    b5ac:	ffff2540 	undefined instruction 0xffff2540
    b5b0:	3fffffff 	tservcc	0x00ffffff
    b5b4:	00843360 	taddeq	r3, r4, r0, ror #6
    b5b8:	0718      	tjex	r3
    b5ba:	46c0      	tnop			; (mov r8, r8)

0000b5bc <blc_pm_proc_no_suspend>:
blc_pm_proc_no_suspend():
    b5bc:	0b09      	tloadr	r3, [pc, #36]	; (b5e4 <blc_pm_proc_no_suspend+0x28>)
    b5be:	491b      	tloadrb	r3, [r3, #4]
    b5c0:	ab40      	tcmp	r3, #64	; 0x40
    b5c2:	c10a      	tjne.n	b5da <blc_pm_proc_no_suspend+0x1e>
    b5c4:	0a08      	tloadr	r2, [pc, #32]	; (b5e8 <blc_pm_proc_no_suspend+0x2c>)
    b5c6:	5811      	tloadr	r1, [r2, #0]
    b5c8:	a380      	tmovs	r3, #128	; 0x80
    b5ca:	f35b      	tshftls	r3, r3, #13
    b5cc:	030b      	tors	r3, r1
    b5ce:	5013      	tstorer	r3, [r2, #0]
    b5d0:	a280      	tmovs	r2, #128	; 0x80
    b5d2:	0b06      	tloadr	r3, [pc, #24]	; (b5ec <blc_pm_proc_no_suspend+0x30>)
    b5d4:	401a      	tstorerb	r2, [r3, #0]
    b5d6:	06c0      	tmov	r8, r8
    b5d8:	06c0      	tmov	r8, r8
    b5da:	a201      	tmovs	r2, #1
    b5dc:	0b04      	tloadr	r3, [pc, #16]	; (b5f0 <blc_pm_proc_no_suspend+0x34>)
    b5de:	441a      	tstorerb	r2, [r3, #16]
    b5e0:	0770      	tjex	lr
    b5e2:	46c0      	tnop			; (mov r8, r8)
    b5e4:	00843500 	taddeq	r3, r4, r0, lsl #10
    b5e8:	00800078 	taddeq	r0, r0, r8, ror r0
    b5ec:	0080006f 	taddeq	r0, r0, pc, rrx
    b5f0:	00843180 	taddeq	r3, r4, r0, lsl #3

0000b5f4 <blc_ll_switchScanChannel>:
blc_ll_switchScanChannel():
    b5f4:	6570      	tpush	{r4, r5, r6, lr}
    b5f6:	ec05      	tadds	r5, r0, #0
    b5f8:	ec0e      	tadds	r6, r1, #0
    b5fa:	0b2e      	tloadr	r3, [pc, #184]	; (b6b4 <blc_ll_switchScanChannel+0xc0>)
    b5fc:	581b      	tloadr	r3, [r3, #0]
    b5fe:	ab00      	tcmp	r3, #0
    b600:	c007      	tjeq.n	b612 <blc_ll_switchScanChannel+0x1e>
    b602:	0a2d      	tloadr	r2, [pc, #180]	; (b6b8 <blc_ll_switchScanChannel+0xc4>)
    b604:	4912      	tloadrb	r2, [r2, #4]
    b606:	aa01      	tcmp	r2, #1
    b608:	c003      	tjeq.n	b612 <blc_ll_switchScanChannel+0x1e>
    b60a:	a001      	tmovs	r0, #1
    b60c:	a102      	tmovs	r1, #2
    b60e:	9000 9873 	tjl	b6f8 <blc_ll_switchScanChannel+0x104>
    b612:	092a      	tloadr	r1, [pc, #168]	; (b6bc <blc_ll_switchScanChannel+0xc8>)
    b614:	5808      	tloadr	r0, [r1, #0]
    b616:	0a2a      	tloadr	r2, [pc, #168]	; (b6c0 <blc_ll_switchScanChannel+0xcc>)
    b618:	5813      	tloadr	r3, [r2, #0]
    b61a:	eac0      	tsubs	r0, r0, r3
    b61c:	0c29      	tloadr	r4, [pc, #164]	; (b6c4 <blc_ll_switchScanChannel+0xd0>)
    b61e:	5823      	tloadr	r3, [r4, #0]
    b620:	bbf5      	tsubs	r3, #245	; 0xf5
    b622:	bbff      	tsubs	r3, #255	; 0xff
    b624:	0283      	tcmp	r3, r0
    b626:	019b      	tsubcs	r3, r3
    b628:	025b      	tnegs	r3, r3
    b62a:	ab00      	tcmp	r3, #0
    b62c:	c001      	tjeq.n	b632 <blc_ll_switchScanChannel+0x3e>
    b62e:	5809      	tloadr	r1, [r1, #0]
    b630:	5011      	tstorer	r1, [r2, #0]
    b632:	031e      	tors	r6, r3
    b634:	c139      	tjne.n	b6aa <blc_ll_switchScanChannel+0xb6>
    b636:	0b24      	tloadr	r3, [pc, #144]	; (b6c8 <blc_ll_switchScanChannel+0xd4>)
    b638:	5818      	tloadr	r0, [r3, #0]
    b63a:	a103      	tmovs	r1, #3
    b63c:	97f4 9dcc 	tjl	1d8 <__umodsi3>
    b640:	0b22      	tloadr	r3, [pc, #136]	; (b6cc <blc_ll_switchScanChannel+0xd8>)
    b642:	1c18      	tloadrb	r0, [r3, r0]
    b644:	a229      	tmovs	r2, #41	; 0x29
    b646:	0b22      	tloadr	r3, [pc, #136]	; (b6d0 <blc_ll_switchScanChannel+0xdc>)
    b648:	401a      	tstorerb	r2, [r3, #0]
    b64a:	a280      	tmovs	r2, #128	; 0x80
    b64c:	0b21      	tloadr	r3, [pc, #132]	; (b6d4 <blc_ll_switchScanChannel+0xe0>)
    b64e:	401a      	tstorerb	r2, [r3, #0]
    b650:	a245      	tmovs	r2, #69	; 0x45
    b652:	0b21      	tloadr	r3, [pc, #132]	; (b6d8 <blc_ll_switchScanChannel+0xe4>)
    b654:	401a      	tstorerb	r2, [r3, #0]
    b656:	f600      	tshftls	r0, r0, #24
    b658:	e600      	tasrs	r0, r0, #24
    b65a:	97f5 9dcb 	tjl	11f4 <rf_set_ble_channel>
    b65e:	0b1f      	tloadr	r3, [pc, #124]	; (b6dc <blc_ll_switchScanChannel+0xe8>)
    b660:	59da      	tloadr	r2, [r3, #28]
    b662:	aa00      	tcmp	r2, #0
    b664:	c01f      	tjeq.n	b6a6 <blc_ll_switchScanChannel+0xb2>
    b666:	59da      	tloadr	r2, [r3, #28]
    b668:	0b1d      	tloadr	r3, [pc, #116]	; (b6e0 <blc_ll_switchScanChannel+0xec>)
    b66a:	501a      	tstorer	r2, [r3, #0]
    b66c:	0a1d      	tloadr	r2, [pc, #116]	; (b6e4 <blc_ll_switchScanChannel+0xf0>)
    b66e:	b31c      	tadds	r3, #28
    b670:	501a      	tstorer	r2, [r3, #0]
    b672:	0b1d      	tloadr	r3, [pc, #116]	; (b6e8 <blc_ll_switchScanChannel+0xf4>)
    b674:	581b      	tloadr	r3, [r3, #0]
    b676:	ab00      	tcmp	r3, #0
    b678:	c002      	tjeq.n	b680 <blc_ll_switchScanChannel+0x8c>
    b67a:	a002      	tmovs	r0, #2
    b67c:	9000 983c 	tjl	b6f8 <blc_ll_switchScanChannel+0x104>
    b680:	a301      	tmovs	r3, #1
    b682:	025b      	tnegs	r3, r3
    b684:	0a19      	tloadr	r2, [pc, #100]	; (b6ec <blc_ll_switchScanChannel+0xf8>)
    b686:	2013      	tstorerh	r3, [r2, #0]
    b688:	a281      	tmovs	r2, #129	; 0x81
    b68a:	0b12      	tloadr	r3, [pc, #72]	; (b6d4 <blc_ll_switchScanChannel+0xe0>)
    b68c:	401a      	tstorerb	r2, [r3, #0]
    b68e:	a265      	tmovs	r2, #101	; 0x65
    b690:	0b11      	tloadr	r3, [pc, #68]	; (b6d8 <blc_ll_switchScanChannel+0xe4>)
    b692:	401a      	tstorerb	r2, [r3, #0]
    b694:	ad00      	tcmp	r5, #0
    b696:	c005      	tjeq.n	b6a4 <blc_ll_switchScanChannel+0xb0>
    b698:	0b08      	tloadr	r3, [pc, #32]	; (b6bc <blc_ll_switchScanChannel+0xc8>)
    b69a:	581a      	tloadr	r2, [r3, #0]
    b69c:	5823      	tloadr	r3, [r4, #0]
    b69e:	e8d2      	tadds	r2, r2, r3
    b6a0:	0b13      	tloadr	r3, [pc, #76]	; (b6f0 <blc_ll_switchScanChannel+0xfc>)
    b6a2:	501a      	tstorer	r2, [r3, #0]
    b6a4:	6d70      	tpop	{r4, r5, r6, pc}
    b6a6:	0a13      	tloadr	r2, [pc, #76]	; (b6f4 <blc_ll_switchScanChannel+0x100>)
    b6a8:	87de      	tj.n	b668 <blc_ll_switchScanChannel+0x74>
    b6aa:	0b07      	tloadr	r3, [pc, #28]	; (b6c8 <blc_ll_switchScanChannel+0xd4>)
    b6ac:	5818      	tloadr	r0, [r3, #0]
    b6ae:	b001      	tadds	r0, #1
    b6b0:	5018      	tstorer	r0, [r3, #0]
    b6b2:	87c2      	tj.n	b63a <blc_ll_switchScanChannel+0x46>
    b6b4:	008435ac 	taddeq	r3, r4, ip, lsr #11
    b6b8:	008435a0 	taddeq	r3, r4, r0, lsr #11
    b6bc:	00800740 	taddeq	r0, r0, r0, asr #14
    b6c0:	00848f38 	taddeq	r8, r4, r8, lsr pc
    b6c4:	0084901c 	taddeq	r9, r4, ip, lsl r0
    b6c8:	00848f34 	taddeq	r8, r4, r4, lsr pc
    b6cc:	008432e4 	taddeq	r3, r4, r4, ror #5
    b6d0:	01000f16 	tnandeq	r0, r6, lsl pc
    b6d4:	01000428 	tnandeq	r0, r8, lsr #8
    b6d8:	01000f02 	tnandeq	r0, r2, lsl #30
    b6dc:	00843180 	taddeq	r3, r4, r0, lsl #3
    b6e0:	01000408 	tnandeq	r0, r8, lsl #8
    b6e4:	00555555 	tsubseq	r5, r5, r5, asr r5
    b6e8:	00843148 	taddeq	r3, r4, r8, asr #2
    b6ec:	00800f20 	taddeq	r0, r0, r0, lsr #30
    b6f0:	00800744 	taddeq	r0, r0, r4, asr #14
    b6f4:	d6be898e 	tloadrtle	r8, [lr], lr, lsl #19
    b6f8:	0718      	tjex	r3
    b6fa:	46c0      	tnop			; (mov r8, r8)

0000b6fc <blt_reset_conn_phy_param>:
blt_reset_conn_phy_param():
    b6fc:	a301      	tmovs	r3, #1
    b6fe:	4043      	tstorerb	r3, [r0, #1]
    b700:	0b06      	tloadr	r3, [pc, #24]	; (b71c <blt_reset_conn_phy_param+0x20>)
    b702:	48db      	tloadrb	r3, [r3, #3]
    b704:	ab00      	tcmp	r3, #0
    b706:	c100      	tjne.n	b70a <blt_reset_conn_phy_param+0xe>
    b708:	a308      	tmovs	r3, #8
    b70a:	40c3      	tstorerb	r3, [r0, #3]
    b70c:	a300      	tmovs	r3, #0
    b70e:	4103      	tstorerb	r3, [r0, #4]
    b710:	4183      	tstorerb	r3, [r0, #6]
    b712:	4143      	tstorerb	r3, [r0, #5]
    b714:	41c3      	tstorerb	r3, [r0, #7]
    b716:	a000      	tmovs	r0, #0
    b718:	0770      	tjex	lr
    b71a:	46c0      	tnop			; (mov r8, r8)
    b71c:	008435a0 	taddeq	r3, r4, r0, lsr #11

0000b720 <blc_hci_send_event>:
blc_hci_send_event():
    b720:	6510      	tpush	{r4, lr}
    b722:	0b05      	tloadr	r3, [pc, #20]	; (b738 <blc_hci_send_event+0x18>)
    b724:	581b      	tloadr	r3, [r3, #0]
    b726:	a401      	tmovs	r4, #1
    b728:	ab00      	tcmp	r3, #0
    b72a:	c002      	tjeq.n	b732 <blc_hci_send_event+0x12>
    b72c:	9000 9806 	tjl	b73c <blc_hci_send_event+0x1c>
    b730:	ec04      	tadds	r4, r0, #0
    b732:	ec20      	tadds	r0, r4, #0
    b734:	6d10      	tpop	{r4, pc}
    b736:	46c0      	tnop			; (mov r8, r8)
    b738:	008435c0 	taddeq	r3, r4, r0, asr #11
    b73c:	0718      	tjex	r3
    b73e:	46c0      	tnop			; (mov r8, r8)

0000b740 <hci_le_phyUpdateComplete_evt>:
hci_le_phyUpdateComplete_evt():
    b740:	6510      	tpush	{r4, lr}
    b742:	6082      	tsub	sp, #8
    b744:	f612      	tshftls	r2, r2, #24
    b746:	fe12      	tshftrs	r2, r2, #24
    b748:	066b      	tmov	r3, sp
    b74a:	a40c      	tmovs	r4, #12
    b74c:	401c      	tstorerb	r4, [r3, #0]
    b74e:	4059      	tstorerb	r1, [r3, #1]
    b750:	4098      	tstorerb	r0, [r3, #2]
    b752:	fa00      	tshftrs	r0, r0, #8
    b754:	40d8      	tstorerb	r0, [r3, #3]
    b756:	411a      	tstorerb	r2, [r3, #4]
    b758:	415a      	tstorerb	r2, [r3, #5]
    b75a:	0803      	tloadr	r0, [pc, #12]	; (b768 <hci_le_phyUpdateComplete_evt+0x28>)
    b75c:	0669      	tmov	r1, sp
    b75e:	a206      	tmovs	r2, #6
    b760:	97ff 9fde 	tjl	b720 <blc_hci_send_event>
    b764:	6002      	tadd	sp, #8
    b766:	6d10      	tpop	{r4, pc}
    b768:	0200003e 	tandeq	r0, r0, #62	; 0x3e

0000b76c <hci_le_chennel_selection_algorithm_evt>:
hci_le_chennel_selection_algorithm_evt():
    b76c:	6500      	tpush	{lr}
    b76e:	6081      	tsub	sp, #4
    b770:	066b      	tmov	r3, sp
    b772:	a214      	tmovs	r2, #20
    b774:	401a      	tstorerb	r2, [r3, #0]
    b776:	4058      	tstorerb	r0, [r3, #1]
    b778:	fa00      	tshftrs	r0, r0, #8
    b77a:	4098      	tstorerb	r0, [r3, #2]
    b77c:	40d9      	tstorerb	r1, [r3, #3]
    b77e:	0803      	tloadr	r0, [pc, #12]	; (b78c <hci_le_chennel_selection_algorithm_evt+0x20>)
    b780:	0669      	tmov	r1, sp
    b782:	a204      	tmovs	r2, #4
    b784:	97ff 9fcc 	tjl	b720 <blc_hci_send_event>
    b788:	6001      	tadd	sp, #4
    b78a:	6d00      	tpop	{pc}
    b78c:	0200003e 	tandeq	r0, r0, #62	; 0x3e

0000b790 <hci_le_data_len_update_evt>:
hci_le_data_len_update_evt():
    b790:	6570      	tpush	{r4, r5, r6, lr}
    b792:	6083      	tsub	sp, #12
    b794:	3d07      	tloadr	r5, [sp, #28]
    b796:	066c      	tmov	r4, sp
    b798:	a607      	tmovs	r6, #7
    b79a:	4026      	tstorerb	r6, [r4, #0]
    b79c:	4060      	tstorerb	r0, [r4, #1]
    b79e:	fa00      	tshftrs	r0, r0, #8
    b7a0:	40a0      	tstorerb	r0, [r4, #2]
    b7a2:	40e1      	tstorerb	r1, [r4, #3]
    b7a4:	fa09      	tshftrs	r1, r1, #8
    b7a6:	4121      	tstorerb	r1, [r4, #4]
    b7a8:	4163      	tstorerb	r3, [r4, #5]
    b7aa:	fa1b      	tshftrs	r3, r3, #8
    b7ac:	41a3      	tstorerb	r3, [r4, #6]
    b7ae:	41e2      	tstorerb	r2, [r4, #7]
    b7b0:	fa12      	tshftrs	r2, r2, #8
    b7b2:	4222      	tstorerb	r2, [r4, #8]
    b7b4:	4265      	tstorerb	r5, [r4, #9]
    b7b6:	fa2d      	tshftrs	r5, r5, #8
    b7b8:	42a5      	tstorerb	r5, [r4, #10]
    b7ba:	0803      	tloadr	r0, [pc, #12]	; (b7c8 <hci_le_data_len_update_evt+0x38>)
    b7bc:	0669      	tmov	r1, sp
    b7be:	a20b      	tmovs	r2, #11
    b7c0:	97ff 9fae 	tjl	b720 <blc_hci_send_event>
    b7c4:	6003      	tadd	sp, #12
    b7c6:	6d70      	tpop	{r4, r5, r6, pc}
    b7c8:	0200003e 	tandeq	r0, r0, #62	; 0x3e

0000b7cc <bls_att_setAttributeTable>:
bls_att_setAttributeTable():
    b7cc:	a800      	tcmp	r0, #0
    b7ce:	c001      	tjeq.n	b7d4 <bls_att_setAttributeTable+0x8>
    b7d0:	0b01      	tloadr	r3, [pc, #4]	; (b7d8 <bls_att_setAttributeTable+0xc>)
    b7d2:	5018      	tstorer	r0, [r3, #0]
    b7d4:	0770      	tjex	lr
    b7d6:	46c0      	tnop			; (mov r8, r8)
    b7d8:	008435dc 	undefined instruction 0x008435dc

0000b7dc <l2cap_att_search>:
l2cap_att_search():
    b7dc:	65f0      	tpush	{r4, r5, r6, r7, lr}
    b7de:	f400      	tshftls	r0, r0, #16
    b7e0:	fc04      	tshftrs	r4, r0, #16
    b7e2:	f409      	tshftls	r1, r1, #16
    b7e4:	fc09      	tshftrs	r1, r1, #16
    b7e6:	0825      	tloadr	r0, [pc, #148]	; (b87c <l2cap_att_search+0xa0>)
    b7e8:	5805      	tloadr	r5, [r0, #0]
    b7ea:	4828      	tloadrb	r0, [r5, #0]
    b7ec:	486e      	tloadrb	r6, [r5, #1]
    b7ee:	f236      	tshftls	r6, r6, #8
    b7f0:	0306      	tors	r6, r0
    b7f2:	a000      	tmovs	r0, #0
    b7f4:	02a6      	tcmp	r6, r4
    b7f6:	c200      	tjcs.n	b7fa <l2cap_att_search+0x1e>
    b7f8:	6df0      	tpop	{r4, r5, r6, r7, pc}
    b7fa:	ec08      	tadds	r0, r1, #0
    b7fc:	02b1      	tcmp	r1, r6
    b7fe:	c900      	tjls.n	b802 <l2cap_att_search+0x26>
    b800:	ec30      	tadds	r0, r6, #0
    b802:	f400      	tshftls	r0, r0, #16
    b804:	fc00      	tshftrs	r0, r0, #16
    b806:	0684      	tmov	ip, r0
    b808:	a000      	tmovs	r0, #0
    b80a:	0564      	tcmp	r4, ip
    b80c:	c907      	tjls.n	b81e <l2cap_att_search+0x42>
    b80e:	87f3      	tj.n	b7f8 <l2cap_att_search+0x1c>
    b810:	a910      	tcmp	r1, #16
    b812:	c01f      	tjeq.n	b854 <l2cap_att_search+0x78>
    b814:	b401      	tadds	r4, #1
    b816:	f424      	tshftls	r4, r4, #16
    b818:	fc24      	tshftrs	r4, r4, #16
    b81a:	05a4      	tcmp	ip, r4
    b81c:	c32c      	tjcc.n	b878 <l2cap_att_search+0x9c>
    b81e:	f060      	tshftls	r0, r4, #1
    b820:	e900      	tadds	r0, r0, r4
    b822:	f0c0      	tshftls	r0, r0, #3
    b824:	e828      	tadds	r0, r5, r0
    b826:	48c1      	tloadrb	r1, [r0, #3]
    b828:	4a07      	tloadrb	r7, [r0, #8]
    b82a:	4a46      	tloadrb	r6, [r0, #9]
    b82c:	f236      	tshftls	r6, r6, #8
    b82e:	033e      	tors	r6, r7
    b830:	4a87      	tloadrb	r7, [r0, #10]
    b832:	f43f      	tshftls	r7, r7, #16
    b834:	033e      	tors	r6, r7
    b836:	4ac7      	tloadrb	r7, [r0, #11]
    b838:	f63f      	tshftls	r7, r7, #24
    b83a:	033e      	tors	r6, r7
    b83c:	a902      	tcmp	r1, #2
    b83e:	c1e7      	tjne.n	b810 <l2cap_att_search+0x34>
    b840:	4837      	tloadrb	r7, [r6, #0]
    b842:	4811      	tloadrb	r1, [r2, #0]
    b844:	028f      	tcmp	r7, r1
    b846:	c1e5      	tjne.n	b814 <l2cap_att_search+0x38>
    b848:	4876      	tloadrb	r6, [r6, #1]
    b84a:	4851      	tloadrb	r1, [r2, #1]
    b84c:	028e      	tcmp	r6, r1
    b84e:	c1e1      	tjne.n	b814 <l2cap_att_search+0x38>
    b850:	201c      	tstorerh	r4, [r3, #0]
    b852:	87d1      	tj.n	b7f8 <l2cap_att_search+0x1c>
    b854:	5837      	tloadr	r7, [r6, #0]
    b856:	5811      	tloadr	r1, [r2, #0]
    b858:	028f      	tcmp	r7, r1
    b85a:	c1db      	tjne.n	b814 <l2cap_att_search+0x38>
    b85c:	5877      	tloadr	r7, [r6, #4]
    b85e:	5851      	tloadr	r1, [r2, #4]
    b860:	028f      	tcmp	r7, r1
    b862:	c1d7      	tjne.n	b814 <l2cap_att_search+0x38>
    b864:	58b7      	tloadr	r7, [r6, #8]
    b866:	5891      	tloadr	r1, [r2, #8]
    b868:	028f      	tcmp	r7, r1
    b86a:	c1d3      	tjne.n	b814 <l2cap_att_search+0x38>
    b86c:	58f6      	tloadr	r6, [r6, #12]
    b86e:	58d1      	tloadr	r1, [r2, #12]
    b870:	028e      	tcmp	r6, r1
    b872:	c1cf      	tjne.n	b814 <l2cap_att_search+0x38>
    b874:	201c      	tstorerh	r4, [r3, #0]
    b876:	87bf      	tj.n	b7f8 <l2cap_att_search+0x1c>
    b878:	a000      	tmovs	r0, #0
    b87a:	87bd      	tj.n	b7f8 <l2cap_att_search+0x1c>
    b87c:	008435dc 	undefined instruction 0x008435dc

0000b880 <att_Find_end_group>:
att_Find_end_group():
    b880:	65f0      	tpush	{r4, r5, r6, r7, lr}
    b882:	0657      	tmov	r7, sl
    b884:	064e      	tmov	r6, r9
    b886:	0645      	tmov	r5, r8
    b888:	64e0      	tpush	{r5, r6, r7}
    b88a:	f403      	tshftls	r3, r0, #16
    b88c:	f409      	tshftls	r1, r1, #16
    b88e:	fc09      	tshftrs	r1, r1, #16
    b890:	f414      	tshftls	r4, r2, #16
    b892:	fc24      	tshftrs	r4, r4, #16
    b894:	a080      	tmovs	r0, #128	; 0x80
    b896:	f240      	tshftls	r0, r0, #9
    b898:	e81b      	tadds	r3, r3, r0
    b89a:	fc1b      	tshftrs	r3, r3, #16
    b89c:	0a2b      	tloadr	r2, [pc, #172]	; (b94c <att_Find_end_group+0xcc>)
    b89e:	5812      	tloadr	r2, [r2, #0]
    b8a0:	4815      	tloadrb	r5, [r2, #0]
    b8a2:	4850      	tloadrb	r0, [r2, #1]
    b8a4:	f200      	tshftls	r0, r0, #8
    b8a6:	0328      	tors	r0, r5
    b8a8:	0681      	tmov	r9, r0
    b8aa:	054b      	tcmp	r3, r9
    b8ac:	c24b      	tjcs.n	b946 <att_Find_end_group+0xc6>
    b8ae:	ec0d      	tadds	r5, r1, #0
    b8b0:	0549      	tcmp	r1, r9
    b8b2:	c846      	tjhi.n	b942 <att_Find_end_group+0xc2>
    b8b4:	f42d      	tshftls	r5, r5, #16
    b8b6:	fc2d      	tshftrs	r5, r5, #16
    b8b8:	02ab      	tcmp	r3, r5
    b8ba:	c83c      	tjhi.n	b936 <att_Find_end_group+0xb6>
    b8bc:	0e24      	tloadr	r6, [pc, #144]	; (b950 <att_Find_end_group+0xd0>)
    b8be:	a1a0      	tmovs	r1, #160	; 0xa0
    b8c0:	f18f      	tshftls	r7, r1, #6
    b8c2:	06ba      	tmov	sl, r7
    b8c4:	8015      	tj.n	b8f2 <att_Find_end_group+0x72>
    b8c6:	4a08      	tloadrb	r0, [r1, #8]
    b8c8:	4a4f      	tloadrb	r7, [r1, #9]
    b8ca:	f23f      	tshftls	r7, r7, #8
    b8cc:	0307      	tors	r7, r0
    b8ce:	4a88      	tloadrb	r0, [r1, #10]
    b8d0:	f400      	tshftls	r0, r0, #16
    b8d2:	0338      	tors	r0, r7
    b8d4:	4ac9      	tloadrb	r1, [r1, #11]
    b8d6:	f609      	tshftls	r1, r1, #24
    b8d8:	0301      	tors	r1, r0
    b8da:	2809      	tloadrh	r1, [r1, #0]
    b8dc:	0f1d      	tloadr	r7, [pc, #116]	; (b954 <att_Find_end_group+0xd4>)
    b8de:	e9c9      	tadds	r1, r1, r7
    b8e0:	f409      	tshftls	r1, r1, #16
    b8e2:	fc09      	tshftrs	r1, r1, #16
    b8e4:	a901      	tcmp	r1, #1
    b8e6:	c922      	tjls.n	b92e <att_Find_end_group+0xae>
    b8e8:	b301      	tadds	r3, #1
    b8ea:	f41b      	tshftls	r3, r3, #16
    b8ec:	fc1b      	tshftrs	r3, r3, #16
    b8ee:	029d      	tcmp	r5, r3
    b8f0:	c321      	tjcc.n	b936 <att_Find_end_group+0xb6>
    b8f2:	f059      	tshftls	r1, r3, #1
    b8f4:	e8c9      	tadds	r1, r1, r3
    b8f6:	f0c9      	tshftls	r1, r1, #3
    b8f8:	e851      	tadds	r1, r2, r1
    b8fa:	02b4      	tcmp	r4, r6
    b8fc:	c1e3      	tjne.n	b8c6 <att_Find_end_group+0x46>
    b8fe:	4a08      	tloadrb	r0, [r1, #8]
    b900:	4a4f      	tloadrb	r7, [r1, #9]
    b902:	f23f      	tshftls	r7, r7, #8
    b904:	0307      	tors	r7, r0
    b906:	4a88      	tloadrb	r0, [r1, #10]
    b908:	f400      	tshftls	r0, r0, #16
    b90a:	0338      	tors	r0, r7
    b90c:	4ac9      	tloadrb	r1, [r1, #11]
    b90e:	f609      	tshftls	r1, r1, #24
    b910:	0301      	tors	r1, r0
    b912:	2809      	tloadrh	r1, [r1, #0]
    b914:	0f10      	tloadr	r7, [pc, #64]	; (b958 <att_Find_end_group+0xd8>)
    b916:	e87f      	tadds	r7, r7, r1
    b918:	06bc      	tmov	ip, r7
    b91a:	a000      	tmovs	r0, #0
    b91c:	0584      	tcmp	ip, r0
    b91e:	c006      	tjeq.n	b92e <att_Find_end_group+0xae>
    b920:	0f0e      	tloadr	r7, [pc, #56]	; (b95c <att_Find_end_group+0xdc>)
    b922:	e87f      	tadds	r7, r7, r1
    b924:	06bc      	tmov	ip, r7
    b926:	0584      	tcmp	ip, r0
    b928:	c001      	tjeq.n	b92e <att_Find_end_group+0xae>
    b92a:	0551      	tcmp	r1, sl
    b92c:	c1dc      	tjne.n	b8e8 <att_Find_end_group+0x68>
    b92e:	ee58      	tsubs	r0, r3, #1
    b930:	f400      	tshftls	r0, r0, #16
    b932:	fc00      	tshftrs	r0, r0, #16
    b934:	0681      	tmov	r9, r0
    b936:	0648      	tmov	r0, r9
    b938:	6c1c      	tpop	{r2, r3, r4}
    b93a:	0690      	tmov	r8, r2
    b93c:	0699      	tmov	r9, r3
    b93e:	06a2      	tmov	sl, r4
    b940:	6df0      	tpop	{r4, r5, r6, r7, pc}
    b942:	ec05      	tadds	r5, r0, #0
    b944:	87b6      	tj.n	b8b4 <att_Find_end_group+0x34>
    b946:	a000      	tmovs	r0, #0
    b948:	0681      	tmov	r9, r0
    b94a:	87f4      	tj.n	b936 <att_Find_end_group+0xb6>
    b94c:	008435dc 	undefined instruction 0x008435dc
    b950:	00002803 	tandeq	r2, r0, r3, lsl #16
    b954:	ffffd800 	undefined instruction 0xffffd800
    b958:	ffffd7ff 	undefined instruction 0xffffd7ff
    b95c:	ffffd7fd 	undefined instruction 0xffffd7fd

0000b960 <att_find_by_type_value_search>:
att_find_by_type_value_search():
    b960:	65f0      	tpush	{r4, r5, r6, r7, lr}
    b962:	065f      	tmov	r7, fp
    b964:	0656      	tmov	r6, sl
    b966:	064d      	tmov	r5, r9
    b968:	0644      	tmov	r4, r8
    b96a:	64f0      	tpush	{r4, r5, r6, r7}
    b96c:	6081      	tsub	sp, #4
    b96e:	0691      	tmov	r9, r2
    b970:	069a      	tmov	sl, r3
    b972:	f405      	tshftls	r5, r0, #16
    b974:	fc2d      	tshftrs	r5, r5, #16
    b976:	f409      	tshftls	r1, r1, #16
    b978:	fc09      	tshftrs	r1, r1, #16
    b97a:	3b0a      	tloadr	r3, [sp, #40]	; 0x28
    b97c:	f41b      	tshftls	r3, r3, #16
    b97e:	fc1b      	tshftrs	r3, r3, #16
    b980:	0698      	tmov	r8, r3
    b982:	0b3a      	tloadr	r3, [pc, #232]	; (ba6c <att_find_by_type_value_search+0x10c>)
    b984:	581e      	tloadr	r6, [r3, #0]
    b986:	4833      	tloadrb	r3, [r6, #0]
    b988:	4877      	tloadrb	r7, [r6, #1]
    b98a:	f23f      	tshftls	r7, r7, #8
    b98c:	031f      	tors	r7, r3
    b98e:	a400      	tmovs	r4, #0
    b990:	02af      	tcmp	r7, r5
    b992:	c207      	tjcs.n	b9a4 <att_find_by_type_value_search+0x44>
    b994:	ec20      	tadds	r0, r4, #0
    b996:	6001      	tadd	sp, #4
    b998:	6c3c      	tpop	{r2, r3, r4, r5}
    b99a:	0690      	tmov	r8, r2
    b99c:	0699      	tmov	r9, r3
    b99e:	06a2      	tmov	sl, r4
    b9a0:	06ab      	tmov	fp, r5
    b9a2:	6df0      	tpop	{r4, r5, r6, r7, pc}
    b9a4:	ec0b      	tadds	r3, r1, #0
    b9a6:	02b9      	tcmp	r1, r7
    b9a8:	c900      	tjls.n	b9ac <att_find_by_type_value_search+0x4c>
    b9aa:	ec3b      	tadds	r3, r7, #0
    b9ac:	f41b      	tshftls	r3, r3, #16
    b9ae:	fc1b      	tshftrs	r3, r3, #16
    b9b0:	069b      	tmov	fp, r3
    b9b2:	a400      	tmovs	r4, #0
    b9b4:	055d      	tcmp	r5, fp
    b9b6:	c8ed      	tjhi.n	b994 <att_find_by_type_value_search+0x34>
    b9b8:	0649      	tmov	r1, r9
    b9ba:	4809      	tloadrb	r1, [r1, #0]
    b9bc:	3100      	tstorer	r1, [sp, #0]
    b9be:	8004      	tj.n	b9ca <att_find_by_type_value_search+0x6a>
    b9c0:	b501      	tadds	r5, #1
    b9c2:	f42d      	tshftls	r5, r5, #16
    b9c4:	fc2d      	tshftrs	r5, r5, #16
    b9c6:	05ab      	tcmp	fp, r5
    b9c8:	c347      	tjcc.n	ba5a <att_find_by_type_value_search+0xfa>
    b9ca:	f06c      	tshftls	r4, r5, #1
    b9cc:	e964      	tadds	r4, r4, r5
    b9ce:	f0e4      	tshftls	r4, r4, #3
    b9d0:	e934      	tadds	r4, r6, r4
    b9d2:	4a22      	tloadrb	r2, [r4, #8]
    b9d4:	4a63      	tloadrb	r3, [r4, #9]
    b9d6:	f21b      	tshftls	r3, r3, #8
    b9d8:	0313      	tors	r3, r2
    b9da:	4aa2      	tloadrb	r2, [r4, #10]
    b9dc:	f412      	tshftls	r2, r2, #16
    b9de:	0313      	tors	r3, r2
    b9e0:	4ae2      	tloadrb	r2, [r4, #11]
    b9e2:	f612      	tshftls	r2, r2, #24
    b9e4:	0313      	tors	r3, r2
    b9e6:	481a      	tloadrb	r2, [r3, #0]
    b9e8:	3900      	tloadr	r1, [sp, #0]
    b9ea:	028a      	tcmp	r2, r1
    b9ec:	c1e8      	tjne.n	b9c0 <att_find_by_type_value_search+0x60>
    b9ee:	485a      	tloadrb	r2, [r3, #1]
    b9f0:	0649      	tmov	r1, r9
    b9f2:	484b      	tloadrb	r3, [r1, #1]
    b9f4:	029a      	tcmp	r2, r3
    b9f6:	c1e3      	tjne.n	b9c0 <att_find_by_type_value_search+0x60>
    b9f8:	4922      	tloadrb	r2, [r4, #4]
    b9fa:	4963      	tloadrb	r3, [r4, #5]
    b9fc:	f21b      	tshftls	r3, r3, #8
    b9fe:	0313      	tors	r3, r2
    ba00:	49a2      	tloadrb	r2, [r4, #6]
    ba02:	f412      	tshftls	r2, r2, #16
    ba04:	0313      	tors	r3, r2
    ba06:	49e2      	tloadrb	r2, [r4, #7]
    ba08:	f612      	tshftls	r2, r2, #24
    ba0a:	0313      	tors	r3, r2
    ba0c:	0598      	tcmp	r8, r3
    ba0e:	c8d7      	tjhi.n	b9c0 <att_find_by_type_value_search+0x60>
    ba10:	4b23      	tloadrb	r3, [r4, #12]
    ba12:	4b61      	tloadrb	r1, [r4, #13]
    ba14:	f209      	tshftls	r1, r1, #8
    ba16:	0319      	tors	r1, r3
    ba18:	4ba3      	tloadrb	r3, [r4, #14]
    ba1a:	f41b      	tshftls	r3, r3, #16
    ba1c:	0319      	tors	r1, r3
    ba1e:	4be3      	tloadrb	r3, [r4, #15]
    ba20:	f61b      	tshftls	r3, r3, #24
    ba22:	0319      	tors	r1, r3
    ba24:	0650      	tmov	r0, sl
    ba26:	0642      	tmov	r2, r8
    ba28:	97fc 9f52 	tjl	88d0 <memcmp>
    ba2c:	a800      	tcmp	r0, #0
    ba2e:	c1c7      	tjne.n	b9c0 <att_find_by_type_value_search+0x60>
    ba30:	064b      	tmov	r3, r9
    ba32:	281a      	tloadrh	r2, [r3, #0]
    ba34:	090e      	tloadr	r1, [pc, #56]	; (ba70 <att_find_by_type_value_search+0x110>)
    ba36:	e853      	tadds	r3, r2, r1
    ba38:	f41b      	tshftls	r3, r3, #16
    ba3a:	fc1b      	tshftrs	r3, r3, #16
    ba3c:	a101      	tmovs	r1, #1
    ba3e:	0299      	tcmp	r1, r3
    ba40:	0140      	taddcs	r0, r0
    ba42:	f600      	tshftls	r0, r0, #24
    ba44:	a800      	tcmp	r0, #0
    ba46:	c10a      	tjne.n	ba5e <att_find_by_type_value_search+0xfe>
    ba48:	090a      	tloadr	r1, [pc, #40]	; (ba74 <att_find_by_type_value_search+0x114>)
    ba4a:	e853      	tadds	r3, r2, r1
    ba4c:	ab00      	tcmp	r3, #0
    ba4e:	c006      	tjeq.n	ba5e <att_find_by_type_value_search+0xfe>
    ba50:	390c      	tloadr	r1, [sp, #48]	; 0x30
    ba52:	200d      	tstorerh	r5, [r1, #0]
    ba54:	3b0b      	tloadr	r3, [sp, #44]	; 0x2c
    ba56:	201d      	tstorerh	r5, [r3, #0]
    ba58:	879c      	tj.n	b994 <att_find_by_type_value_search+0x34>
    ba5a:	a400      	tmovs	r4, #0
    ba5c:	879a      	tj.n	b994 <att_find_by_type_value_search+0x34>
    ba5e:	ec28      	tadds	r0, r5, #0
    ba60:	ec39      	tadds	r1, r7, #0
    ba62:	97ff 9f0d 	tjl	b880 <att_Find_end_group>
    ba66:	3b0c      	tloadr	r3, [sp, #48]	; 0x30
    ba68:	2018      	tstorerh	r0, [r3, #0]
    ba6a:	87f3      	tj.n	ba54 <att_find_by_type_value_search+0xf4>
    ba6c:	008435dc 	undefined instruction 0x008435dc
    ba70:	ffffd800 	undefined instruction 0xffffd800
    ba74:	ffffd7fd 	undefined instruction 0xffffd7fd

0000ba78 <att_read_by_group_type_request_search>:
att_read_by_group_type_request_search():
    ba78:	65f0      	tpush	{r4, r5, r6, r7, lr}
    ba7a:	0647      	tmov	r7, r8
    ba7c:	6480      	tpush	{r7}
    ba7e:	f405      	tshftls	r5, r0, #16
    ba80:	fc2d      	tshftrs	r5, r5, #16
    ba82:	f409      	tshftls	r1, r1, #16
    ba84:	fc0e      	tshftrs	r6, r1, #16
    ba86:	f61b      	tshftls	r3, r3, #24
    ba88:	fe1b      	tshftrs	r3, r3, #24
    ba8a:	082c      	tloadr	r0, [pc, #176]	; (bb3c <att_read_by_group_type_request_search+0xc4>)
    ba8c:	5800      	tloadr	r0, [r0, #0]
    ba8e:	4804      	tloadrb	r4, [r0, #0]
    ba90:	4841      	tloadrb	r1, [r0, #1]
    ba92:	f209      	tshftls	r1, r1, #8
    ba94:	0321      	tors	r1, r4
    ba96:	a400      	tmovs	r4, #0
    ba98:	02a9      	tcmp	r1, r5
    ba9a:	c103      	tjne.n	baa4 <att_read_by_group_type_request_search+0x2c>
    ba9c:	ec20      	tadds	r0, r4, #0
    ba9e:	6c04      	tpop	{r2}
    baa0:	0690      	tmov	r8, r2
    baa2:	6df0      	tpop	{r4, r5, r6, r7, pc}
    baa4:	ec34      	tadds	r4, r6, #0
    baa6:	028e      	tcmp	r6, r1
    baa8:	c843      	tjhi.n	bb32 <att_read_by_group_type_request_search+0xba>
    baaa:	f424      	tshftls	r4, r4, #16
    baac:	fc24      	tshftrs	r4, r4, #16
    baae:	06a4      	tmov	ip, r4
    bab0:	a400      	tmovs	r4, #0
    bab2:	0565      	tcmp	r5, ip
    bab4:	c907      	tjls.n	bac6 <att_read_by_group_type_request_search+0x4e>
    bab6:	87f1      	tj.n	ba9c <att_read_by_group_type_request_search+0x24>
    bab8:	ab10      	tcmp	r3, #16
    baba:	c026      	tjeq.n	bb0a <att_read_by_group_type_request_search+0x92>
    babc:	b501      	tadds	r5, #1
    babe:	f42d      	tshftls	r5, r5, #16
    bac0:	fc2d      	tshftrs	r5, r5, #16
    bac2:	05ac      	tcmp	ip, r5
    bac4:	c337      	tjcc.n	bb36 <att_read_by_group_type_request_search+0xbe>
    bac6:	f06c      	tshftls	r4, r5, #1
    bac8:	e964      	tadds	r4, r4, r5
    baca:	f0e4      	tshftls	r4, r4, #3
    bacc:	e904      	tadds	r4, r0, r4
    bace:	4a27      	tloadrb	r7, [r4, #8]
    bad0:	4a66      	tloadrb	r6, [r4, #9]
    bad2:	f236      	tshftls	r6, r6, #8
    bad4:	033e      	tors	r6, r7
    bad6:	4aa7      	tloadrb	r7, [r4, #10]
    bad8:	f43f      	tshftls	r7, r7, #16
    bada:	033e      	tors	r6, r7
    badc:	4ae7      	tloadrb	r7, [r4, #11]
    bade:	f63f      	tshftls	r7, r7, #24
    bae0:	033e      	tors	r6, r7
    bae2:	ab02      	tcmp	r3, #2
    bae4:	c1e8      	tjne.n	bab8 <att_read_by_group_type_request_search+0x40>
    bae6:	4837      	tloadrb	r7, [r6, #0]
    bae8:	06b8      	tmov	r8, r7
    baea:	4817      	tloadrb	r7, [r2, #0]
    baec:	05b8      	tcmp	r8, r7
    baee:	c1e5      	tjne.n	babc <att_read_by_group_type_request_search+0x44>
    baf0:	4877      	tloadrb	r7, [r6, #1]
    baf2:	4856      	tloadrb	r6, [r2, #1]
    baf4:	02b7      	tcmp	r7, r6
    baf6:	c1e1      	tjne.n	babc <att_read_by_group_type_request_search+0x44>
    baf8:	2812      	tloadrh	r2, [r2, #0]
    bafa:	ec28      	tadds	r0, r5, #0
    bafc:	97ff 9ec0 	tjl	b880 <att_Find_end_group>
    bb00:	3b07      	tloadr	r3, [sp, #28]
    bb02:	2018      	tstorerh	r0, [r3, #0]
    bb04:	3b06      	tloadr	r3, [sp, #24]
    bb06:	201d      	tstorerh	r5, [r3, #0]
    bb08:	87c8      	tj.n	ba9c <att_read_by_group_type_request_search+0x24>
    bb0a:	5837      	tloadr	r7, [r6, #0]
    bb0c:	06b8      	tmov	r8, r7
    bb0e:	5817      	tloadr	r7, [r2, #0]
    bb10:	05b8      	tcmp	r8, r7
    bb12:	c1d3      	tjne.n	babc <att_read_by_group_type_request_search+0x44>
    bb14:	5877      	tloadr	r7, [r6, #4]
    bb16:	06b8      	tmov	r8, r7
    bb18:	5857      	tloadr	r7, [r2, #4]
    bb1a:	05b8      	tcmp	r8, r7
    bb1c:	c1ce      	tjne.n	babc <att_read_by_group_type_request_search+0x44>
    bb1e:	58b7      	tloadr	r7, [r6, #8]
    bb20:	06b8      	tmov	r8, r7
    bb22:	5897      	tloadr	r7, [r2, #8]
    bb24:	05b8      	tcmp	r8, r7
    bb26:	c1c9      	tjne.n	babc <att_read_by_group_type_request_search+0x44>
    bb28:	58f7      	tloadr	r7, [r6, #12]
    bb2a:	58d6      	tloadr	r6, [r2, #12]
    bb2c:	02b7      	tcmp	r7, r6
    bb2e:	c1c5      	tjne.n	babc <att_read_by_group_type_request_search+0x44>
    bb30:	87e2      	tj.n	baf8 <att_read_by_group_type_request_search+0x80>
    bb32:	ec0c      	tadds	r4, r1, #0
    bb34:	87b9      	tj.n	baaa <att_read_by_group_type_request_search+0x32>
    bb36:	a400      	tmovs	r4, #0
    bb38:	87b0      	tj.n	ba9c <att_read_by_group_type_request_search+0x24>
    bb3a:	46c0      	tnop			; (mov r8, r8)
    bb3c:	008435dc 	undefined instruction 0x008435dc

0000bb40 <l2cap_att_handler>:
l2cap_att_handler():
    bb40:	65f0      	tpush	{r4, r5, r6, r7, lr}
    bb42:	065f      	tmov	r7, fp
    bb44:	0656      	tmov	r6, sl
    bb46:	064d      	tmov	r5, r9
    bb48:	0644      	tmov	r4, r8
    bb4a:	64f0      	tpush	{r4, r5, r6, r7}
    bb4c:	608f      	tsub	sp, #60	; 0x3c
    bb4e:	ec0f      	tadds	r7, r1, #0
    bb50:	f400      	tshftls	r0, r0, #16
    bb52:	fc00      	tshftrs	r0, r0, #16
    bb54:	0cb6      	tloadr	r4, [pc, #728]	; (be30 <l2cap_att_handler+0x2f0>)
    bb56:	5822      	tloadr	r2, [r4, #0]
    bb58:	a600      	tmovs	r6, #0
    bb5a:	aa00      	tcmp	r2, #0
    bb5c:	c107      	tjne.n	bb6e <l2cap_att_handler+0x2e>
    bb5e:	ec30      	tadds	r0, r6, #0
    bb60:	600f      	tadd	sp, #60	; 0x3c
    bb62:	6c3c      	tpop	{r2, r3, r4, r5}
    bb64:	0690      	tmov	r8, r2
    bb66:	0699      	tmov	r9, r3
    bb68:	06a2      	tmov	sl, r4
    bb6a:	06ab      	tmov	fp, r5
    bb6c:	6df0      	tpop	{r4, r5, r6, r7, pc}
    bb6e:	a30a      	tmovs	r3, #10
    bb70:	46a3      	tstorerb	r3, [r4, #26]
    bb72:	0bb0      	tloadr	r3, [pc, #704]	; (be34 <l2cap_att_handler+0x2f4>)
    bb74:	585d      	tloadr	r5, [r3, #4]
    bb76:	ad00      	tcmp	r5, #0
    bb78:	c0f1      	tjeq.n	bb5e <l2cap_att_handler+0x1e>
    bb7a:	a302      	tmovs	r3, #2
    bb7c:	402b      	tstorerb	r3, [r5, #0]
    bb7e:	a304      	tmovs	r3, #4
    bb80:	412b      	tstorerb	r3, [r5, #4]
    bb82:	416e      	tstorerb	r6, [r5, #5]
    bb84:	498b      	tloadrb	r3, [r1, #6]
    bb86:	ab52      	tcmp	r3, #82	; 0x52
    bb88:	c901      	tjls.n	bb8e <l2cap_att_handler+0x4e>
    bb8a:	a600      	tmovs	r6, #0
    bb8c:	87e7      	tj.n	bb5e <l2cap_att_handler+0x1e>
    bb8e:	f099      	tshftls	r1, r3, #2
    bb90:	0ea9      	tloadr	r6, [pc, #676]	; (be38 <l2cap_att_handler+0x2f8>)
    bb92:	1871      	tloadr	r1, [r6, r1]
    bb94:	068f      	tmov	pc, r1
    bb96:	a300      	tmovs	r3, #0
    bb98:	26a3      	tstorerh	r3, [r4, #52]	; 0x34
    bb9a:	0ba8      	tloadr	r3, [pc, #672]	; (be3c <l2cap_att_handler+0x2fc>)
    bb9c:	581b      	tloadr	r3, [r3, #0]
    bb9e:	a600      	tmovs	r6, #0
    bba0:	f39d      	tshftls	r5, r3, #14
    bba2:	c5dc      	tjpl.n	bb5e <l2cap_att_handler+0x1e>
    bba4:	a011      	tmovs	r0, #17
    bba6:	a100      	tmovs	r1, #0
    bba8:	a200      	tmovs	r2, #0
    bbaa:	9000 9f23 	tjl	c9f4 <blc_gap_send_event>
    bbae:	87d6      	tj.n	bb5e <l2cap_att_handler+0x1e>
    bbb0:	a202      	tmovs	r2, #2
    bbb2:	402a      	tstorerb	r2, [r5, #0]
    bbb4:	a305      	tmovs	r3, #5
    bbb6:	406b      	tstorerb	r3, [r5, #1]
    bbb8:	a300      	tmovs	r3, #0
    bbba:	a101      	tmovs	r1, #1
    bbbc:	40a9      	tstorerb	r1, [r5, #2]
    bbbe:	40eb      	tstorerb	r3, [r5, #3]
    bbc0:	a104      	tmovs	r1, #4
    bbc2:	4129      	tstorerb	r1, [r5, #4]
    bbc4:	416b      	tstorerb	r3, [r5, #5]
    bbc6:	a319      	tmovs	r3, #25
    bbc8:	41ab      	tstorerb	r3, [r5, #6]
    bbca:	49fb      	tloadrb	r3, [r7, #7]
    bbcc:	ab01      	tcmp	r3, #1
    bbce:	c100      	tjne.n	bbd2 <l2cap_att_handler+0x92>
    bbd0:	8236      	tj.n	c040 <l2cap_att_handler+0x500>
    bbd2:	ec2e      	tadds	r6, r5, #0
    bbd4:	ab00      	tcmp	r3, #0
    bbd6:	c1c2      	tjne.n	bb5e <l2cap_att_handler+0x1e>
    bbd8:	0b99      	tloadr	r3, [pc, #612]	; (be40 <l2cap_att_handler+0x300>)
    bbda:	4819      	tloadrb	r1, [r3, #0]
    bbdc:	0391      	tbclrs	r1, r2
    bbde:	4019      	tstorerb	r1, [r3, #0]
    bbe0:	87bd      	tj.n	bb5e <l2cap_att_handler+0x1e>
    bbe2:	49fb      	tloadrb	r3, [r7, #7]
    bbe4:	a116      	tmovs	r1, #22
    bbe6:	45e1      	tstorerb	r1, [r4, #23]
    bbe8:	49f9      	tloadrb	r1, [r7, #7]
    bbea:	2321      	tstorerh	r1, [r4, #24]
    bbec:	4810      	tloadrb	r0, [r2, #0]
    bbee:	4851      	tloadrb	r1, [r2, #1]
    bbf0:	f209      	tshftls	r1, r1, #8
    bbf2:	0301      	tors	r1, r0
    bbf4:	028b      	tcmp	r3, r1
    bbf6:	c900      	tjls.n	bbfa <l2cap_att_handler+0xba>
    bbf8:	81c8      	tj.n	bf8c <l2cap_att_handler+0x44c>
    bbfa:	f059      	tshftls	r1, r3, #1
    bbfc:	e8cb      	tadds	r3, r1, r3
    bbfe:	f0db      	tshftls	r3, r3, #3
    bc00:	e8d2      	tadds	r2, r2, r3
    bc02:	4891      	tloadrb	r1, [r2, #2]
    bc04:	f78d      	tshftls	r5, r1, #30
    bc06:	c500      	tjpl.n	bc0a <l2cap_att_handler+0xca>
    bc08:	8243      	tj.n	c092 <l2cap_att_handler+0x552>
    bc0a:	a303      	tmovs	r3, #3
    bc0c:	46a3      	tstorerb	r3, [r4, #26]
    bc0e:	ec26      	tadds	r6, r4, #0
    bc10:	b610      	tadds	r6, #16
    bc12:	87a4      	tj.n	bb5e <l2cap_att_handler+0x1e>
    bc14:	0b8b      	tloadr	r3, [pc, #556]	; (be44 <l2cap_att_handler+0x304>)
    bc16:	581a      	tloadr	r2, [r3, #0]
    bc18:	a301      	tmovs	r3, #1
    bc1a:	0313      	tors	r3, r2
    bc1c:	51e3      	tstorer	r3, [r4, #28]
    bc1e:	49fe      	tloadrb	r6, [r7, #7]
    bc20:	3603      	tstorer	r6, [sp, #12]
    bc22:	a036      	tmovs	r0, #54	; 0x36
    bc24:	0468      	tadd	r0, sp
    bc26:	0681      	tmov	r9, r0
    bc28:	2006      	tstorerh	r6, [r0, #0]
    bc2a:	4a7a      	tloadrb	r2, [r7, #9]
    bc2c:	0692      	tmov	sl, r2
    bc2e:	48ba      	tloadrb	r2, [r7, #2]
    bc30:	48fb      	tloadrb	r3, [r7, #3]
    bc32:	f21b      	tshftls	r3, r3, #8
    bc34:	0313      	tors	r3, r2
    bc36:	ab15      	tcmp	r3, #21
    bc38:	c100      	tjne.n	bc3c <l2cap_att_handler+0xfc>
    bc3a:	81fe      	tj.n	c03a <l2cap_att_handler+0x4fa>
    bc3c:	a202      	tmovs	r2, #2
    bc3e:	0693      	tmov	fp, r2
    bc40:	7b09      	tadd	r3, sp, #36	; 0x24
    bc42:	0698      	tmov	r8, r3
    bc44:	ec39      	tadds	r1, r7, #0
    bc46:	b10b      	tadds	r1, #11
    bc48:	ec18      	tadds	r0, r3, #0
    bc4a:	97fc 9e7d 	tjl	8948 <memcpy>
    bc4e:	05b2      	tcmp	sl, r6
    bc50:	019b      	tsubcs	r3, r3
    bc52:	025b      	tnegs	r3, r3
    bc54:	46a3      	tstorerb	r3, [r4, #26]
    bc56:	ab00      	tcmp	r3, #0
    bc58:	c100      	tjne.n	bc5c <l2cap_att_handler+0x11c>
    bc5a:	81bb      	tj.n	bfd4 <l2cap_att_handler+0x494>
    bc5c:	a308      	tmovs	r3, #8
    bc5e:	45e3      	tstorerb	r3, [r4, #23]
    bc60:	066f      	tmov	r7, sp
    bc62:	a00c      	tmovs	r0, #12
    bc64:	1bc7      	tloadrh	r7, [r0, r7]
    bc66:	2327      	tstorerh	r7, [r4, #24]
    bc68:	ec26      	tadds	r6, r4, #0
    bc6a:	b610      	tadds	r6, #16
    bc6c:	8777      	tj.n	bb5e <l2cap_att_handler+0x1e>
    bc6e:	0b75      	tloadr	r3, [pc, #468]	; (be44 <l2cap_att_handler+0x304>)
    bc70:	581a      	tloadr	r2, [r3, #0]
    bc72:	a301      	tmovs	r3, #1
    bc74:	0313      	tors	r3, r2
    bc76:	51e3      	tstorer	r3, [r4, #28]
    bc78:	49f9      	tloadrb	r1, [r7, #7]
    bc7a:	068b      	tmov	fp, r1
    bc7c:	066e      	tmov	r6, sp
    bc7e:	b63a      	tadds	r6, #58	; 0x3a
    bc80:	ec0a      	tadds	r2, r1, #0
    bc82:	2031      	tstorerh	r1, [r6, #0]
    bc84:	4a7b      	tloadrb	r3, [r7, #9]
    bc86:	0699      	tmov	r9, r3
    bc88:	780e      	tadd	r0, sp, #56	; 0x38
    bc8a:	0682      	tmov	sl, r0
    bc8c:	2002      	tstorerh	r2, [r0, #0]
    bc8e:	4b3a      	tloadrb	r2, [r7, #12]
    bc90:	f212      	tshftls	r2, r2, #8
    bc92:	4afb      	tloadrb	r3, [r7, #11]
    bc94:	0313      	tors	r3, r2
    bc96:	0668      	tmov	r0, sp
    bc98:	26c3      	tstorerh	r3, [r0, #54]	; 0x36
    bc9a:	05d9      	tcmp	r9, fp
    bc9c:	c200      	tjcs.n	bca0 <l2cap_att_handler+0x160>
    bc9e:	8190      	tj.n	bfc2 <l2cap_att_handler+0x482>
    bca0:	a100      	tmovs	r1, #0
    bca2:	058b      	tcmp	fp, r1
    bca4:	c100      	tjne.n	bca8 <l2cap_att_handler+0x168>
    bca6:	818c      	tj.n	bfc2 <l2cap_att_handler+0x482>
    bca8:	0658      	tmov	r0, fp
    bcaa:	a20d      	tmovs	r2, #13
    bcac:	e9d2      	tadds	r2, r2, r7
    bcae:	3203      	tstorer	r2, [sp, #12]
    bcb0:	ec3b      	tadds	r3, r7, #0
    bcb2:	ec2f      	tadds	r7, r5, #0
    bcb4:	ec0d      	tadds	r5, r1, #0
    bcb6:	0698      	tmov	r8, r3
    bcb8:	0643      	tmov	r3, r8
    bcba:	489a      	tloadrb	r2, [r3, #2]
    bcbc:	48db      	tloadrb	r3, [r3, #3]
    bcbe:	f21b      	tshftls	r3, r3, #8
    bcc0:	0313      	tors	r3, r2
    bcc2:	bb07      	tsubs	r3, #7
    bcc4:	f41b      	tshftls	r3, r3, #16
    bcc6:	fc1b      	tshftrs	r3, r3, #16
    bcc8:	3300      	tstorer	r3, [sp, #0]
    bcca:	3601      	tstorer	r6, [sp, #4]
    bccc:	0651      	tmov	r1, sl
    bcce:	3102      	tstorer	r1, [sp, #8]
    bcd0:	0649      	tmov	r1, r9
    bcd2:	066a      	tmov	r2, sp
    bcd4:	b236      	tadds	r2, #54	; 0x36
    bcd6:	3b03      	tloadr	r3, [sp, #12]
    bcd8:	97ff 9e42 	tjl	b960 <att_find_by_type_value_search>
    bcdc:	a800      	tcmp	r0, #0
    bcde:	c01d      	tjeq.n	bd1c <l2cap_att_handler+0x1dc>
    bce0:	f06a      	tshftls	r2, r5, #1
    bce2:	2c63      	tloadrh	r3, [r4, #34]	; 0x22
    bce4:	bb04      	tsubs	r3, #4
    bce6:	029a      	tcmp	r2, r3
    bce8:	ca18      	tjge.n	bd1c <l2cap_att_handler+0x1dc>
    bcea:	ecab      	tadds	r3, r5, #2
    bcec:	f05a      	tshftls	r2, r3, #1
    bcee:	4831      	tloadrb	r1, [r6, #0]
    bcf0:	e8ba      	tadds	r2, r7, r2
    bcf2:	40d1      	tstorerb	r1, [r2, #3]
    bcf4:	4871      	tloadrb	r1, [r6, #1]
    bcf6:	4111      	tstorerb	r1, [r2, #4]
    bcf8:	0651      	tmov	r1, sl
    bcfa:	2808      	tloadrh	r0, [r1, #0]
    bcfc:	ec6a      	tadds	r2, r5, #1
    bcfe:	f412      	tshftls	r2, r2, #16
    bd00:	fbd2      	tshftrs	r2, r2, #15
    bd02:	b204      	tadds	r2, #4
    bd04:	e8ba      	tadds	r2, r7, r2
    bd06:	40d0      	tstorerb	r0, [r2, #3]
    bd08:	fa01      	tshftrs	r1, r0, #8
    bd0a:	4111      	tstorerb	r1, [r2, #4]
    bd0c:	f41d      	tshftls	r5, r3, #16
    bd0e:	fc2d      	tshftrs	r5, r5, #16
    bd10:	b001      	tadds	r0, #1
    bd12:	f400      	tshftls	r0, r0, #16
    bd14:	fc00      	tshftrs	r0, r0, #16
    bd16:	2030      	tstorerh	r0, [r6, #0]
    bd18:	0581      	tcmp	r9, r0
    bd1a:	c2cd      	tjcs.n	bcb8 <l2cap_att_handler+0x178>
    bd1c:	06a8      	tmov	r8, r5
    bd1e:	a200      	tmovs	r2, #0
    bd20:	0590      	tcmp	r8, r2
    bd22:	c100      	tjne.n	bd26 <l2cap_att_handler+0x1e6>
    bd24:	814f      	tj.n	bfc6 <l2cap_att_handler+0x486>
    bd26:	0643      	tmov	r3, r8
    bd28:	f45a      	tshftls	r2, r3, #17
    bd2a:	a480      	tmovs	r4, #128	; 0x80
    bd2c:	f264      	tshftls	r4, r4, #9
    bd2e:	e912      	tadds	r2, r2, r4
    bd30:	fc13      	tshftrs	r3, r2, #16
    bd32:	40bb      	tstorerb	r3, [r7, #2]
    bd34:	fe12      	tshftrs	r2, r2, #24
    bd36:	40fa      	tstorerb	r2, [r7, #3]
    bd38:	b304      	tadds	r3, #4
    bd3a:	407b      	tstorerb	r3, [r7, #1]
    bd3c:	a307      	tmovs	r3, #7
    bd3e:	41bb      	tstorerb	r3, [r7, #6]
    bd40:	ec3e      	tadds	r6, r7, #0
    bd42:	870c      	tj.n	bb5e <l2cap_att_handler+0x1e>
    bd44:	0b3f      	tloadr	r3, [pc, #252]	; (be44 <l2cap_att_handler+0x304>)
    bd46:	581b      	tloadr	r3, [r3, #0]
    bd48:	a201      	tmovs	r2, #1
    bd4a:	0313      	tors	r3, r2
    bd4c:	51e3      	tstorer	r3, [r4, #28]
    bd4e:	49f8      	tloadrb	r0, [r7, #7]
    bd50:	a136      	tmovs	r1, #54	; 0x36
    bd52:	0469      	tadd	r1, sp
    bd54:	0689      	tmov	r9, r1
    bd56:	2008      	tstorerh	r0, [r1, #0]
    bd58:	4a79      	tloadrb	r1, [r7, #9]
    bd5a:	068b      	tmov	fp, r1
    bd5c:	4b39      	tloadrb	r1, [r7, #12]
    bd5e:	f209      	tshftls	r1, r1, #8
    bd60:	4afb      	tloadrb	r3, [r7, #11]
    bd62:	030b      	tors	r3, r1
    bd64:	790e      	tadd	r1, sp, #56	; 0x38
    bd66:	068a      	tmov	sl, r1
    bd68:	200b      	tstorerh	r3, [r1, #0]
    bd6a:	066e      	tmov	r6, sp
    bd6c:	b63a      	tadds	r6, #58	; 0x3a
    bd6e:	2030      	tstorerh	r0, [r6, #0]
    bd70:	0583      	tcmp	fp, r0
    bd72:	c200      	tjcs.n	bd76 <l2cap_att_handler+0x236>
    bd74:	8158      	tj.n	c028 <l2cap_att_handler+0x4e8>
    bd76:	a800      	tcmp	r0, #0
    bd78:	c100      	tjne.n	bd7c <l2cap_att_handler+0x23c>
    bd7a:	8155      	tj.n	c028 <l2cap_att_handler+0x4e8>
    bd7c:	0932      	tloadr	r1, [pc, #200]	; (be48 <l2cap_att_handler+0x308>)
    bd7e:	e8c9      	tadds	r1, r1, r3
    bd80:	f409      	tshftls	r1, r1, #16
    bd82:	fc09      	tshftrs	r1, r1, #16
    bd84:	068c      	tmov	ip, r1
    bd86:	0562      	tcmp	r2, ip
    bd88:	c204      	tjcs.n	bd94 <l2cap_att_handler+0x254>
    bd8a:	0a30      	tloadr	r2, [pc, #192]	; (be4c <l2cap_att_handler+0x30c>)
    bd8c:	e89b      	tadds	r3, r3, r2
    bd8e:	ab00      	tcmp	r3, #0
    bd90:	c000      	tjeq.n	bd94 <l2cap_att_handler+0x254>
    bd92:	81a8      	tj.n	c0e6 <l2cap_att_handler+0x5a6>
    bd94:	48ba      	tloadrb	r2, [r7, #2]
    bd96:	48fb      	tloadrb	r3, [r7, #3]
    bd98:	f21b      	tshftls	r3, r3, #8
    bd9a:	0313      	tors	r3, r2
    bd9c:	ab15      	tcmp	r3, #21
    bd9e:	c100      	tjne.n	bda2 <l2cap_att_handler+0x262>
    bda0:	831f      	tj.n	c3e2 <l2cap_att_handler+0x8a2>
    bda2:	ab07      	tcmp	r3, #7
    bda4:	c101      	tjne.n	bdaa <l2cap_att_handler+0x26a>
    bda6:	9000 9c0b 	tjl	c5c0 <l2cap_att_handler+0xa80>
    bdaa:	a30d      	tmovs	r3, #13
    bdac:	46a3      	tstorerb	r3, [r4, #26]
    bdae:	a310      	tmovs	r3, #16
    bdb0:	45e3      	tstorerb	r3, [r4, #23]
    bdb2:	49fb      	tloadrb	r3, [r7, #7]
    bdb4:	2323      	tstorerh	r3, [r4, #24]
    bdb6:	ec26      	tadds	r6, r4, #0
    bdb8:	b610      	tadds	r6, #16
    bdba:	86d0      	tj.n	bb5e <l2cap_att_handler+0x1e>
    bdbc:	49f9      	tloadrb	r1, [r7, #7]
    bdbe:	45e3      	tstorerb	r3, [r4, #23]
    bdc0:	49fb      	tloadrb	r3, [r7, #7]
    bdc2:	2323      	tstorerh	r3, [r4, #24]
    bdc4:	4810      	tloadrb	r0, [r2, #0]
    bdc6:	4853      	tloadrb	r3, [r2, #1]
    bdc8:	f21b      	tshftls	r3, r3, #8
    bdca:	0303      	tors	r3, r0
    bdcc:	0299      	tcmp	r1, r3
    bdce:	c900      	tjls.n	bdd2 <l2cap_att_handler+0x292>
    bdd0:	80e4      	tj.n	bf9c <l2cap_att_handler+0x45c>
    bdd2:	f04b      	tshftls	r3, r1, #1
    bdd4:	e859      	tadds	r1, r3, r1
    bdd6:	f0c9      	tshftls	r1, r1, #3
    bdd8:	e852      	tadds	r2, r2, r1
    bdda:	0690      	tmov	r8, r2
    bddc:	4891      	tloadrb	r1, [r2, #2]
    bdde:	f7ca      	tshftls	r2, r1, #31
    bde0:	c500      	tjpl.n	bde4 <l2cap_att_handler+0x2a4>
    bde2:	819d      	tj.n	c120 <l2cap_att_handler+0x5e0>
    bde4:	a302      	tmovs	r3, #2
    bde6:	46a3      	tstorerb	r3, [r4, #26]
    bde8:	ec26      	tadds	r6, r4, #0
    bdea:	b610      	tadds	r6, #16
    bdec:	86b7      	tj.n	bb5e <l2cap_att_handler+0x1e>
    bdee:	0b15      	tloadr	r3, [pc, #84]	; (be44 <l2cap_att_handler+0x304>)
    bdf0:	5819      	tloadr	r1, [r3, #0]
    bdf2:	a301      	tmovs	r3, #1
    bdf4:	030b      	tors	r3, r1
    bdf6:	51e3      	tstorer	r3, [r4, #28]
    bdf8:	49fe      	tloadrb	r6, [r7, #7]
    bdfa:	4a7b      	tloadrb	r3, [r7, #9]
    bdfc:	4811      	tloadrb	r1, [r2, #0]
    bdfe:	4850      	tloadrb	r0, [r2, #1]
    be00:	f200      	tshftls	r0, r0, #8
    be02:	0308      	tors	r0, r1
    be04:	ec19      	tadds	r1, r3, #0
    be06:	0283      	tcmp	r3, r0
    be08:	c900      	tjls.n	be0c <l2cap_att_handler+0x2cc>
    be0a:	ec01      	tadds	r1, r0, #0
    be0c:	f409      	tshftls	r1, r1, #16
    be0e:	fc09      	tshftrs	r1, r1, #16
    be10:	068a      	tmov	sl, r1
    be12:	0556      	tcmp	r6, sl
    be14:	c85d      	tjhi.n	bed2 <l2cap_att_handler+0x392>
    be16:	2c63      	tloadrh	r3, [r4, #34]	; 0x22
    be18:	ab13      	tcmp	r3, #19
    be1a:	cd5a      	tjle.n	bed2 <l2cap_att_handler+0x392>
    be1c:	a000      	tmovs	r0, #0
    be1e:	0680      	tmov	r8, r0
    be20:	a101      	tmovs	r1, #1
    be22:	a700      	tmovs	r7, #0
    be24:	a308      	tmovs	r3, #8
    be26:	e95b      	tadds	r3, r3, r5
    be28:	0699      	tmov	r9, r3
    be2a:	068b      	tmov	fp, r1
    be2c:	8044      	tj.n	beb8 <l2cap_att_handler+0x378>
    be2e:	46c0      	tnop			; (mov r8, r8)
    be30:	008435dc 	undefined instruction 0x008435dc
    be34:	00843644 	taddeq	r3, r4, r4, asr #12
    be38:	0000feb8 	undefined instruction 0x0000feb8
    be3c:	00843630 	taddeq	r3, r4, r0, lsr r6
    be40:	0084353c 	taddeq	r3, r4, ip, lsr r5
    be44:	00800740 	taddeq	r0, r0, r0, asr #14
    be48:	ffffd800 	undefined instruction 0xffffd800
    be4c:	ffffd7fd 	undefined instruction 0xffffd7fd
    be50:	48d9      	tloadrb	r1, [r3, #3]
    be52:	0688      	tmov	r8, r1
    be54:	e9ea      	tadds	r2, r5, r7
    be56:	4216      	tstorerb	r6, [r2, #8]
    be58:	ec7a      	tadds	r2, r7, #1
    be5a:	e8a8      	tadds	r0, r5, r2
    be5c:	fa31      	tshftrs	r1, r6, #8
    be5e:	4201      	tstorerb	r1, [r0, #8]
    be60:	ec50      	tadds	r0, r2, #1
    be62:	48da      	tloadrb	r2, [r3, #3]
    be64:	aa02      	tcmp	r2, #2
    be66:	c17b      	tjne.n	bf60 <l2cap_att_handler+0x420>
    be68:	e82a      	tadds	r2, r5, r0
    be6a:	4a1f      	tloadrb	r7, [r3, #8]
    be6c:	4a59      	tloadrb	r1, [r3, #9]
    be6e:	f209      	tshftls	r1, r1, #8
    be70:	030f      	tors	r7, r1
    be72:	4a99      	tloadrb	r1, [r3, #10]
    be74:	f409      	tshftls	r1, r1, #16
    be76:	030f      	tors	r7, r1
    be78:	4ad9      	tloadrb	r1, [r3, #11]
    be7a:	f609      	tshftls	r1, r1, #24
    be7c:	030f      	tors	r7, r1
    be7e:	483f      	tloadrb	r7, [r7, #0]
    be80:	4217      	tstorerb	r7, [r2, #8]
    be82:	ec47      	tadds	r7, r0, #1
    be84:	e9ea      	tadds	r2, r5, r7
    be86:	4a18      	tloadrb	r0, [r3, #8]
    be88:	4a59      	tloadrb	r1, [r3, #9]
    be8a:	f209      	tshftls	r1, r1, #8
    be8c:	0308      	tors	r0, r1
    be8e:	4a99      	tloadrb	r1, [r3, #10]
    be90:	f409      	tshftls	r1, r1, #16
    be92:	0308      	tors	r0, r1
    be94:	4adb      	tloadrb	r3, [r3, #11]
    be96:	f61b      	tshftls	r3, r3, #24
    be98:	0303      	tors	r3, r0
    be9a:	485b      	tloadrb	r3, [r3, #1]
    be9c:	4213      	tstorerb	r3, [r2, #8]
    be9e:	b701      	tadds	r7, #1
    bea0:	a304      	tmovs	r3, #4
    bea2:	b601      	tadds	r6, #1
    bea4:	f436      	tshftls	r6, r6, #16
    bea6:	fc36      	tshftrs	r6, r6, #16
    bea8:	05b2      	tcmp	sl, r6
    beaa:	c37c      	tjcc.n	bfa6 <l2cap_att_handler+0x466>
    beac:	2c62      	tloadrh	r2, [r4, #34]	; 0x22
    beae:	ba01      	tsubs	r2, #1
    beb0:	e9db      	tadds	r3, r3, r7
    beb2:	029a      	tcmp	r2, r3
    beb4:	cd77      	tjle.n	bfa6 <l2cap_att_handler+0x466>
    beb6:	5822      	tloadr	r2, [r4, #0]
    beb8:	f073      	tshftls	r3, r6, #1
    beba:	e99b      	tadds	r3, r3, r6
    bebc:	f0db      	tshftls	r3, r3, #3
    bebe:	e8d3      	tadds	r3, r2, r3
    bec0:	a000      	tmovs	r0, #0
    bec2:	0580      	tcmp	r8, r0
    bec4:	c0c4      	tjeq.n	be50 <l2cap_att_handler+0x310>
    bec6:	48da      	tloadrb	r2, [r3, #3]
    bec8:	0542      	tcmp	r2, r8
    beca:	c0c3      	tjeq.n	be54 <l2cap_att_handler+0x314>
    becc:	0659      	tmov	r1, fp
    bece:	af00      	tcmp	r7, #0
    bed0:	c16a      	tjne.n	bfa8 <l2cap_att_handler+0x468>
    bed2:	a304      	tmovs	r3, #4
    bed4:	45e3      	tstorerb	r3, [r4, #23]
    bed6:	2326      	tstorerh	r6, [r4, #24]
    bed8:	ec26      	tadds	r6, r4, #0
    beda:	b610      	tadds	r6, #16
    bedc:	863f      	tj.n	bb5e <l2cap_att_handler+0x1e>
    bede:	ab02      	tcmp	r3, #2
    bee0:	c100      	tjne.n	bee4 <l2cap_att_handler+0x3a4>
    bee2:	80a4      	tj.n	c02e <l2cap_att_handler+0x4ee>
    bee4:	2c23      	tloadrh	r3, [r4, #32]
    bee6:	a600      	tmovs	r6, #0
    bee8:	4a39      	tloadrb	r1, [r7, #8]
    beea:	f209      	tshftls	r1, r1, #8
    beec:	49fa      	tloadrb	r2, [r7, #7]
    beee:	030a      	tors	r2, r1
    bef0:	ec19      	tadds	r1, r3, #0
    bef2:	0293      	tcmp	r3, r2
    bef4:	c900      	tjls.n	bef8 <l2cap_att_handler+0x3b8>
    bef6:	ec11      	tadds	r1, r2, #0
    bef8:	f40b      	tshftls	r3, r1, #16
    befa:	fc1d      	tshftrs	r5, r3, #16
    befc:	2465      	tstorerh	r5, [r4, #34]	; 0x22
    befe:	09cf      	tloadr	r1, [pc, #828]	; (c23c <l2cap_att_handler+0x6fc>)
    bf00:	5809      	tloadr	r1, [r1, #0]
    bf02:	f3cc      	tshftls	r4, r1, #15
    bf04:	c400      	tjmi.n	bf08 <l2cap_att_handler+0x3c8>
    bf06:	862a      	tj.n	bb5e <l2cap_att_handler+0x1e>
    bf08:	7909      	tadd	r1, sp, #36	; 0x24
    bf0a:	4008      	tstorerb	r0, [r1, #0]
    bf0c:	fa00      	tshftrs	r0, r0, #8
    bf0e:	4048      	tstorerb	r0, [r1, #1]
    bf10:	408a      	tstorerb	r2, [r1, #2]
    bf12:	fa12      	tshftrs	r2, r2, #8
    bf14:	40ca      	tstorerb	r2, [r1, #3]
    bf16:	410d      	tstorerb	r5, [r1, #4]
    bf18:	fe1b      	tshftrs	r3, r3, #24
    bf1a:	414b      	tstorerb	r3, [r1, #5]
    bf1c:	a010      	tmovs	r0, #16
    bf1e:	a206      	tmovs	r2, #6
    bf20:	9000 9d68 	tjl	c9f4 <blc_gap_send_event>
    bf24:	861b      	tj.n	bb5e <l2cap_att_handler+0x1e>
    bf26:	49f9      	tloadrb	r1, [r7, #7]
    bf28:	45e3      	tstorerb	r3, [r4, #23]
    bf2a:	49fb      	tloadrb	r3, [r7, #7]
    bf2c:	2323      	tstorerh	r3, [r4, #24]
    bf2e:	4810      	tloadrb	r0, [r2, #0]
    bf30:	4853      	tloadrb	r3, [r2, #1]
    bf32:	f21b      	tshftls	r3, r3, #8
    bf34:	0303      	tors	r3, r0
    bf36:	0299      	tcmp	r1, r3
    bf38:	c82d      	tjhi.n	bf96 <l2cap_att_handler+0x456>
    bf3a:	f04b      	tshftls	r3, r1, #1
    bf3c:	e859      	tadds	r1, r3, r1
    bf3e:	f0c9      	tshftls	r1, r1, #3
    bf40:	e852      	tadds	r2, r2, r1
    bf42:	0690      	tmov	r8, r2
    bf44:	4891      	tloadrb	r1, [r2, #2]
    bf46:	f78b      	tshftls	r3, r1, #30
    bf48:	c500      	tjpl.n	bf4c <l2cap_att_handler+0x40c>
    bf4a:	80cf      	tj.n	c0ec <l2cap_att_handler+0x5ac>
    bf4c:	a303      	tmovs	r3, #3
    bf4e:	46a3      	tstorerb	r3, [r4, #26]
    bf50:	49bb      	tloadrb	r3, [r7, #6]
    bf52:	a600      	tmovs	r6, #0
    bf54:	ab52      	tcmp	r3, #82	; 0x52
    bf56:	c100      	tjne.n	bf5a <l2cap_att_handler+0x41a>
    bf58:	8601      	tj.n	bb5e <l2cap_att_handler+0x1e>
    bf5a:	ec26      	tadds	r6, r4, #0
    bf5c:	b610      	tadds	r6, #16
    bf5e:	85fe      	tj.n	bb5e <l2cap_att_handler+0x1e>
    bf60:	0448      	tadd	r0, r9
    bf62:	3003      	tstorer	r0, [sp, #12]
    bf64:	4a18      	tloadrb	r0, [r3, #8]
    bf66:	4a59      	tloadrb	r1, [r3, #9]
    bf68:	f209      	tshftls	r1, r1, #8
    bf6a:	0308      	tors	r0, r1
    bf6c:	0683      	tmov	fp, r0
    bf6e:	4a98      	tloadrb	r0, [r3, #10]
    bf70:	f400      	tshftls	r0, r0, #16
    bf72:	0659      	tmov	r1, fp
    bf74:	0301      	tors	r1, r0
    bf76:	4adb      	tloadrb	r3, [r3, #11]
    bf78:	f61b      	tshftls	r3, r3, #24
    bf7a:	0319      	tors	r1, r3
    bf7c:	3803      	tloadr	r0, [sp, #12]
    bf7e:	97fc 9ce3 	tjl	8948 <memcpy>
    bf82:	b712      	tadds	r7, #18
    bf84:	a202      	tmovs	r2, #2
    bf86:	0693      	tmov	fp, r2
    bf88:	a312      	tmovs	r3, #18
    bf8a:	878a      	tj.n	bea2 <l2cap_att_handler+0x362>
    bf8c:	0bac      	tloadr	r3, [pc, #688]	; (c240 <l2cap_att_handler+0x700>)
    bf8e:	481a      	tloadrb	r2, [r3, #0]
    bf90:	a102      	tmovs	r1, #2
    bf92:	038a      	tbclrs	r2, r1
    bf94:	401a      	tstorerb	r2, [r3, #0]
    bf96:	a301      	tmovs	r3, #1
    bf98:	46a3      	tstorerb	r3, [r4, #26]
    bf9a:	87de      	tj.n	bf5a <l2cap_att_handler+0x41a>
    bf9c:	a301      	tmovs	r3, #1
    bf9e:	46a3      	tstorerb	r3, [r4, #26]
    bfa0:	ec26      	tadds	r6, r4, #0
    bfa2:	b610      	tadds	r6, #16
    bfa4:	85db      	tj.n	bb5e <l2cap_att_handler+0x1e>
    bfa6:	0659      	tmov	r1, fp
    bfa8:	b702      	tadds	r7, #2
    bfaa:	f43f      	tshftls	r7, r7, #16
    bfac:	fc3b      	tshftrs	r3, r7, #16
    bfae:	40ab      	tstorerb	r3, [r5, #2]
    bfb0:	fe3f      	tshftrs	r7, r7, #24
    bfb2:	40ef      	tstorerb	r7, [r5, #3]
    bfb4:	b304      	tadds	r3, #4
    bfb6:	406b      	tstorerb	r3, [r5, #1]
    bfb8:	a305      	tmovs	r3, #5
    bfba:	41ab      	tstorerb	r3, [r5, #6]
    bfbc:	41e9      	tstorerb	r1, [r5, #7]
    bfbe:	ec2e      	tadds	r6, r5, #0
    bfc0:	85cd      	tj.n	bb5e <l2cap_att_handler+0x1e>
    bfc2:	a301      	tmovs	r3, #1
    bfc4:	46a3      	tstorerb	r3, [r4, #26]
    bfc6:	a306      	tmovs	r3, #6
    bfc8:	45e3      	tstorerb	r3, [r4, #23]
    bfca:	065d      	tmov	r5, fp
    bfcc:	2325      	tstorerh	r5, [r4, #24]
    bfce:	ec26      	tadds	r6, r4, #0
    bfd0:	b610      	tadds	r6, #16
    bfd2:	85c4      	tj.n	bb5e <l2cap_att_handler+0x1e>
    bfd4:	a702      	tmovs	r7, #2
    bfd6:	05bb      	tcmp	fp, r7
    bfd8:	c104      	tjne.n	bfe4 <l2cap_att_handler+0x4a4>
    bfda:	0640      	tmov	r0, r8
    bfdc:	4803      	tloadrb	r3, [r0, #0]
    bfde:	ab03      	tcmp	r3, #3
    bfe0:	c100      	tjne.n	bfe4 <l2cap_att_handler+0x4a4>
    bfe2:	818d      	tj.n	c300 <l2cap_att_handler+0x7c0>
    bfe4:	ec30      	tadds	r0, r6, #0
    bfe6:	0651      	tmov	r1, sl
    bfe8:	0642      	tmov	r2, r8
    bfea:	064b      	tmov	r3, r9
    bfec:	97ff 9bf6 	tjl	b7dc <l2cap_att_search>
    bff0:	a800      	tcmp	r0, #0
    bff2:	c100      	tjne.n	bff6 <l2cap_att_handler+0x4b6>
    bff4:	8163      	tj.n	c2be <l2cap_att_handler+0x77e>
    bff6:	48c3      	tloadrb	r3, [r0, #3]
    bff8:	a600      	tmovs	r6, #0
    bffa:	055b      	tcmp	r3, fp
    bffc:	c000      	tjeq.n	c000 <l2cap_att_handler+0x4c0>
    bffe:	85ae      	tj.n	bb5e <l2cap_att_handler+0x1e>
    c000:	064a      	tmov	r2, r9
    c002:	2813      	tloadrh	r3, [r2, #0]
    c004:	5821      	tloadr	r1, [r4, #0]
    c006:	f05a      	tshftls	r2, r3, #1
    c008:	e8d2      	tadds	r2, r2, r3
    c00a:	f0d2      	tshftls	r2, r2, #3
    c00c:	e88a      	tadds	r2, r1, r2
    c00e:	4892      	tloadrb	r2, [r2, #2]
    c010:	a171      	tmovs	r1, #113	; 0x71
    c012:	0211      	tnand	r1, r2
    c014:	c000      	tjeq.n	c018 <l2cap_att_handler+0x4d8>
    c016:	8119      	tj.n	c24c <l2cap_att_handler+0x70c>
    c018:	a202      	tmovs	r2, #2
    c01a:	46a2      	tstorerb	r2, [r4, #26]
    c01c:	a208      	tmovs	r2, #8
    c01e:	45e2      	tstorerb	r2, [r4, #23]
    c020:	2323      	tstorerh	r3, [r4, #24]
    c022:	ec26      	tadds	r6, r4, #0
    c024:	b610      	tadds	r6, #16
    c026:	859a      	tj.n	bb5e <l2cap_att_handler+0x1e>
    c028:	a301      	tmovs	r3, #1
    c02a:	46a3      	tstorerb	r3, [r4, #26]
    c02c:	86bf      	tj.n	bdae <l2cap_att_handler+0x26e>
    c02e:	2c23      	tloadrh	r3, [r4, #32]
    c030:	42e3      	tstorerb	r3, [r4, #11]
    c032:	fa1a      	tshftrs	r2, r3, #8
    c034:	4322      	tstorerb	r2, [r4, #12]
    c036:	ed26      	tadds	r6, r4, #4
    c038:	8756      	tj.n	bee8 <l2cap_att_handler+0x3a8>
    c03a:	a210      	tmovs	r2, #16
    c03c:	0693      	tmov	fp, r2
    c03e:	85ff      	tj.n	bc40 <l2cap_att_handler+0x100>
    c040:	5ae0      	tloadr	r0, [r4, #44]	; 0x2c
    c042:	a800      	tcmp	r0, #0
    c044:	c100      	tjne.n	c048 <l2cap_att_handler+0x508>
    c046:	82e5      	tj.n	c614 <l2cap_att_handler+0xad4>
    c048:	0b7d      	tloadr	r3, [pc, #500]	; (c240 <l2cap_att_handler+0x700>)
    c04a:	481a      	tloadrb	r2, [r3, #0]
    c04c:	a102      	tmovs	r1, #2
    c04e:	038a      	tbclrs	r2, r1
    c050:	401a      	tstorerb	r2, [r3, #0]
    c052:	49c2      	tloadrb	r2, [r0, #7]
    c054:	5823      	tloadr	r3, [r4, #0]
    c056:	a118      	tmovs	r1, #24
    c058:	45e1      	tstorerb	r1, [r4, #23]
    c05a:	49c1      	tloadrb	r1, [r0, #7]
    c05c:	2321      	tstorerh	r1, [r4, #24]
    c05e:	481e      	tloadrb	r6, [r3, #0]
    c060:	4859      	tloadrb	r1, [r3, #1]
    c062:	f209      	tshftls	r1, r1, #8
    c064:	0331      	tors	r1, r6
    c066:	028a      	tcmp	r2, r1
    c068:	c898      	tjhi.n	bf9c <l2cap_att_handler+0x45c>
    c06a:	f051      	tshftls	r1, r2, #1
    c06c:	e889      	tadds	r1, r1, r2
    c06e:	f0c9      	tshftls	r1, r1, #3
    c070:	e859      	tadds	r1, r3, r1
    c072:	4c0a      	tloadrb	r2, [r1, #16]
    c074:	4c4b      	tloadrb	r3, [r1, #17]
    c076:	f21b      	tshftls	r3, r3, #8
    c078:	0313      	tors	r3, r2
    c07a:	4c8a      	tloadrb	r2, [r1, #18]
    c07c:	f412      	tshftls	r2, r2, #16
    c07e:	0313      	tors	r3, r2
    c080:	4cca      	tloadrb	r2, [r1, #19]
    c082:	f612      	tshftls	r2, r2, #24
    c084:	0313      	tors	r3, r2
    c086:	c100      	tjne.n	c08a <l2cap_att_handler+0x54a>
    c088:	82a6      	tj.n	c5d8 <l2cap_att_handler+0xa98>
    c08a:	9000 9b11 	tjl	c6b0 <l2cap_att_handler+0xb70>
    c08e:	ec2e      	tadds	r6, r5, #0
    c090:	8565      	tj.n	bb5e <l2cap_att_handler+0x1e>
    c092:	a3f0      	tmovs	r3, #240	; 0xf0
    c094:	020b      	tnand	r3, r1
    c096:	c000      	tjeq.n	c09a <l2cap_att_handler+0x55a>
    c098:	8121      	tj.n	c2de <l2cap_att_handler+0x79e>
    c09a:	ec3e      	tadds	r6, r7, #0
    c09c:	b609      	tadds	r6, #9
    c09e:	4875      	tloadrb	r5, [r6, #1]
    c0a0:	f22d      	tshftls	r5, r5, #8
    c0a2:	4a7b      	tloadrb	r3, [r7, #9]
    c0a4:	e8ed      	tadds	r5, r5, r3
    c0a6:	5ae0      	tloadr	r0, [r4, #44]	; 0x2c
    c0a8:	a800      	tcmp	r0, #0
    c0aa:	c07a      	tjeq.n	c1a2 <l2cap_att_handler+0x662>
    c0ac:	ad00      	tcmp	r5, #0
    c0ae:	c100      	tjne.n	c0b2 <l2cap_att_handler+0x572>
    c0b0:	827f      	tj.n	c5b2 <l2cap_att_handler+0xa72>
    c0b2:	48bb      	tloadrb	r3, [r7, #2]
    c0b4:	48fa      	tloadrb	r2, [r7, #3]
    c0b6:	f212      	tshftls	r2, r2, #8
    c0b8:	031a      	tors	r2, r3
    c0ba:	2e23      	tloadrh	r3, [r4, #48]	; 0x30
    c0bc:	e8d3      	tadds	r3, r2, r3
    c0be:	f41b      	tshftls	r3, r3, #16
    c0c0:	0860      	tloadr	r0, [pc, #384]	; (c244 <l2cap_att_handler+0x704>)
    c0c2:	e81b      	tadds	r3, r3, r0
    c0c4:	fc1b      	tshftrs	r3, r3, #16
    c0c6:	2623      	tstorerh	r3, [r4, #48]	; 0x30
    c0c8:	2e61      	tloadrh	r1, [r4, #50]	; 0x32
    c0ca:	b902      	tsubs	r1, #2
    c0cc:	0299      	tcmp	r1, r3
    c0ce:	cd00      	tjle.n	c0d2 <l2cap_att_handler+0x592>
    c0d0:	8092      	tj.n	c1f8 <l2cap_att_handler+0x6b8>
    c0d2:	0b5b      	tloadr	r3, [pc, #364]	; (c240 <l2cap_att_handler+0x700>)
    c0d4:	481a      	tloadrb	r2, [r3, #0]
    c0d6:	a102      	tmovs	r1, #2
    c0d8:	038a      	tbclrs	r2, r1
    c0da:	401a      	tstorerb	r2, [r3, #0]
    c0dc:	a309      	tmovs	r3, #9
    c0de:	46a3      	tstorerb	r3, [r4, #26]
    c0e0:	ec26      	tadds	r6, r4, #0
    c0e2:	b610      	tadds	r6, #16
    c0e4:	853b      	tj.n	bb5e <l2cap_att_handler+0x1e>
    c0e6:	a310      	tmovs	r3, #16
    c0e8:	46a3      	tstorerb	r3, [r4, #26]
    c0ea:	8660      	tj.n	bdae <l2cap_att_handler+0x26e>
    c0ec:	a3f0      	tmovs	r3, #240	; 0xf0
    c0ee:	020b      	tnand	r3, r1
    c0f0:	c000      	tjeq.n	c0f4 <l2cap_att_handler+0x5b4>
    c0f2:	80e7      	tj.n	c2c4 <l2cap_att_handler+0x784>
    c0f4:	49bb      	tloadrb	r3, [r7, #6]
    c0f6:	a600      	tmovs	r6, #0
    c0f8:	ab12      	tcmp	r3, #18
    c0fa:	c100      	tjne.n	c0fe <l2cap_att_handler+0x5be>
    c0fc:	8235      	tj.n	c56a <l2cap_att_handler+0xa2a>
    c0fe:	0645      	tmov	r5, r8
    c100:	4c2a      	tloadrb	r2, [r5, #16]
    c102:	4c6b      	tloadrb	r3, [r5, #17]
    c104:	f21b      	tshftls	r3, r3, #8
    c106:	0313      	tors	r3, r2
    c108:	4caa      	tloadrb	r2, [r5, #18]
    c10a:	f412      	tshftls	r2, r2, #16
    c10c:	0313      	tors	r3, r2
    c10e:	4cea      	tloadrb	r2, [r5, #19]
    c110:	f612      	tshftls	r2, r2, #24
    c112:	0313      	tors	r3, r2
    c114:	c100      	tjne.n	c118 <l2cap_att_handler+0x5d8>
    c116:	8207      	tj.n	c528 <l2cap_att_handler+0x9e8>
    c118:	ec38      	tadds	r0, r7, #0
    c11a:	9000 9ac9 	tjl	c6b0 <l2cap_att_handler+0xb70>
    c11e:	851e      	tj.n	bb5e <l2cap_att_handler+0x1e>
    c120:	a3f0      	tmovs	r3, #240	; 0xf0
    c122:	020b      	tnand	r3, r1
    c124:	c000      	tjeq.n	c128 <l2cap_att_handler+0x5e8>
    c126:	80e4      	tj.n	c2f2 <l2cap_att_handler+0x7b2>
    c128:	0643      	tmov	r3, r8
    c12a:	4d1a      	tloadrb	r2, [r3, #20]
    c12c:	4d5b      	tloadrb	r3, [r3, #21]
    c12e:	f21b      	tshftls	r3, r3, #8
    c130:	0313      	tors	r3, r2
    c132:	0640      	tmov	r0, r8
    c134:	4d82      	tloadrb	r2, [r0, #22]
    c136:	f412      	tshftls	r2, r2, #16
    c138:	0313      	tors	r3, r2
    c13a:	4dc2      	tloadrb	r2, [r0, #23]
    c13c:	f612      	tshftls	r2, r2, #24
    c13e:	0313      	tors	r3, r2
    c140:	c000      	tjeq.n	c144 <l2cap_att_handler+0x604>
    c142:	8240      	tj.n	c5c6 <l2cap_att_handler+0xa86>
    c144:	0641      	tmov	r1, r8
    c146:	4b0b      	tloadrb	r3, [r1, #12]
    c148:	4b49      	tloadrb	r1, [r1, #13]
    c14a:	f209      	tshftls	r1, r1, #8
    c14c:	0319      	tors	r1, r3
    c14e:	0642      	tmov	r2, r8
    c150:	4b93      	tloadrb	r3, [r2, #14]
    c152:	f41b      	tshftls	r3, r3, #16
    c154:	0319      	tors	r1, r3
    c156:	4bd3      	tloadrb	r3, [r2, #15]
    c158:	f61b      	tshftls	r3, r3, #24
    c15a:	0319      	tors	r1, r3
    c15c:	4912      	tloadrb	r2, [r2, #4]
    c15e:	0640      	tmov	r0, r8
    c160:	4943      	tloadrb	r3, [r0, #5]
    c162:	f21b      	tshftls	r3, r3, #8
    c164:	0313      	tors	r3, r2
    c166:	4982      	tloadrb	r2, [r0, #6]
    c168:	f412      	tshftls	r2, r2, #16
    c16a:	0313      	tors	r3, r2
    c16c:	49c2      	tloadrb	r2, [r0, #7]
    c16e:	f612      	tshftls	r2, r2, #24
    c170:	0313      	tors	r3, r2
    c172:	49ba      	tloadrb	r2, [r7, #6]
    c174:	aa0c      	tcmp	r2, #12
    c176:	c100      	tjne.n	c17a <l2cap_att_handler+0x63a>
    c178:	8205      	tj.n	c586 <l2cap_att_handler+0xa46>
    c17a:	a20b      	tmovs	r2, #11
    c17c:	41aa      	tstorerb	r2, [r5, #6]
    c17e:	2c64      	tloadrh	r4, [r4, #34]	; 0x22
    c180:	02a3      	tcmp	r3, r4
    c182:	cb57      	tjlt.n	c234 <l2cap_att_handler+0x6f4>
    c184:	bc01      	tsubs	r4, #1
    c186:	ede8      	tadds	r0, r5, #7
    c188:	ec22      	tadds	r2, r4, #0
    c18a:	97fc 9bdd 	tjl	8948 <memcpy>
    c18e:	b401      	tadds	r4, #1
    c190:	f424      	tshftls	r4, r4, #16
    c192:	fc23      	tshftrs	r3, r4, #16
    c194:	40ab      	tstorerb	r3, [r5, #2]
    c196:	fe24      	tshftrs	r4, r4, #24
    c198:	40ec      	tstorerb	r4, [r5, #3]
    c19a:	b304      	tadds	r3, #4
    c19c:	406b      	tstorerb	r3, [r5, #1]
    c19e:	ec2e      	tadds	r6, r5, #0
    c1a0:	84dd      	tj.n	bb5e <l2cap_att_handler+0x1e>
    c1a2:	ad00      	tcmp	r5, #0
    c1a4:	c100      	tjne.n	c1a8 <l2cap_att_handler+0x668>
    c1a6:	8255      	tj.n	c654 <l2cap_att_handler+0xb14>
    c1a8:	0927      	tloadr	r1, [pc, #156]	; (c248 <l2cap_att_handler+0x708>)
    c1aa:	0688      	tmov	r8, r1
    c1ac:	a1ff      	tmovs	r1, #255	; 0xff
    c1ae:	0689      	tmov	r9, r1
    c1b0:	0642      	tmov	r2, r8
    c1b2:	044a      	tadd	r2, r9
    c1b4:	4811      	tloadrb	r1, [r2, #0]
    c1b6:	f209      	tshftls	r1, r1, #8
    c1b8:	a0fe      	tmovs	r0, #254	; 0xfe
    c1ba:	0643      	tmov	r3, r8
    c1bc:	1c1b      	tloadrb	r3, [r3, r0]
    c1be:	ec1a      	tadds	r2, r3, #0
    c1c0:	030a      	tors	r2, r1
    c1c2:	48b9      	tloadrb	r1, [r7, #2]
    c1c4:	48fb      	tloadrb	r3, [r7, #3]
    c1c6:	f21b      	tshftls	r3, r3, #8
    c1c8:	0319      	tors	r1, r3
    c1ca:	068c      	tmov	ip, r1
    c1cc:	a105      	tmovs	r1, #5
    c1ce:	0249      	tnegs	r1, r1
    c1d0:	ec0b      	tadds	r3, r1, #0
    c1d2:	0463      	tadd	r3, ip
    c1d4:	e8d1      	tadds	r1, r2, r3
    c1d6:	f409      	tshftls	r1, r1, #16
    c1d8:	fc0a      	tshftrs	r2, r1, #16
    c1da:	0694      	tmov	ip, r2
    c1dc:	0643      	tmov	r3, r8
    c1de:	141a      	tstorerb	r2, [r3, r0]
    c1e0:	fe09      	tshftrs	r1, r1, #24
    c1e2:	0640      	tmov	r0, r8
    c1e4:	0448      	tadd	r0, r9
    c1e6:	4001      	tstorerb	r1, [r0, #0]
    c1e8:	a1fd      	tmovs	r1, #253	; 0xfd
    c1ea:	058c      	tcmp	ip, r1
    c1ec:	c900      	tjls.n	c1f0 <l2cap_att_handler+0x6b0>
    c1ee:	8770      	tj.n	c0d2 <l2cap_att_handler+0x592>
    c1f0:	48bb      	tloadrb	r3, [r7, #2]
    c1f2:	48fa      	tloadrb	r2, [r7, #3]
    c1f4:	f212      	tshftls	r2, r2, #8
    c1f6:	031a      	tors	r2, r3
    c1f8:	5ae3      	tloadr	r3, [r4, #44]	; 0x2c
    c1fa:	ab00      	tcmp	r3, #0
    c1fc:	c100      	tjne.n	c200 <l2cap_att_handler+0x6c0>
    c1fe:	820e      	tj.n	c61e <l2cap_att_handler+0xade>
    c200:	ec28      	tadds	r0, r5, #0
    c202:	b009      	tadds	r0, #9
    c204:	e818      	tadds	r0, r3, r0
    c206:	ba05      	tsubs	r2, #5
    c208:	ecb1      	tadds	r1, r6, #2
    c20a:	97fc 9b9d 	tjl	8948 <memcpy>
    c20e:	5ae4      	tloadr	r4, [r4, #44]	; 0x2c
    c210:	0b0b      	tloadr	r3, [pc, #44]	; (c240 <l2cap_att_handler+0x700>)
    c212:	4819      	tloadrb	r1, [r3, #0]
    c214:	a202      	tmovs	r2, #2
    c216:	030a      	tors	r2, r1
    c218:	401a      	tstorerb	r2, [r3, #0]
    c21a:	48ba      	tloadrb	r2, [r7, #2]
    c21c:	48fb      	tloadrb	r3, [r7, #3]
    c21e:	f21b      	tshftls	r3, r3, #8
    c220:	0313      	tors	r3, r2
    c222:	bb02      	tsubs	r3, #2
    c224:	e95d      	tadds	r5, r3, r5
    c226:	40a5      	tstorerb	r5, [r4, #2]
    c228:	fa2d      	tshftrs	r5, r5, #8
    c22a:	40e5      	tstorerb	r5, [r4, #3]
    c22c:	a317      	tmovs	r3, #23
    c22e:	41bb      	tstorerb	r3, [r7, #6]
    c230:	ec3e      	tadds	r6, r7, #0
    c232:	8494      	tj.n	bb5e <l2cap_att_handler+0x1e>
    c234:	03dc      	tmovns	r4, r3
    c236:	e7e4      	tasrs	r4, r4, #31
    c238:	001c      	tands	r4, r3
    c23a:	87a4      	tj.n	c186 <l2cap_att_handler+0x646>
    c23c:	00843630 	taddeq	r3, r4, r0, lsr r6
    c240:	0084353c 	taddeq	r3, r4, ip, lsr r5
    c244:	fffb0000 	undefined instruction 0xfffb0000
    c248:	00849064 	taddeq	r9, r4, r4, rrx
    c24c:	422b      	tstorerb	r3, [r5, #8]
    c24e:	fa1b      	tshftrs	r3, r3, #8
    c250:	426b      	tstorerb	r3, [r5, #9]
    c252:	2c66      	tloadrh	r6, [r4, #34]	; 0x22
    c254:	be04      	tsubs	r6, #4
    c256:	f436      	tshftls	r6, r6, #16
    c258:	4902      	tloadrb	r2, [r0, #4]
    c25a:	4943      	tloadrb	r3, [r0, #5]
    c25c:	f21b      	tshftls	r3, r3, #8
    c25e:	0313      	tors	r3, r2
    c260:	4982      	tloadrb	r2, [r0, #6]
    c262:	f412      	tshftls	r2, r2, #16
    c264:	031a      	tors	r2, r3
    c266:	49c3      	tloadrb	r3, [r0, #7]
    c268:	f61b      	tshftls	r3, r3, #24
    c26a:	0313      	tors	r3, r2
    c26c:	fc36      	tshftrs	r6, r6, #16
    c26e:	029e      	tcmp	r6, r3
    c270:	c900      	tjls.n	c274 <l2cap_att_handler+0x734>
    c272:	ec1e      	tadds	r6, r3, #0
    c274:	f636      	tshftls	r6, r6, #24
    c276:	fe36      	tshftrs	r6, r6, #24
    c278:	ec2b      	tadds	r3, r5, #0
    c27a:	b30a      	tadds	r3, #10
    c27c:	4b02      	tloadrb	r2, [r0, #12]
    c27e:	4b41      	tloadrb	r1, [r0, #13]
    c280:	f209      	tshftls	r1, r1, #8
    c282:	0311      	tors	r1, r2
    c284:	4b82      	tloadrb	r2, [r0, #14]
    c286:	f412      	tshftls	r2, r2, #16
    c288:	030a      	tors	r2, r1
    c28a:	4bc1      	tloadrb	r1, [r0, #15]
    c28c:	f609      	tshftls	r1, r1, #24
    c28e:	0311      	tors	r1, r2
    c290:	ec18      	tadds	r0, r3, #0
    c292:	ec32      	tadds	r2, r6, #0
    c294:	97fc 9b58 	tjl	8948 <memcpy>
    c298:	b602      	tadds	r6, #2
    c29a:	f633      	tshftls	r3, r6, #24
    c29c:	fe1b      	tshftrs	r3, r3, #24
    c29e:	41eb      	tstorerb	r3, [r5, #7]
    c2a0:	ae00      	tcmp	r6, #0
    c2a2:	c100      	tjne.n	c2a6 <l2cap_att_handler+0x766>
    c2a4:	81f3      	tj.n	c68e <l2cap_att_handler+0xb4e>
    c2a6:	b602      	tadds	r6, #2
    c2a8:	f436      	tshftls	r6, r6, #16
    c2aa:	fc33      	tshftrs	r3, r6, #16
    c2ac:	40ab      	tstorerb	r3, [r5, #2]
    c2ae:	fe36      	tshftrs	r6, r6, #24
    c2b0:	40ee      	tstorerb	r6, [r5, #3]
    c2b2:	b304      	tadds	r3, #4
    c2b4:	406b      	tstorerb	r3, [r5, #1]
    c2b6:	a309      	tmovs	r3, #9
    c2b8:	41ab      	tstorerb	r3, [r5, #6]
    c2ba:	ec2e      	tadds	r6, r5, #0
    c2bc:	844f      	tj.n	bb5e <l2cap_att_handler+0x1e>
    c2be:	a300      	tmovs	r3, #0
    c2c0:	a600      	tmovs	r6, #0
    c2c2:	87ec      	tj.n	c29e <l2cap_att_handler+0x75e>
    c2c4:	a040      	tmovs	r0, #64	; 0x40
    c2c6:	9000 9a01 	tjl	c6cc <blc_gatt_requestServiceAccess>
    c2ca:	a800      	tcmp	r0, #0
    c2cc:	c100      	tjne.n	c2d0 <l2cap_att_handler+0x790>
    c2ce:	8711      	tj.n	c0f4 <l2cap_att_handler+0x5b4>
    c2d0:	46a0      	tstorerb	r0, [r4, #26]
    c2d2:	49bb      	tloadrb	r3, [r7, #6]
    c2d4:	a600      	tmovs	r6, #0
    c2d6:	ab52      	tcmp	r3, #82	; 0x52
    c2d8:	c000      	tjeq.n	c2dc <l2cap_att_handler+0x79c>
    c2da:	863e      	tj.n	bf5a <l2cap_att_handler+0x41a>
    c2dc:	843f      	tj.n	bb5e <l2cap_att_handler+0x1e>
    c2de:	a040      	tmovs	r0, #64	; 0x40
    c2e0:	9000 99f4 	tjl	c6cc <blc_gatt_requestServiceAccess>
    c2e4:	a800      	tcmp	r0, #0
    c2e6:	c100      	tjne.n	c2ea <l2cap_att_handler+0x7aa>
    c2e8:	86d7      	tj.n	c09a <l2cap_att_handler+0x55a>
    c2ea:	46a0      	tstorerb	r0, [r4, #26]
    c2ec:	ec26      	tadds	r6, r4, #0
    c2ee:	b610      	tadds	r6, #16
    c2f0:	8435      	tj.n	bb5e <l2cap_att_handler+0x1e>
    c2f2:	a040      	tmovs	r0, #64	; 0x40
    c2f4:	9000 99ea 	tjl	c6cc <blc_gatt_requestServiceAccess>
    c2f8:	a800      	tcmp	r0, #0
    c2fa:	c100      	tjne.n	c2fe <l2cap_att_handler+0x7be>
    c2fc:	8714      	tj.n	c128 <l2cap_att_handler+0x5e8>
    c2fe:	87f4      	tj.n	c2ea <l2cap_att_handler+0x7aa>
    c300:	4843      	tloadrb	r3, [r0, #1]
    c302:	ab28      	tcmp	r3, #40	; 0x28
    c304:	c000      	tjeq.n	c308 <l2cap_att_handler+0x7c8>
    c306:	866d      	tj.n	bfe4 <l2cap_att_handler+0x4a4>
    c308:	a700      	tmovs	r7, #0
    c30a:	a600      	tmovs	r6, #0
    c30c:	a108      	tmovs	r1, #8
    c30e:	e949      	tadds	r1, r1, r5
    c310:	3103      	tstorer	r1, [sp, #12]
    c312:	06d3      	tmov	fp, sl
    c314:	06aa      	tmov	sl, r5
    c316:	ec35      	tadds	r5, r6, #0
    c318:	064e      	tmov	r6, r9
    c31a:	8054      	tj.n	c3c6 <l2cap_att_handler+0x886>
    c31c:	af00      	tcmp	r7, #0
    c31e:	c002      	tjeq.n	c326 <l2cap_att_handler+0x7e6>
    c320:	4ec3      	tloadrb	r3, [r0, #27]
    c322:	02bb      	tcmp	r3, r7
    c324:	c157      	tjne.n	c3d6 <l2cap_att_handler+0x896>
    c326:	e9ea      	tadds	r2, r5, r7
    c328:	b204      	tadds	r2, #4
    c32a:	2c63      	tloadrh	r3, [r4, #34]	; 0x22
    c32c:	bb02      	tsubs	r3, #2
    c32e:	029a      	tcmp	r2, r3
    c330:	ca51      	tjge.n	c3d6 <l2cap_att_handler+0x896>
    c332:	2833      	tloadrh	r3, [r6, #0]
    c334:	ec2a      	tadds	r2, r5, #0
    c336:	0452      	tadd	r2, sl
    c338:	4213      	tstorerb	r3, [r2, #8]
    c33a:	ec6a      	tadds	r2, r5, #1
    c33c:	f412      	tshftls	r2, r2, #16
    c33e:	fc12      	tshftrs	r2, r2, #16
    c340:	b301      	tadds	r3, #1
    c342:	f41b      	tshftls	r3, r3, #16
    c344:	fc1b      	tshftrs	r3, r3, #16
    c346:	2033      	tstorerh	r3, [r6, #0]
    c348:	ec11      	tadds	r1, r2, #0
    c34a:	0451      	tadd	r1, sl
    c34c:	a500      	tmovs	r5, #0
    c34e:	420d      	tstorerb	r5, [r1, #8]
    c350:	b201      	tadds	r2, #1
    c352:	f412      	tshftls	r2, r2, #16
    c354:	fc12      	tshftrs	r2, r2, #16
    c356:	ec11      	tadds	r1, r2, #0
    c358:	0451      	tadd	r1, sl
    c35a:	4b07      	tloadrb	r7, [r0, #12]
    c35c:	4b45      	tloadrb	r5, [r0, #13]
    c35e:	f22d      	tshftls	r5, r5, #8
    c360:	033d      	tors	r5, r7
    c362:	4b87      	tloadrb	r7, [r0, #14]
    c364:	f43f      	tshftls	r7, r7, #16
    c366:	033d      	tors	r5, r7
    c368:	4bc7      	tloadrb	r7, [r0, #15]
    c36a:	f63f      	tshftls	r7, r7, #24
    c36c:	033d      	tors	r5, r7
    c36e:	482d      	tloadrb	r5, [r5, #0]
    c370:	420d      	tstorerb	r5, [r1, #8]
    c372:	b201      	tadds	r2, #1
    c374:	f412      	tshftls	r2, r2, #16
    c376:	fc12      	tshftrs	r2, r2, #16
    c378:	ec05      	tadds	r5, r0, #0
    c37a:	b518      	tadds	r5, #24
    c37c:	ec11      	tadds	r1, r2, #0
    c37e:	0451      	tadd	r1, sl
    c380:	420b      	tstorerb	r3, [r1, #8]
    c382:	b201      	tadds	r2, #1
    c384:	f412      	tshftls	r2, r2, #16
    c386:	fc12      	tshftrs	r2, r2, #16
    c388:	b301      	tadds	r3, #1
    c38a:	2033      	tstorerh	r3, [r6, #0]
    c38c:	ec13      	tadds	r3, r2, #0
    c38e:	0453      	tadd	r3, sl
    c390:	a700      	tmovs	r7, #0
    c392:	421f      	tstorerb	r7, [r3, #8]
    c394:	b201      	tadds	r2, #1
    c396:	f412      	tshftls	r2, r2, #16
    c398:	fc12      	tshftrs	r2, r2, #16
    c39a:	0691      	tmov	r9, r2
    c39c:	3903      	tloadr	r1, [sp, #12]
    c39e:	ec08      	tadds	r0, r1, #0
    c3a0:	0448      	tadd	r0, r9
    c3a2:	48ea      	tloadrb	r2, [r5, #3]
    c3a4:	4a2b      	tloadrb	r3, [r5, #8]
    c3a6:	4a69      	tloadrb	r1, [r5, #9]
    c3a8:	f209      	tshftls	r1, r1, #8
    c3aa:	0319      	tors	r1, r3
    c3ac:	4aab      	tloadrb	r3, [r5, #10]
    c3ae:	f41b      	tshftls	r3, r3, #16
    c3b0:	0319      	tors	r1, r3
    c3b2:	4aeb      	tloadrb	r3, [r5, #11]
    c3b4:	f61b      	tshftls	r3, r3, #24
    c3b6:	0319      	tors	r1, r3
    c3b8:	97fc 9ac6 	tjl	8948 <memcpy>
    c3bc:	48ef      	tloadrb	r7, [r5, #3]
    c3be:	ec3d      	tadds	r5, r7, #0
    c3c0:	044d      	tadd	r5, r9
    c3c2:	f42d      	tshftls	r5, r5, #16
    c3c4:	fc2d      	tshftrs	r5, r5, #16
    c3c6:	2830      	tloadrh	r0, [r6, #0]
    c3c8:	0659      	tmov	r1, fp
    c3ca:	0642      	tmov	r2, r8
    c3cc:	ec33      	tadds	r3, r6, #0
    c3ce:	97ff 9a05 	tjl	b7dc <l2cap_att_search>
    c3d2:	a800      	tcmp	r0, #0
    c3d4:	c1a2      	tjne.n	c31c <l2cap_att_handler+0x7dc>
    c3d6:	06b1      	tmov	r9, r6
    c3d8:	ec2e      	tadds	r6, r5, #0
    c3da:	0655      	tmov	r5, sl
    c3dc:	b705      	tadds	r7, #5
    c3de:	41ef      	tstorerb	r7, [r5, #7]
    c3e0:	875e      	tj.n	c2a0 <l2cap_att_handler+0x760>
    c3e2:	a110      	tmovs	r1, #16
    c3e4:	3105      	tstorer	r1, [sp, #20]
    c3e6:	a202      	tmovs	r2, #2
    c3e8:	3204      	tstorer	r2, [sp, #16]
    c3ea:	a300      	tmovs	r3, #0
    c3ec:	3303      	tstorer	r3, [sp, #12]
    c3ee:	a108      	tmovs	r1, #8
    c3f0:	e949      	tadds	r1, r1, r5
    c3f2:	3107      	tstorer	r1, [sp, #28]
    c3f4:	3708      	tstorer	r7, [sp, #32]
    c3f6:	0652      	tmov	r2, sl
    c3f8:	3206      	tstorer	r2, [sp, #24]
    c3fa:	069a      	tmov	sl, r3
    c3fc:	ec37      	tadds	r7, r6, #0
    c3fe:	8060      	tj.n	c4c2 <l2cap_att_handler+0x982>
    c400:	4932      	tloadrb	r2, [r6, #4]
    c402:	4973      	tloadrb	r3, [r6, #5]
    c404:	f21b      	tshftls	r3, r3, #8
    c406:	0313      	tors	r3, r2
    c408:	49b2      	tloadrb	r2, [r6, #6]
    c40a:	f412      	tshftls	r2, r2, #16
    c40c:	0313      	tors	r3, r2
    c40e:	49f2      	tloadrb	r2, [r6, #7]
    c410:	f612      	tshftls	r2, r2, #24
    c412:	031a      	tors	r2, r3
    c414:	0690      	tmov	r8, r2
    c416:	2c63      	tloadrh	r3, [r4, #34]	; 0x22
    c418:	bb04      	tsubs	r3, #4
    c41a:	0641      	tmov	r1, r8
    c41c:	ea5b      	tsubs	r3, r3, r1
    c41e:	3a04      	tloadr	r2, [sp, #16]
    c420:	029a      	tcmp	r2, r3
    c422:	c900      	tjls.n	c426 <l2cap_att_handler+0x8e6>
    c424:	807d      	tj.n	c522 <l2cap_att_handler+0x9e2>
    c426:	064b      	tmov	r3, r9
    c428:	281a      	tloadrh	r2, [r3, #0]
    c42a:	3803      	tloadr	r0, [sp, #12]
    c42c:	e82b      	tadds	r3, r5, r0
    c42e:	421a      	tstorerb	r2, [r3, #8]
    c430:	ec03      	tadds	r3, r0, #0
    c432:	b301      	tadds	r3, #1
    c434:	f41b      	tshftls	r3, r3, #16
    c436:	fc1b      	tshftrs	r3, r3, #16
    c438:	e8e9      	tadds	r1, r5, r3
    c43a:	fa12      	tshftrs	r2, r2, #8
    c43c:	420a      	tstorerb	r2, [r1, #8]
    c43e:	b301      	tadds	r3, #1
    c440:	f41b      	tshftls	r3, r3, #16
    c442:	fc1b      	tshftrs	r3, r3, #16
    c444:	283a      	tloadrh	r2, [r7, #0]
    c446:	e8e9      	tadds	r1, r5, r3
    c448:	420a      	tstorerb	r2, [r1, #8]
    c44a:	b301      	tadds	r3, #1
    c44c:	f41b      	tshftls	r3, r3, #16
    c44e:	fc1b      	tshftrs	r3, r3, #16
    c450:	e8e9      	tadds	r1, r5, r3
    c452:	fa12      	tshftrs	r2, r2, #8
    c454:	420a      	tstorerb	r2, [r1, #8]
    c456:	b301      	tadds	r3, #1
    c458:	f41b      	tshftls	r3, r3, #16
    c45a:	fc1b      	tshftrs	r3, r3, #16
    c45c:	069a      	tmov	sl, r3
    c45e:	3907      	tloadr	r1, [sp, #28]
    c460:	ec08      	tadds	r0, r1, #0
    c462:	0450      	tadd	r0, sl
    c464:	4933      	tloadrb	r3, [r6, #4]
    c466:	4972      	tloadrb	r2, [r6, #5]
    c468:	f212      	tshftls	r2, r2, #8
    c46a:	031a      	tors	r2, r3
    c46c:	49b3      	tloadrb	r3, [r6, #6]
    c46e:	f41b      	tshftls	r3, r3, #16
    c470:	031a      	tors	r2, r3
    c472:	49f3      	tloadrb	r3, [r6, #7]
    c474:	f61b      	tshftls	r3, r3, #24
    c476:	031a      	tors	r2, r3
    c478:	4b33      	tloadrb	r3, [r6, #12]
    c47a:	4b71      	tloadrb	r1, [r6, #13]
    c47c:	f209      	tshftls	r1, r1, #8
    c47e:	0319      	tors	r1, r3
    c480:	4bb3      	tloadrb	r3, [r6, #14]
    c482:	f41b      	tshftls	r3, r3, #16
    c484:	0319      	tors	r1, r3
    c486:	4bf3      	tloadrb	r3, [r6, #15]
    c488:	f61b      	tshftls	r3, r3, #24
    c48a:	0319      	tors	r1, r3
    c48c:	97fc 9a5c 	tjl	8948 <memcpy>
    c490:	4933      	tloadrb	r3, [r6, #4]
    c492:	4972      	tloadrb	r2, [r6, #5]
    c494:	f212      	tshftls	r2, r2, #8
    c496:	0313      	tors	r3, r2
    c498:	0453      	tadd	r3, sl
    c49a:	f41b      	tshftls	r3, r3, #16
    c49c:	fc1b      	tshftrs	r3, r3, #16
    c49e:	3303      	tstorer	r3, [sp, #12]
    c4a0:	2838      	tloadrh	r0, [r7, #0]
    c4a2:	b001      	tadds	r0, #1
    c4a4:	f400      	tshftls	r0, r0, #16
    c4a6:	fc00      	tshftrs	r0, r0, #16
    c4a8:	064a      	tmov	r2, r9
    c4aa:	2010      	tstorerh	r0, [r2, #0]
    c4ac:	0583      	tcmp	fp, r0
    c4ae:	c338      	tjcc.n	c522 <l2cap_att_handler+0x9e2>
    c4b0:	a104      	tmovs	r1, #4
    c4b2:	ec0b      	tadds	r3, r1, #0
    c4b4:	0443      	tadd	r3, r8
    c4b6:	3a04      	tloadr	r2, [sp, #16]
    c4b8:	e89b      	tadds	r3, r3, r2
    c4ba:	f41b      	tshftls	r3, r3, #16
    c4bc:	fc1b      	tshftrs	r3, r3, #16
    c4be:	3304      	tstorer	r3, [sp, #16]
    c4c0:	06c2      	tmov	sl, r8
    c4c2:	064b      	tmov	r3, r9
    c4c4:	3300      	tstorer	r3, [sp, #0]
    c4c6:	3701      	tstorer	r7, [sp, #4]
    c4c8:	0659      	tmov	r1, fp
    c4ca:	3a06      	tloadr	r2, [sp, #24]
    c4cc:	3b05      	tloadr	r3, [sp, #20]
    c4ce:	97ff 9ad3 	tjl	ba78 <att_read_by_group_type_request_search>
    c4d2:	ee06      	tsubs	r6, r0, #0
    c4d4:	c00f      	tjeq.n	c4f6 <l2cap_att_handler+0x9b6>
    c4d6:	a000      	tmovs	r0, #0
    c4d8:	0582      	tcmp	sl, r0
    c4da:	c091      	tjeq.n	c400 <l2cap_att_handler+0x8c0>
    c4dc:	4932      	tloadrb	r2, [r6, #4]
    c4de:	4973      	tloadrb	r3, [r6, #5]
    c4e0:	f21b      	tshftls	r3, r3, #8
    c4e2:	0313      	tors	r3, r2
    c4e4:	49b2      	tloadrb	r2, [r6, #6]
    c4e6:	f412      	tshftls	r2, r2, #16
    c4e8:	0313      	tors	r3, r2
    c4ea:	49f2      	tloadrb	r2, [r6, #7]
    c4ec:	f612      	tshftls	r2, r2, #24
    c4ee:	031a      	tors	r2, r3
    c4f0:	0690      	tmov	r8, r2
    c4f2:	05d0      	tcmp	r8, sl
    c4f4:	c08f      	tjeq.n	c416 <l2cap_att_handler+0x8d6>
    c4f6:	3f08      	tloadr	r7, [sp, #32]
    c4f8:	0656      	tmov	r6, sl
    c4fa:	3803      	tloadr	r0, [sp, #12]
    c4fc:	a800      	tcmp	r0, #0
    c4fe:	c100      	tjne.n	c502 <l2cap_att_handler+0x9c2>
    c500:	8455      	tj.n	bdae <l2cap_att_handler+0x26e>
    c502:	ec02      	tadds	r2, r0, #0
    c504:	b202      	tadds	r2, #2
    c506:	f412      	tshftls	r2, r2, #16
    c508:	fc13      	tshftrs	r3, r2, #16
    c50a:	40ab      	tstorerb	r3, [r5, #2]
    c50c:	fe12      	tshftrs	r2, r2, #24
    c50e:	40ea      	tstorerb	r2, [r5, #3]
    c510:	b304      	tadds	r3, #4
    c512:	406b      	tstorerb	r3, [r5, #1]
    c514:	a311      	tmovs	r3, #17
    c516:	41ab      	tstorerb	r3, [r5, #6]
    c518:	ed33      	tadds	r3, r6, #4
    c51a:	41eb      	tstorerb	r3, [r5, #7]
    c51c:	ec2e      	tadds	r6, r5, #0
    c51e:	97ff 9b1e 	tjl	bb5e <l2cap_att_handler+0x1e>
    c522:	0646      	tmov	r6, r8
    c524:	3f08      	tloadr	r7, [sp, #32]
    c526:	87e8      	tj.n	c4fa <l2cap_att_handler+0x9ba>
    c528:	48ba      	tloadrb	r2, [r7, #2]
    c52a:	48fb      	tloadrb	r3, [r7, #3]
    c52c:	f21b      	tshftls	r3, r3, #8
    c52e:	0313      	tors	r3, r2
    c530:	ab02      	tcmp	r3, #2
    c532:	c801      	tjhi.n	c538 <l2cap_att_handler+0x9f8>
    c534:	97ff 9b13 	tjl	bb5e <l2cap_att_handler+0x1e>
    c538:	eeda      	tsubs	r2, r3, #3
    c53a:	f612      	tshftls	r2, r2, #24
    c53c:	fe12      	tshftrs	r2, r2, #24
    c53e:	0640      	tmov	r0, r8
    c540:	4901      	tloadrb	r1, [r0, #4]
    c542:	4943      	tloadrb	r3, [r0, #5]
    c544:	f21b      	tshftls	r3, r3, #8
    c546:	030b      	tors	r3, r1
    c548:	4981      	tloadrb	r1, [r0, #6]
    c54a:	f409      	tshftls	r1, r1, #16
    c54c:	0319      	tors	r1, r3
    c54e:	49c3      	tloadrb	r3, [r0, #7]
    c550:	f61b      	tshftls	r3, r3, #24
    c552:	030b      	tors	r3, r1
    c554:	029a      	tcmp	r2, r3
    c556:	c96b      	tjls.n	c630 <l2cap_att_handler+0xaf0>
    c558:	a30d      	tmovs	r3, #13
    c55a:	46a3      	tstorerb	r3, [r4, #26]
    c55c:	49bb      	tloadrb	r3, [r7, #6]
    c55e:	a600      	tmovs	r6, #0
    c560:	ab52      	tcmp	r3, #82	; 0x52
    c562:	c000      	tjeq.n	c566 <l2cap_att_handler+0xa26>
    c564:	84f9      	tj.n	bf5a <l2cap_att_handler+0x41a>
    c566:	97ff 9afa 	tjl	bb5e <l2cap_att_handler+0x1e>
    c56a:	a302      	tmovs	r3, #2
    c56c:	402b      	tstorerb	r3, [r5, #0]
    c56e:	a305      	tmovs	r3, #5
    c570:	406b      	tstorerb	r3, [r5, #1]
    c572:	a301      	tmovs	r3, #1
    c574:	40ab      	tstorerb	r3, [r5, #2]
    c576:	40ee      	tstorerb	r6, [r5, #3]
    c578:	a304      	tmovs	r3, #4
    c57a:	412b      	tstorerb	r3, [r5, #4]
    c57c:	416e      	tstorerb	r6, [r5, #5]
    c57e:	a313      	tmovs	r3, #19
    c580:	41ab      	tstorerb	r3, [r5, #6]
    c582:	ec2e      	tadds	r6, r5, #0
    c584:	85bb      	tj.n	c0fe <l2cap_att_handler+0x5be>
    c586:	a20d      	tmovs	r2, #13
    c588:	41aa      	tstorerb	r2, [r5, #6]
    c58a:	4ab8      	tloadrb	r0, [r7, #10]
    c58c:	f200      	tshftls	r0, r0, #8
    c58e:	4a7a      	tloadrb	r2, [r7, #9]
    c590:	0302      	tors	r2, r0
    c592:	0647      	tmov	r7, r8
    c594:	493e      	tloadrb	r6, [r7, #4]
    c596:	4978      	tloadrb	r0, [r7, #5]
    c598:	f200      	tshftls	r0, r0, #8
    c59a:	0330      	tors	r0, r6
    c59c:	49be      	tloadrb	r6, [r7, #6]
    c59e:	f436      	tshftls	r6, r6, #16
    c5a0:	0306      	tors	r6, r0
    c5a2:	49f8      	tloadrb	r0, [r7, #7]
    c5a4:	f600      	tshftls	r0, r0, #24
    c5a6:	0330      	tors	r0, r6
    c5a8:	0282      	tcmp	r2, r0
    c5aa:	c935      	tjls.n	c618 <l2cap_att_handler+0xad8>
    c5ac:	a307      	tmovs	r3, #7
    c5ae:	46a3      	tstorerb	r3, [r4, #26]
    c5b0:	84d3      	tj.n	bf5a <l2cap_att_handler+0x41a>
    c5b2:	a309      	tmovs	r3, #9
    c5b4:	2623      	tstorerh	r3, [r4, #48]	; 0x30
    c5b6:	ec39      	tadds	r1, r7, #0
    c5b8:	a209      	tmovs	r2, #9
    c5ba:	97fc 99c5 	tjl	8948 <memcpy>
    c5be:	8578      	tj.n	c0b2 <l2cap_att_handler+0x572>
    c5c0:	a302      	tmovs	r3, #2
    c5c2:	3305      	tstorer	r3, [sp, #20]
    c5c4:	870f      	tj.n	c3e6 <l2cap_att_handler+0x8a6>
    c5c6:	ec38      	tadds	r0, r7, #0
    c5c8:	9000 9872 	tjl	c6b0 <l2cap_att_handler+0xb70>
    c5cc:	a600      	tmovs	r6, #0
    c5ce:	a801      	tcmp	r0, #1
    c5d0:	c000      	tjeq.n	c5d4 <l2cap_att_handler+0xa94>
    c5d2:	85b7      	tj.n	c144 <l2cap_att_handler+0x604>
    c5d4:	97ff 9ac3 	tjl	bb5e <l2cap_att_handler+0x1e>
    c5d8:	4882      	tloadrb	r2, [r0, #2]
    c5da:	48c3      	tloadrb	r3, [r0, #3]
    c5dc:	f21b      	tshftls	r3, r3, #8
    c5de:	0313      	tors	r3, r2
    c5e0:	ec2e      	tadds	r6, r5, #0
    c5e2:	ab02      	tcmp	r3, #2
    c5e4:	c801      	tjhi.n	c5ea <l2cap_att_handler+0xaaa>
    c5e6:	97ff 9aba 	tjl	bb5e <l2cap_att_handler+0x1e>
    c5ea:	eeda      	tsubs	r2, r3, #3
    c5ec:	f612      	tshftls	r2, r2, #24
    c5ee:	fe12      	tshftrs	r2, r2, #24
    c5f0:	490d      	tloadrb	r5, [r1, #4]
    c5f2:	494b      	tloadrb	r3, [r1, #5]
    c5f4:	f21b      	tshftls	r3, r3, #8
    c5f6:	032b      	tors	r3, r5
    c5f8:	498d      	tloadrb	r5, [r1, #6]
    c5fa:	f42d      	tshftls	r5, r5, #16
    c5fc:	031d      	tors	r5, r3
    c5fe:	49cb      	tloadrb	r3, [r1, #7]
    c600:	f61b      	tshftls	r3, r3, #24
    c602:	032b      	tors	r3, r5
    c604:	029a      	tcmp	r2, r3
    c606:	c931      	tjls.n	c66c <l2cap_att_handler+0xb2c>
    c608:	a30d      	tmovs	r3, #13
    c60a:	46a3      	tstorerb	r3, [r4, #26]
    c60c:	ec26      	tadds	r6, r4, #0
    c60e:	b610      	tadds	r6, #16
    c610:	97ff 9aa5 	tjl	bb5e <l2cap_att_handler+0x1e>
    c614:	0825      	tloadr	r0, [pc, #148]	; (c6ac <l2cap_att_handler+0xb6c>)
    c616:	8517      	tj.n	c048 <l2cap_att_handler+0x508>
    c618:	ea9b      	tsubs	r3, r3, r2
    c61a:	e889      	tadds	r1, r1, r2
    c61c:	85af      	tj.n	c17e <l2cap_att_handler+0x63e>
    c61e:	0c23      	tloadr	r4, [pc, #140]	; (c6ac <l2cap_att_handler+0xb6c>)
    c620:	ec28      	tadds	r0, r5, #0
    c622:	b009      	tadds	r0, #9
    c624:	e820      	tadds	r0, r4, r0
    c626:	ba05      	tsubs	r2, #5
    c628:	ecb1      	tadds	r1, r6, #2
    c62a:	97fc 998d 	tjl	8948 <memcpy>
    c62e:	85ef      	tj.n	c210 <l2cap_att_handler+0x6d0>
    c630:	0641      	tmov	r1, r8
    c632:	4b0b      	tloadrb	r3, [r1, #12]
    c634:	4b49      	tloadrb	r1, [r1, #13]
    c636:	f209      	tshftls	r1, r1, #8
    c638:	0319      	tors	r1, r3
    c63a:	0644      	tmov	r4, r8
    c63c:	4ba3      	tloadrb	r3, [r4, #14]
    c63e:	f41b      	tshftls	r3, r3, #16
    c640:	030b      	tors	r3, r1
    c642:	4be0      	tloadrb	r0, [r4, #15]
    c644:	f600      	tshftls	r0, r0, #24
    c646:	0318      	tors	r0, r3
    c648:	ec39      	tadds	r1, r7, #0
    c64a:	b109      	tadds	r1, #9
    c64c:	97fc 997c 	tjl	8948 <memcpy>
    c650:	97ff 9a85 	tjl	bb5e <l2cap_att_handler+0x1e>
    c654:	0a15      	tloadr	r2, [pc, #84]	; (c6ac <l2cap_att_handler+0xb6c>)
    c656:	0690      	tmov	r8, r2
    c658:	a209      	tmovs	r2, #9
    c65a:	a3fe      	tmovs	r3, #254	; 0xfe
    c65c:	0640      	tmov	r0, r8
    c65e:	14c2      	tstorerb	r2, [r0, r3]
    c660:	a3ff      	tmovs	r3, #255	; 0xff
    c662:	14c5      	tstorerb	r5, [r0, r3]
    c664:	ec39      	tadds	r1, r7, #0
    c666:	97fc 996f 	tjl	8948 <memcpy>
    c66a:	859f      	tj.n	c1ac <l2cap_att_handler+0x66c>
    c66c:	4b0c      	tloadrb	r4, [r1, #12]
    c66e:	4b4b      	tloadrb	r3, [r1, #13]
    c670:	f21b      	tshftls	r3, r3, #8
    c672:	0323      	tors	r3, r4
    c674:	4b8c      	tloadrb	r4, [r1, #14]
    c676:	f424      	tshftls	r4, r4, #16
    c678:	031c      	tors	r4, r3
    c67a:	4bcb      	tloadrb	r3, [r1, #15]
    c67c:	f61b      	tshftls	r3, r3, #24
    c67e:	0323      	tors	r3, r4
    c680:	ec01      	tadds	r1, r0, #0
    c682:	b109      	tadds	r1, #9
    c684:	ec18      	tadds	r0, r3, #0
    c686:	97fc 995f 	tjl	8948 <memcpy>
    c68a:	97ff 9a68 	tjl	bb5e <l2cap_att_handler+0x1e>
    c68e:	4ea3      	tloadrb	r3, [r4, #26]
    c690:	ab00      	tcmp	r3, #0
    c692:	c106      	tjne.n	c6a2 <l2cap_att_handler+0xb62>
    c694:	a30a      	tmovs	r3, #10
    c696:	46a3      	tstorerb	r3, [r4, #26]
    c698:	064d      	tmov	r5, r9
    c69a:	282d      	tloadrh	r5, [r5, #0]
    c69c:	3503      	tstorer	r5, [sp, #12]
    c69e:	97ff 9add 	tjl	bc5c <l2cap_att_handler+0x11c>
    c6a2:	064b      	tmov	r3, r9
    c6a4:	281b      	tloadrh	r3, [r3, #0]
    c6a6:	3303      	tstorer	r3, [sp, #12]
    c6a8:	97ff 9ad8 	tjl	bc5c <l2cap_att_handler+0x11c>
    c6ac:	00849064 	taddeq	r9, r4, r4, rrx
    c6b0:	0718      	tjex	r3
    c6b2:	46c0      	tnop			; (mov r8, r8)

0000c6b4 <blt_att_resetEffectiveMtuSize>:
blt_att_resetEffectiveMtuSize():
    c6b4:	a217      	tmovs	r2, #23
    c6b6:	0b01      	tloadr	r3, [pc, #4]	; (c6bc <blt_att_resetEffectiveMtuSize+0x8>)
    c6b8:	245a      	tstorerh	r2, [r3, #34]	; 0x22
    c6ba:	0770      	tjex	lr
    c6bc:	008435dc 	undefined instruction 0x008435dc

0000c6c0 <blt_att_resetRxMtuSize>:
blt_att_resetRxMtuSize():
    c6c0:	a217      	tmovs	r2, #23
    c6c2:	0b01      	tloadr	r3, [pc, #4]	; (c6c8 <blt_att_resetRxMtuSize+0x8>)
    c6c4:	241a      	tstorerh	r2, [r3, #32]
    c6c6:	0770      	tjex	lr
    c6c8:	008435dc 	undefined instruction 0x008435dc

0000c6cc <blc_gatt_requestServiceAccess>:
blc_gatt_requestServiceAccess():
    c6cc:	6510      	tpush	{r4, lr}
    c6ce:	f60b      	tshftls	r3, r1, #24
    c6d0:	c420      	tjmi.n	c714 <blc_gatt_requestServiceAccess+0x48>
    c6d2:	a402      	tmovs	r4, #2
    c6d4:	f64b      	tshftls	r3, r1, #25
    c6d6:	c50c      	tjpl.n	c6f2 <blc_gatt_requestServiceAccess+0x26>
    c6d8:	a040      	tmovs	r0, #64	; 0x40
    c6da:	9001 9bbb 	tjl	de54 <bls_smp_get_paring_statas>
    c6de:	a326      	tmovs	r3, #38	; 0x26
    c6e0:	0a0d      	tloadr	r2, [pc, #52]	; (c718 <blc_gatt_requestServiceAccess+0x4c>)
    c6e2:	1cd3      	tloadrb	r3, [r2, r3]
    c6e4:	ab00      	tcmp	r3, #0
    c6e6:	c110      	tjne.n	c70a <blc_gatt_requestServiceAccess+0x3e>
    c6e8:	f0a4      	tshftls	r4, r4, #2
    c6ea:	e820      	tadds	r0, r4, r0
    c6ec:	0b0b      	tloadr	r3, [pc, #44]	; (c71c <blc_gatt_requestServiceAccess+0x50>)
    c6ee:	1cc0      	tloadrb	r0, [r0, r3]
    c6f0:	6d10      	tpop	{r4, pc}
    c6f2:	a000      	tmovs	r0, #0
    c6f4:	a401      	tmovs	r4, #1
    c6f6:	f68b      	tshftls	r3, r1, #26
    c6f8:	c5fa      	tjpl.n	c6f0 <blc_gatt_requestServiceAccess+0x24>
    c6fa:	a040      	tmovs	r0, #64	; 0x40
    c6fc:	9001 9baa 	tjl	de54 <bls_smp_get_paring_statas>
    c700:	a326      	tmovs	r3, #38	; 0x26
    c702:	0a05      	tloadr	r2, [pc, #20]	; (c718 <blc_gatt_requestServiceAccess+0x4c>)
    c704:	1cd3      	tloadrb	r3, [r2, r3]
    c706:	ab00      	tcmp	r3, #0
    c708:	c0ee      	tjeq.n	c6e8 <blc_gatt_requestServiceAccess+0x1c>
    c70a:	f0a4      	tshftls	r4, r4, #2
    c70c:	e820      	tadds	r0, r4, r0
    c70e:	0b04      	tloadr	r3, [pc, #16]	; (c720 <blc_gatt_requestServiceAccess+0x54>)
    c710:	1cc0      	tloadrb	r0, [r0, r3]
    c712:	87ed      	tj.n	c6f0 <blc_gatt_requestServiceAccess+0x24>
    c714:	a403      	tmovs	r4, #3
    c716:	87df      	tj.n	c6d8 <blc_gatt_requestServiceAccess+0xc>
    c718:	00843488 	taddeq	r3, r4, r8, lsl #9
    c71c:	00010004 	tandeq	r0, r1, r4
    c720:	00010014 	tandeq	r0, r1, r4, lsl r0

0000c724 <blc_gatt_pushHandleValueNotify>:
blc_gatt_pushHandleValueNotify():
    c724:	65f0      	tpush	{r4, r5, r6, r7, lr}
    c726:	0657      	tmov	r7, sl
    c728:	0646      	tmov	r6, r8
    c72a:	64c0      	tpush	{r6, r7}
    c72c:	6083      	tsub	sp, #12
    c72e:	f400      	tshftls	r0, r0, #16
    c730:	fc07      	tshftrs	r7, r0, #16
    c732:	f409      	tshftls	r1, r1, #16
    c734:	fc09      	tshftrs	r1, r1, #16
    c736:	068a      	tmov	sl, r1
    c738:	0c1b      	tloadr	r4, [pc, #108]	; (c7a8 <blc_gatt_pushHandleValueNotify+0x84>)
    c73a:	4c65      	tloadrb	r5, [r4, #17]
    c73c:	a0a1      	tmovs	r0, #161	; 0xa1
    c73e:	ad00      	tcmp	r5, #0
    c740:	c12c      	tjne.n	c79c <blc_gatt_pushHandleValueNotify+0x78>
    c742:	0c1a      	tloadr	r4, [pc, #104]	; (c7ac <blc_gatt_pushHandleValueNotify+0x88>)
    c744:	48a0      	tloadrb	r0, [r4, #2]
    c746:	48e6      	tloadrb	r6, [r4, #3]
    c748:	f236      	tshftls	r6, r6, #8
    c74a:	0306      	tors	r6, r0
    c74c:	be02      	tsubs	r6, #2
    c74e:	a0b5      	tmovs	r0, #181	; 0xb5
    c750:	029e      	tcmp	r6, r3
    c752:	cd23      	tjle.n	c79c <blc_gatt_pushHandleValueNotify+0x78>
    c754:	0e16      	tloadr	r6, [pc, #88]	; (c7b0 <blc_gatt_pushHandleValueNotify+0x8c>)
    c756:	5830      	tloadr	r0, [r6, #0]
    c758:	0680      	tmov	r8, r0
    c75a:	a100      	tmovs	r1, #0
    c75c:	0588      	tcmp	r8, r1
    c75e:	c00d      	tjeq.n	c77c <blc_gatt_pushHandleValueNotify+0x58>
    c760:	0814      	tloadr	r0, [pc, #80]	; (c7b4 <blc_gatt_pushHandleValueNotify+0x90>)
    c762:	5801      	tloadr	r1, [r0, #0]
    c764:	ec08      	tadds	r0, r1, #0
    c766:	0641      	tmov	r1, r8
    c768:	ea40      	tsubs	r0, r0, r1
    c76a:	0684      	tmov	ip, r0
    c76c:	4a20      	tloadrb	r0, [r4, #8]
    c76e:	0c12      	tloadr	r4, [pc, #72]	; (c7b8 <blc_gatt_pushHandleValueNotify+0x94>)
    c770:	0344      	tmuls	r4, r0
    c772:	f124      	tshftls	r4, r4, #4
    c774:	a0b4      	tmovs	r0, #180	; 0xb4
    c776:	05a4      	tcmp	ip, r4
    c778:	c910      	tjls.n	c79c <blc_gatt_pushHandleValueNotify+0x78>
    c77a:	5035      	tstorer	r5, [r6, #0]
    c77c:	7c02      	tadd	r4, sp, #8
    c77e:	a01b      	tmovs	r0, #27
    c780:	4020      	tstorerb	r0, [r4, #0]
    c782:	0650      	tmov	r0, sl
    c784:	4060      	tstorerb	r0, [r4, #1]
    c786:	0650      	tmov	r0, sl
    c788:	fa01      	tshftrs	r1, r0, #8
    c78a:	40a1      	tstorerb	r1, [r4, #2]
    c78c:	3200      	tstorer	r2, [sp, #0]
    c78e:	3301      	tstorer	r3, [sp, #4]
    c790:	ec38      	tadds	r0, r7, #0
    c792:	a104      	tmovs	r1, #4
    c794:	ec22      	tadds	r2, r4, #0
    c796:	a303      	tmovs	r3, #3
    c798:	9000 9a08 	tjl	cbac <blc_l2cap_pushData_2_controller>
    c79c:	6003      	tadd	sp, #12
    c79e:	6c0c      	tpop	{r2, r3}
    c7a0:	0690      	tmov	r8, r2
    c7a2:	069a      	tmov	sl, r3
    c7a4:	6df0      	tpop	{r4, r5, r6, r7, pc}
    c7a6:	46c0      	tnop			; (mov r8, r8)
    c7a8:	0084367c 	taddeq	r3, r4, ip, ror r6
    c7ac:	008435fc 	undefined instruction 0x008435fc
    c7b0:	008435f8 	undefined instruction 0x008435f8
    c7b4:	00800740 	taddeq	r0, r0, r0, asr #14
    c7b8:	00002710 	tandeq	r2, r0, r0, lsl r7

0000c7bc <blc_gap_peripheral_conn_complete_handler>:
blc_gap_peripheral_conn_complete_handler():
    c7bc:	6510      	tpush	{r4, lr}
    c7be:	f400      	tshftls	r0, r0, #16
    c7c0:	fc00      	tshftrs	r0, r0, #16
    c7c2:	a200      	tmovs	r2, #0
    c7c4:	0b0a      	tloadr	r3, [pc, #40]	; (c7f0 <blc_gap_peripheral_conn_complete_handler+0x34>)
    c7c6:	421a      	tstorerb	r2, [r3, #8]
    c7c8:	a300      	tmovs	r3, #0
    c7ca:	0c0a      	tloadr	r4, [pc, #40]	; (c7f4 <blc_gap_peripheral_conn_complete_handler+0x38>)
    c7cc:	2022      	tstorerh	r2, [r4, #0]
    c7ce:	0a0a      	tloadr	r2, [pc, #40]	; (c7f8 <blc_gap_peripheral_conn_complete_handler+0x3c>)
    c7d0:	4113      	tstorerb	r3, [r2, #4]
    c7d2:	4153      	tstorerb	r3, [r2, #5]
    c7d4:	4193      	tstorerb	r3, [r2, #6]
    c7d6:	41d3      	tstorerb	r3, [r2, #7]
    c7d8:	0a08      	tloadr	r2, [pc, #32]	; (c7fc <blc_gap_peripheral_conn_complete_handler+0x40>)
    c7da:	4013      	tstorerb	r3, [r2, #0]
    c7dc:	0b08      	tloadr	r3, [pc, #32]	; (c800 <blc_gap_peripheral_conn_complete_handler+0x44>)
    c7de:	581b      	tloadr	r3, [r3, #0]
    c7e0:	ab00      	tcmp	r3, #0
    c7e2:	c002      	tjeq.n	c7ea <blc_gap_peripheral_conn_complete_handler+0x2e>
    c7e4:	b104      	tadds	r1, #4
    c7e6:	9000 980d 	tjl	c804 <blc_gap_peripheral_conn_complete_handler+0x48>
    c7ea:	a000      	tmovs	r0, #0
    c7ec:	6d10      	tpop	{r4, pc}
    c7ee:	46c0      	tnop			; (mov r8, r8)
    c7f0:	00843650 	taddeq	r3, r4, r0, asr r6
    c7f4:	00843610 	taddeq	r3, r4, r0, lsl r6
    c7f8:	008435fc 	undefined instruction 0x008435fc
    c7fc:	0084353c 	taddeq	r3, r4, ip, lsr r5
    c800:	008436ec 	taddeq	r3, r4, ip, ror #13
    c804:	0718      	tjex	r3
    c806:	46c0      	tnop			; (mov r8, r8)

0000c808 <blc_gap_peripheral_conn_terminate_handler>:
blc_gap_peripheral_conn_terminate_handler():
    c808:	6510      	tpush	{r4, lr}
    c80a:	f404      	tshftls	r4, r0, #16
    c80c:	fc24      	tshftrs	r4, r4, #16
    c80e:	0a12      	tloadr	r2, [pc, #72]	; (c858 <blc_gap_peripheral_conn_terminate_handler+0x50>)
    c810:	a300      	tmovs	r3, #0
    c812:	4113      	tstorerb	r3, [r2, #4]
    c814:	4153      	tstorerb	r3, [r2, #5]
    c816:	4193      	tstorerb	r3, [r2, #6]
    c818:	41d3      	tstorerb	r3, [r2, #7]
    c81a:	0a10      	tloadr	r2, [pc, #64]	; (c85c <blc_gap_peripheral_conn_terminate_handler+0x54>)
    c81c:	4013      	tstorerb	r3, [r2, #0]
    c81e:	0a10      	tloadr	r2, [pc, #64]	; (c860 <blc_gap_peripheral_conn_terminate_handler+0x58>)
    c820:	4851      	tloadrb	r1, [r2, #1]
    c822:	a900      	tcmp	r1, #0
    c824:	c000      	tjeq.n	c828 <blc_gap_peripheral_conn_terminate_handler+0x20>
    c826:	4053      	tstorerb	r3, [r2, #1]
    c828:	0b0e      	tloadr	r3, [pc, #56]	; (c864 <blc_gap_peripheral_conn_terminate_handler+0x5c>)
    c82a:	4c5b      	tloadrb	r3, [r3, #17]
    c82c:	ab00      	tcmp	r3, #0
    c82e:	c10e      	tjne.n	c84e <blc_gap_peripheral_conn_terminate_handler+0x46>
    c830:	a200      	tmovs	r2, #0
    c832:	0b0d      	tloadr	r3, [pc, #52]	; (c868 <blc_gap_peripheral_conn_terminate_handler+0x60>)
    c834:	501a      	tstorer	r2, [r3, #0]
    c836:	ec20      	tadds	r0, r4, #0
    c838:	97ff 9f3c 	tjl	c6b4 <blt_att_resetEffectiveMtuSize>
    c83c:	0b0b      	tloadr	r3, [pc, #44]	; (c86c <blc_gap_peripheral_conn_terminate_handler+0x64>)
    c83e:	581b      	tloadr	r3, [r3, #0]
    c840:	ab00      	tcmp	r3, #0
    c842:	c002      	tjeq.n	c84a <blc_gap_peripheral_conn_terminate_handler+0x42>
    c844:	ec20      	tadds	r0, r4, #0
    c846:	9000 9813 	tjl	c870 <blc_gap_peripheral_conn_terminate_handler+0x68>
    c84a:	a000      	tmovs	r0, #0
    c84c:	6d10      	tpop	{r4, pc}
    c84e:	a081      	tmovs	r0, #129	; 0x81
    c850:	9000 9c9e 	tjl	d190 <blc_smp_procParingEnd>
    c854:	87ec      	tj.n	c830 <blc_gap_peripheral_conn_terminate_handler+0x28>
    c856:	46c0      	tnop			; (mov r8, r8)
    c858:	008435fc 	undefined instruction 0x008435fc
    c85c:	0084353c 	taddeq	r3, r4, ip, lsr r5
    c860:	00843798 	umulleq	r3, r4, r8, r7
    c864:	0084367c 	taddeq	r3, r4, ip, ror r6
    c868:	008436e4 	taddeq	r3, r4, r4, ror #13
    c86c:	00843628 	taddeq	r3, r4, r8, lsr #12
    c870:	0718      	tjex	r3
    c872:	46c0      	tnop			; (mov r8, r8)

0000c874 <blt_process_pendingPkt>:
blt_process_pendingPkt():
    c874:	6510      	tpush	{r4, lr}
    c876:	6082      	tsub	sp, #8
    c878:	f400      	tshftls	r0, r0, #16
    c87a:	fc00      	tshftrs	r0, r0, #16
    c87c:	0c19      	tloadr	r4, [pc, #100]	; (c8e4 <blt_process_pendingPkt+0x70>)
    c87e:	4922      	tloadrb	r2, [r4, #4]
    c880:	4963      	tloadrb	r3, [r4, #5]
    c882:	f21b      	tshftls	r3, r3, #8
    c884:	0313      	tors	r3, r2
    c886:	49a2      	tloadrb	r2, [r4, #6]
    c888:	f412      	tshftls	r2, r2, #16
    c88a:	0313      	tors	r3, r2
    c88c:	49e2      	tloadrb	r2, [r4, #7]
    c88e:	f612      	tshftls	r2, r2, #24
    c890:	0313      	tors	r3, r2
    c892:	4919      	tloadrb	r1, [r3, #4]
    c894:	495a      	tloadrb	r2, [r3, #5]
    c896:	f212      	tshftls	r2, r2, #8
    c898:	030a      	tors	r2, r1
    c89a:	aa04      	tcmp	r2, #4
    c89c:	c001      	tjeq.n	c8a2 <blt_process_pendingPkt+0x2e>
    c89e:	6002      	tadd	sp, #8
    c8a0:	6d10      	tpop	{r4, pc}
    c8a2:	0a11      	tloadr	r2, [pc, #68]	; (c8e8 <blt_process_pendingPkt+0x74>)
    c8a4:	0310      	tors	r0, r2
    c8a6:	f400      	tshftls	r0, r0, #16
    c8a8:	fc00      	tshftrs	r0, r0, #16
    c8aa:	ed9a      	tadds	r2, r3, #6
    c8ac:	edd9      	tadds	r1, r3, #7
    c8ae:	3100      	tstorer	r1, [sp, #0]
    c8b0:	4899      	tloadrb	r1, [r3, #2]
    c8b2:	48db      	tloadrb	r3, [r3, #3]
    c8b4:	f21b      	tshftls	r3, r3, #8
    c8b6:	030b      	tors	r3, r1
    c8b8:	bb01      	tsubs	r3, #1
    c8ba:	3301      	tstorer	r3, [sp, #4]
    c8bc:	a104      	tmovs	r1, #4
    c8be:	a301      	tmovs	r3, #1
    c8c0:	9000 9974 	tjl	cbac <blc_l2cap_pushData_2_controller>
    c8c4:	a880      	tcmp	r0, #128	; 0x80
    c8c6:	c10a      	tjne.n	c8de <blt_process_pendingPkt+0x6a>
    c8c8:	a300      	tmovs	r3, #0
    c8ca:	4123      	tstorerb	r3, [r4, #4]
    c8cc:	4163      	tstorerb	r3, [r4, #5]
    c8ce:	41a3      	tstorerb	r3, [r4, #6]
    c8d0:	41e3      	tstorerb	r3, [r4, #7]
    c8d2:	0b06      	tloadr	r3, [pc, #24]	; (c8ec <blt_process_pendingPkt+0x78>)
    c8d4:	481a      	tloadrb	r2, [r3, #0]
    c8d6:	a104      	tmovs	r1, #4
    c8d8:	038a      	tbclrs	r2, r1
    c8da:	401a      	tstorerb	r2, [r3, #0]
    c8dc:	87df      	tj.n	c89e <blt_process_pendingPkt+0x2a>
    c8de:	a800      	tcmp	r0, #0
    c8e0:	c0f2      	tjeq.n	c8c8 <blt_process_pendingPkt+0x54>
    c8e2:	87dc      	tj.n	c89e <blt_process_pendingPkt+0x2a>
    c8e4:	008435fc 	undefined instruction 0x008435fc
    c8e8:	ffff8000 	undefined instruction 0xffff8000
    c8ec:	0084353c 	taddeq	r3, r4, ip, lsr r5

0000c8f0 <blc_gap_peripheral_mainloop>:
blc_gap_peripheral_mainloop():
    c8f0:	6500      	tpush	{lr}
    c8f2:	0b1e      	tloadr	r3, [pc, #120]	; (c96c <blc_gap_peripheral_mainloop+0x7c>)
    c8f4:	4a1b      	tloadrb	r3, [r3, #8]
    c8f6:	ab00      	tcmp	r3, #0
    c8f8:	c134      	tjne.n	c964 <blc_gap_peripheral_mainloop+0x74>
    c8fa:	0b1d      	tloadr	r3, [pc, #116]	; (c970 <blc_gap_peripheral_mainloop+0x80>)
    c8fc:	4919      	tloadrb	r1, [r3, #4]
    c8fe:	495a      	tloadrb	r2, [r3, #5]
    c900:	f212      	tshftls	r2, r2, #8
    c902:	030a      	tors	r2, r1
    c904:	4999      	tloadrb	r1, [r3, #6]
    c906:	f409      	tshftls	r1, r1, #16
    c908:	030a      	tors	r2, r1
    c90a:	49db      	tloadrb	r3, [r3, #7]
    c90c:	f61b      	tshftls	r3, r3, #24
    c90e:	0313      	tors	r3, r2
    c910:	c002      	tjeq.n	c918 <blc_gap_peripheral_mainloop+0x28>
    c912:	a040      	tmovs	r0, #64	; 0x40
    c914:	97ff 9fae 	tjl	c874 <blt_process_pendingPkt>
    c918:	0b16      	tloadr	r3, [pc, #88]	; (c974 <blc_gap_peripheral_mainloop+0x84>)
    c91a:	481a      	tloadrb	r2, [r3, #0]
    c91c:	aa01      	tcmp	r2, #1
    c91e:	c00b      	tjeq.n	c938 <blc_gap_peripheral_mainloop+0x48>
    c920:	0a15      	tloadr	r2, [pc, #84]	; (c978 <blc_gap_peripheral_mainloop+0x88>)
    c922:	4852      	tloadrb	r2, [r2, #1]
    c924:	aa00      	tcmp	r2, #0
    c926:	c10f      	tjne.n	c948 <blc_gap_peripheral_mainloop+0x58>
    c928:	4c5b      	tloadrb	r3, [r3, #17]
    c92a:	ab00      	tcmp	r3, #0
    c92c:	c10c      	tjne.n	c948 <blc_gap_peripheral_mainloop+0x58>
    c92e:	0b13      	tloadr	r3, [pc, #76]	; (c97c <blc_gap_peripheral_mainloop+0x8c>)
    c930:	581a      	tloadr	r2, [r3, #0]
    c932:	0b13      	tloadr	r3, [pc, #76]	; (c980 <blc_gap_peripheral_mainloop+0x90>)
    c934:	029a      	tcmp	r2, r3
    c936:	cc0e      	tjgt.n	c956 <blc_gap_peripheral_mainloop+0x66>
    c938:	0b12      	tloadr	r3, [pc, #72]	; (c984 <blc_gap_peripheral_mainloop+0x94>)
    c93a:	585b      	tloadr	r3, [r3, #4]
    c93c:	ab00      	tcmp	r3, #0
    c93e:	c001      	tjeq.n	c944 <blc_gap_peripheral_mainloop+0x54>
    c940:	9000 9822 	tjl	c988 <blc_gap_peripheral_mainloop+0x98>
    c944:	a000      	tmovs	r0, #0
    c946:	6d00      	tpop	{pc}
    c948:	9001 99e2 	tjl	dd10 <bls_smp_peripheral_paring_loop>
    c94c:	0b0b      	tloadr	r3, [pc, #44]	; (c97c <blc_gap_peripheral_mainloop+0x8c>)
    c94e:	581a      	tloadr	r2, [r3, #0]
    c950:	0b0b      	tloadr	r3, [pc, #44]	; (c980 <blc_gap_peripheral_mainloop+0x90>)
    c952:	029a      	tcmp	r2, r3
    c954:	cdf0      	tjle.n	c938 <blc_gap_peripheral_mainloop+0x48>
    c956:	97fc 9e33 	tjl	95c0 <blc_ll_getCurrentState>
    c95a:	a808      	tcmp	r0, #8
    c95c:	c0ec      	tjeq.n	c938 <blc_gap_peripheral_mainloop+0x48>
    c95e:	9001 9b1b 	tjl	df98 <bls_smp_param_Cleanflash>
    c962:	87e9      	tj.n	c938 <blc_gap_peripheral_mainloop+0x48>
    c964:	9000 98d2 	tjl	cb0c <blt_update_parameter_request>
    c968:	87c7      	tj.n	c8fa <blc_gap_peripheral_mainloop+0xa>
    c96a:	46c0      	tnop			; (mov r8, r8)
    c96c:	00843650 	taddeq	r3, r4, r0, asr r6
    c970:	008435fc 	undefined instruction 0x008435fc
    c974:	0084367c 	taddeq	r3, r4, ip, ror r6
    c978:	00843798 	umulleq	r3, r4, r8, r7
    c97c:	008437e0 	taddeq	r3, r4, r0, ror #15
    c980:	00000dbf 	undefined instruction 0x00000dbf
    c984:	00843628 	taddeq	r3, r4, r8, lsr #12
    c988:	0718      	tjex	r3
    c98a:	46c0      	tnop			; (mov r8, r8)

0000c98c <blc_gap_peripheral_init>:
blc_gap_peripheral_init():
    c98c:	6500      	tpush	{lr}
    c98e:	0815      	tloadr	r0, [pc, #84]	; (c9e4 <blc_gap_peripheral_init+0x58>)
    c990:	97fc 9d18 	tjl	93c4 <blc_ll_registerConnectionCompleteHandler>
    c994:	0814      	tloadr	r0, [pc, #80]	; (c9e8 <blc_gap_peripheral_init+0x5c>)
    c996:	97fc 9d1b 	tjl	93d0 <blc_ll_registerConnectionTerminateHandler>
    c99a:	0814      	tloadr	r0, [pc, #80]	; (c9ec <blc_gap_peripheral_init+0x60>)
    c99c:	97fc 9d0c 	tjl	93b8 <blc_ll_registerConnectionEncryptionDoneCallback>
    c9a0:	0813      	tloadr	r0, [pc, #76]	; (c9f0 <blc_gap_peripheral_init+0x64>)
    c9a2:	97fc 9d03 	tjl	93ac <blc_ll_registerHostMainloopCallback>
    c9a6:	a040      	tmovs	r0, #64	; 0x40
    c9a8:	97ff 9e84 	tjl	c6b4 <blt_att_resetEffectiveMtuSize>
    c9ac:	a040      	tmovs	r0, #64	; 0x40
    c9ae:	97ff 9e87 	tjl	c6c0 <blt_att_resetRxMtuSize>
    c9b2:	97fb 9f53 	tjl	885c <flash_get_capacity>
    c9b6:	a813      	tcmp	r0, #19
    c9b8:	c009      	tjeq.n	c9ce <blc_gap_peripheral_init+0x42>
    c9ba:	a814      	tcmp	r0, #20
    c9bc:	c00c      	tjeq.n	c9d8 <blc_gap_peripheral_init+0x4c>
    c9be:	a815      	tcmp	r0, #21
    c9c0:	c000      	tjeq.n	c9c4 <blc_gap_peripheral_init+0x38>
    c9c2:	6d00      	tpop	{pc}
    c9c4:	a0fe      	tmovs	r0, #254	; 0xfe
    c9c6:	f340      	tshftls	r0, r0, #13
    c9c8:	9001 9a50 	tjl	de6c <bls_smp_configParingSecurityInfoStorageAddr>
    c9cc:	87f9      	tj.n	c9c2 <blc_gap_peripheral_init+0x36>
    c9ce:	a0e8      	tmovs	r0, #232	; 0xe8
    c9d0:	f2c0      	tshftls	r0, r0, #11
    c9d2:	9001 9a4b 	tjl	de6c <bls_smp_configParingSecurityInfoStorageAddr>
    c9d6:	87f4      	tj.n	c9c2 <blc_gap_peripheral_init+0x36>
    c9d8:	a0fc      	tmovs	r0, #252	; 0xfc
    c9da:	f300      	tshftls	r0, r0, #12
    c9dc:	9001 9a46 	tjl	de6c <bls_smp_configParingSecurityInfoStorageAddr>
    c9e0:	87ef      	tj.n	c9c2 <blc_gap_peripheral_init+0x36>
    c9e2:	46c0      	tnop			; (mov r8, r8)
    c9e4:	0000c7bd 	undefined instruction 0x0000c7bd
    c9e8:	0000c809 	tandeq	ip, r0, r9, lsl #16
    c9ec:	0000d22d 	tandeq	sp, r0, sp, lsr #4
    c9f0:	0000c8f1 	undefined instruction 0x0000c8f1

0000c9f4 <blc_gap_send_event>:
blc_gap_send_event():
    c9f4:	6510      	tpush	{r4, lr}
    c9f6:	0b05      	tloadr	r3, [pc, #20]	; (ca0c <blc_gap_send_event+0x18>)
    c9f8:	585b      	tloadr	r3, [r3, #4]
    c9fa:	a401      	tmovs	r4, #1
    c9fc:	ab00      	tcmp	r3, #0
    c9fe:	c002      	tjeq.n	ca06 <blc_gap_send_event+0x12>
    ca00:	9000 9806 	tjl	ca10 <blc_gap_send_event+0x1c>
    ca04:	ec04      	tadds	r4, r0, #0
    ca06:	ec20      	tadds	r0, r4, #0
    ca08:	6d10      	tpop	{r4, pc}
    ca0a:	46c0      	tnop			; (mov r8, r8)
    ca0c:	00843630 	taddeq	r3, r4, r0, lsr r6
    ca10:	0718      	tjex	r3
    ca12:	46c0      	tnop			; (mov r8, r8)

0000ca14 <blc_l2cap_register_handler>:
blc_l2cap_register_handler():
    ca14:	0b01      	tloadr	r3, [pc, #4]	; (ca1c <blc_l2cap_register_handler+0x8>)
    ca16:	5018      	tstorer	r0, [r3, #0]
    ca18:	0770      	tjex	lr
    ca1a:	46c0      	tnop			; (mov r8, r8)
    ca1c:	008432a4 	taddeq	r3, r4, r4, lsr #5

0000ca20 <blt_ll_pack>:
blt_ll_pack():
    ca20:	65f0      	tpush	{r4, r5, r6, r7, lr}
    ca22:	ec01      	tadds	r1, r0, #0
    ca24:	ec05      	tadds	r5, r0, #0
    ca26:	4803      	tloadrb	r3, [r0, #0]
    ca28:	a403      	tmovs	r4, #3
    ca2a:	001c      	tands	r4, r3
    ca2c:	ac03      	tcmp	r4, #3
    ca2e:	c009      	tjeq.n	ca44 <blt_ll_pack+0x24>
    ca30:	ac02      	tcmp	r4, #2
    ca32:	c114      	tjne.n	ca5e <blt_ll_pack+0x3e>
    ca34:	4845      	tloadrb	r5, [r0, #1]
    ca36:	4882      	tloadrb	r2, [r0, #2]
    ca38:	48c3      	tloadrb	r3, [r0, #3]
    ca3a:	f21b      	tshftls	r3, r3, #8
    ca3c:	0313      	tors	r3, r2
    ca3e:	ed1a      	tadds	r2, r3, #4
    ca40:	0295      	tcmp	r5, r2
    ca42:	c101      	tjne.n	ca48 <blt_ll_pack+0x28>
    ca44:	ec08      	tadds	r0, r1, #0
    ca46:	6df0      	tpop	{r4, r5, r6, r7, pc}
    ca48:	0c28      	tloadr	r4, [pc, #160]	; (caec <blt_ll_pack+0xcc>)
    ca4a:	58e0      	tloadr	r0, [r4, #12]
    ca4c:	a800      	tcmp	r0, #0
    ca4e:	c008      	tjeq.n	ca62 <blt_ll_pack+0x42>
    ca50:	b303      	tadds	r3, #3
    ca52:	029d      	tcmp	r5, r3
    ca54:	cd21      	tjle.n	ca9a <blt_ll_pack+0x7a>
    ca56:	a300      	tmovs	r3, #0
    ca58:	2003      	tstorerh	r3, [r0, #0]
    ca5a:	a100      	tmovs	r1, #0
    ca5c:	87f2      	tj.n	ca44 <blt_ll_pack+0x24>
    ca5e:	ac01      	tcmp	r4, #1
    ca60:	c001      	tjeq.n	ca66 <blt_ll_pack+0x46>
    ca62:	a100      	tmovs	r1, #0
    ca64:	87ee      	tj.n	ca44 <blt_ll_pack+0x24>
    ca66:	0e21      	tloadr	r6, [pc, #132]	; (caec <blt_ll_pack+0xcc>)
    ca68:	58f3      	tloadr	r3, [r6, #12]
    ca6a:	ab00      	tcmp	r3, #0
    ca6c:	c0f9      	tjeq.n	ca62 <blt_ll_pack+0x42>
    ca6e:	281a      	tloadrh	r2, [r3, #0]
    ca70:	aa00      	tcmp	r2, #0
    ca72:	c0f6      	tjeq.n	ca62 <blt_ll_pack+0x42>
    ca74:	281f      	tloadrh	r7, [r3, #0]
    ca76:	4842      	tloadrb	r2, [r0, #1]
    ca78:	2ab0      	tloadrh	r0, [r6, #20]
    ca7a:	b805      	tsubs	r0, #5
    ca7c:	0684      	tmov	ip, r0
    ca7e:	ef90      	tsubs	r0, r2, #6
    ca80:	e838      	tadds	r0, r7, r0
    ca82:	f400      	tshftls	r0, r0, #16
    ca84:	fc00      	tshftrs	r0, r0, #16
    ca86:	0584      	tcmp	ip, r0
    ca88:	cc15      	tjgt.n	cab6 <blt_ll_pack+0x96>
    ca8a:	0a19      	tloadr	r2, [pc, #100]	; (caf0 <blt_ll_pack+0xd0>)
    ca8c:	4811      	tloadrb	r1, [r2, #0]
    ca8e:	03a1      	tbclrs	r1, r4
    ca90:	4011      	tstorerb	r1, [r2, #0]
    ca92:	a200      	tmovs	r2, #0
    ca94:	201a      	tstorerh	r2, [r3, #0]
    ca96:	ec19      	tadds	r1, r3, #0
    ca98:	87d4      	tj.n	ca44 <blt_ll_pack+0x24>
    ca9a:	b502      	tadds	r5, #2
    ca9c:	404a      	tstorerb	r2, [r1, #1]
    ca9e:	ec2a      	tadds	r2, r5, #0
    caa0:	97fb 9f52 	tjl	8948 <memcpy>
    caa4:	58e3      	tloadr	r3, [r4, #12]
    caa6:	201d      	tstorerh	r5, [r3, #0]
    caa8:	0b11      	tloadr	r3, [pc, #68]	; (caf0 <blt_ll_pack+0xd0>)
    caaa:	4819      	tloadrb	r1, [r3, #0]
    caac:	a201      	tmovs	r2, #1
    caae:	030a      	tors	r2, r1
    cab0:	401a      	tstorerb	r2, [r3, #0]
    cab2:	a100      	tmovs	r1, #0
    cab4:	87c6      	tj.n	ca44 <blt_ll_pack+0x24>
    cab6:	2818      	tloadrh	r0, [r3, #0]
    cab8:	e818      	tadds	r0, r3, r0
    caba:	b102      	tadds	r1, #2
    cabc:	97fb 9f44 	tjl	8948 <memcpy>
    cac0:	58f1      	tloadr	r1, [r6, #12]
    cac2:	280a      	tloadrh	r2, [r1, #0]
    cac4:	486b      	tloadrb	r3, [r5, #1]
    cac6:	e8d3      	tadds	r3, r2, r3
    cac8:	f41b      	tshftls	r3, r3, #16
    caca:	fc1b      	tshftrs	r3, r3, #16
    cacc:	200b      	tstorerh	r3, [r1, #0]
    cace:	280b      	tloadrh	r3, [r1, #0]
    cad0:	4888      	tloadrb	r0, [r1, #2]
    cad2:	48ca      	tloadrb	r2, [r1, #3]
    cad4:	f212      	tshftls	r2, r2, #8
    cad6:	0302      	tors	r2, r0
    cad8:	b205      	tadds	r2, #5
    cada:	029a      	tcmp	r2, r3
    cadc:	cac1      	tjge.n	ca62 <blt_ll_pack+0x42>
    cade:	0b04      	tloadr	r3, [pc, #16]	; (caf0 <blt_ll_pack+0xd0>)
    cae0:	481a      	tloadrb	r2, [r3, #0]
    cae2:	03a2      	tbclrs	r2, r4
    cae4:	401a      	tstorerb	r2, [r3, #0]
    cae6:	a300      	tmovs	r3, #0
    cae8:	200b      	tstorerh	r3, [r1, #0]
    caea:	87ab      	tj.n	ca44 <blt_ll_pack+0x24>
    caec:	00843638 	taddeq	r3, r4, r8, lsr r6
    caf0:	0084353c 	taddeq	r3, r4, ip, lsr r5

0000caf4 <bls_l2cap_requestConnParamUpdate>:
bls_l2cap_requestConnParamUpdate():
    caf4:	6510      	tpush	{r4, lr}
    caf6:	0c04      	tloadr	r4, [pc, #16]	; (cb08 <bls_l2cap_requestConnParamUpdate+0x14>)
    caf8:	2320      	tstorerh	r0, [r4, #24]
    cafa:	2361      	tstorerh	r1, [r4, #26]
    cafc:	23a2      	tstorerh	r2, [r4, #28]
    cafe:	23e3      	tstorerh	r3, [r4, #30]
    cb00:	a201      	tmovs	r2, #1
    cb02:	a320      	tmovs	r3, #32
    cb04:	14e2      	tstorerb	r2, [r4, r3]
    cb06:	6d10      	tpop	{r4, pc}
    cb08:	00843638 	taddeq	r3, r4, r8, lsr r6

0000cb0c <blt_update_parameter_request>:
blt_update_parameter_request():
    cb0c:	6530      	tpush	{r4, r5, lr}
    cb0e:	6085      	tsub	sp, #20
    cb10:	0b20      	tloadr	r3, [pc, #128]	; (cb94 <blt_update_parameter_request+0x88>)
    cb12:	4c5b      	tloadrb	r3, [r3, #17]
    cb14:	a083      	tmovs	r0, #131	; 0x83
    cb16:	ab00      	tcmp	r3, #0
    cb18:	c139      	tjne.n	cb8e <blt_update_parameter_request+0x82>
    cb1a:	0b1f      	tloadr	r3, [pc, #124]	; (cb98 <blt_update_parameter_request+0x8c>)
    cb1c:	4c5d      	tloadrb	r5, [r3, #17]
    cb1e:	ad00      	tcmp	r5, #0
    cb20:	c135      	tjne.n	cb8e <blt_update_parameter_request+0x82>
    cb22:	0b1e      	tloadr	r3, [pc, #120]	; (cb9c <blt_update_parameter_request+0x90>)
    cb24:	581a      	tloadr	r2, [r3, #0]
    cb26:	0b1e      	tloadr	r3, [pc, #120]	; (cba0 <blt_update_parameter_request+0x94>)
    cb28:	581b      	tloadr	r3, [r3, #0]
    cb2a:	ead2      	tsubs	r2, r2, r3
    cb2c:	0c1d      	tloadr	r4, [pc, #116]	; (cba4 <blt_update_parameter_request+0x98>)
    cb2e:	5a63      	tloadr	r3, [r4, #36]	; 0x24
    cb30:	f11b      	tshftls	r3, r3, #4
    cb32:	029a      	tcmp	r2, r3
    cb34:	c92b      	tjls.n	cb8e <blt_update_parameter_request+0x82>
    cb36:	0669      	tmov	r1, sp
    cb38:	a302      	tmovs	r3, #2
    cb3a:	400b      	tstorerb	r3, [r1, #0]
    cb3c:	a310      	tmovs	r3, #16
    cb3e:	404b      	tstorerb	r3, [r1, #1]
    cb40:	a30c      	tmovs	r3, #12
    cb42:	408b      	tstorerb	r3, [r1, #2]
    cb44:	40cd      	tstorerb	r5, [r1, #3]
    cb46:	a305      	tmovs	r3, #5
    cb48:	410b      	tstorerb	r3, [r1, #4]
    cb4a:	414d      	tstorerb	r5, [r1, #5]
    cb4c:	a312      	tmovs	r3, #18
    cb4e:	418b      	tstorerb	r3, [r1, #6]
    cb50:	a301      	tmovs	r3, #1
    cb52:	41cb      	tstorerb	r3, [r1, #7]
    cb54:	a308      	tmovs	r3, #8
    cb56:	420b      	tstorerb	r3, [r1, #8]
    cb58:	424d      	tstorerb	r5, [r1, #9]
    cb5a:	4e23      	tloadrb	r3, [r4, #24]
    cb5c:	428b      	tstorerb	r3, [r1, #10]
    cb5e:	4e63      	tloadrb	r3, [r4, #25]
    cb60:	42cb      	tstorerb	r3, [r1, #11]
    cb62:	4ea3      	tloadrb	r3, [r4, #26]
    cb64:	430b      	tstorerb	r3, [r1, #12]
    cb66:	4ee3      	tloadrb	r3, [r4, #27]
    cb68:	434b      	tstorerb	r3, [r1, #13]
    cb6a:	4f23      	tloadrb	r3, [r4, #28]
    cb6c:	438b      	tstorerb	r3, [r1, #14]
    cb6e:	4f63      	tloadrb	r3, [r4, #29]
    cb70:	43cb      	tstorerb	r3, [r1, #15]
    cb72:	4fa3      	tloadrb	r3, [r4, #30]
    cb74:	440b      	tstorerb	r3, [r1, #16]
    cb76:	4fe3      	tloadrb	r3, [r4, #31]
    cb78:	444b      	tstorerb	r3, [r1, #17]
    cb7a:	080b      	tloadr	r0, [pc, #44]	; (cba8 <blt_update_parameter_request+0x9c>)
    cb7c:	97fd 9b78 	tjl	a270 <bls_ll_pushTxFifo>
    cb80:	ec03      	tadds	r3, r0, #0
    cb82:	a081      	tmovs	r0, #129	; 0x81
    cb84:	ab00      	tcmp	r3, #0
    cb86:	c002      	tjeq.n	cb8e <blt_update_parameter_request+0x82>
    cb88:	a320      	tmovs	r3, #32
    cb8a:	14e5      	tstorerb	r5, [r4, r3]
    cb8c:	a000      	tmovs	r0, #0
    cb8e:	6005      	tadd	sp, #20
    cb90:	6d30      	tpop	{r4, r5, pc}
    cb92:	46c0      	tnop			; (mov r8, r8)
    cb94:	00843180 	taddeq	r3, r4, r0, lsl #3
    cb98:	0084367c 	taddeq	r3, r4, ip, ror r6
    cb9c:	00800740 	taddeq	r0, r0, r0, asr #14
    cba0:	00843350 	taddeq	r3, r4, r0, asr r3
    cba4:	00843638 	taddeq	r3, r4, r8, lsr r6
    cba8:	00008040 	tandeq	r8, r0, r0, asr #32

0000cbac <blc_l2cap_pushData_2_controller>:
blc_l2cap_pushData_2_controller():
    cbac:	65f0      	tpush	{r4, r5, r6, r7, lr}
    cbae:	065f      	tmov	r7, fp
    cbb0:	0656      	tmov	r6, sl
    cbb2:	064d      	tmov	r5, r9
    cbb4:	0644      	tmov	r4, r8
    cbb6:	64f0      	tpush	{r4, r5, r6, r7}
    cbb8:	60cc      	tsub	sp, #304	; 0x130
    cbba:	3206      	tstorer	r2, [sp, #24]
    cbbc:	3304      	tstorer	r3, [sp, #16]
    cbbe:	f400      	tshftls	r0, r0, #16
    cbc0:	fc00      	tshftrs	r0, r0, #16
    cbc2:	0683      	tmov	fp, r0
    cbc4:	f409      	tshftls	r1, r1, #16
    cbc6:	fc09      	tshftrs	r1, r1, #16
    cbc8:	3105      	tstorer	r1, [sp, #20]
    cbca:	97fc 9cf9 	tjl	95c0 <blc_ll_getCurrentState>
    cbce:	a380      	tmovs	r3, #128	; 0x80
    cbd0:	a808      	tcmp	r0, #8
    cbd2:	c007      	tjeq.n	cbe4 <blc_l2cap_pushData_2_controller+0x38>
    cbd4:	ec18      	tadds	r0, r3, #0
    cbd6:	604c      	tadd	sp, #304	; 0x130
    cbd8:	6c3c      	tpop	{r2, r3, r4, r5}
    cbda:	0690      	tmov	r8, r2
    cbdc:	0699      	tmov	r9, r3
    cbde:	06a2      	tmov	sl, r4
    cbe0:	06ab      	tmov	fp, r5
    cbe2:	6df0      	tpop	{r4, r5, r6, r7, pc}
    cbe4:	0b6f      	tloadr	r3, [pc, #444]	; (cda4 <blc_l2cap_pushData_2_controller+0x1f8>)
    cbe6:	4c5a      	tloadrb	r2, [r3, #17]
    cbe8:	a382      	tmovs	r3, #130	; 0x82
    cbea:	aa00      	tcmp	r2, #0
    cbec:	c1f2      	tjne.n	cbd4 <blc_l2cap_pushData_2_controller+0x28>
    cbee:	0b6e      	tloadr	r3, [pc, #440]	; (cda8 <blc_l2cap_pushData_2_controller+0x1fc>)
    cbf0:	489a      	tloadrb	r2, [r3, #2]
    cbf2:	48db      	tloadrb	r3, [r3, #3]
    cbf4:	f21b      	tshftls	r3, r3, #8
    cbf6:	0313      	tors	r3, r2
    cbf8:	3904      	tloadr	r1, [sp, #16]
    cbfa:	ea5b      	tsubs	r3, r3, r1
    cbfc:	3302      	tstorer	r3, [sp, #8]
    cbfe:	0b6b      	tloadr	r3, [pc, #428]	; (cdac <blc_l2cap_pushData_2_controller+0x200>)
    cc00:	489c      	tloadrb	r4, [r3, #2]
    cc02:	a701      	tmovs	r7, #1
    cc04:	3a56      	tloadr	r2, [sp, #344]	; 0x158
    cc06:	aa00      	tcmp	r2, #0
    cc08:	c01e      	tjeq.n	cc48 <blc_l2cap_pushData_2_controller+0x9c>
    cc0a:	a700      	tmovs	r7, #0
    cc0c:	aa00      	tcmp	r2, #0
    cc0e:	cd1b      	tjle.n	cc48 <blc_l2cap_pushData_2_controller+0x9c>
    cc10:	0688      	tmov	r8, r1
    cc12:	a303      	tmovs	r3, #3
    cc14:	0498      	tadd	r8, r3
    cc16:	3902      	tloadr	r1, [sp, #8]
    cc18:	0249      	tnegs	r1, r1
    cc1a:	068a      	tmov	sl, r1
    cc1c:	ec15      	tadds	r5, r2, #0
    cc1e:	3e02      	tloadr	r6, [sp, #8]
    cc20:	06c1      	tmov	r9, r8
    cc22:	06a0      	tmov	r8, r4
    cc24:	ec34      	tadds	r4, r6, #0
    cc26:	ec20      	tadds	r0, r4, #0
    cc28:	02ac      	tcmp	r4, r5
    cc2a:	cd00      	tjle.n	cc2e <blc_l2cap_pushData_2_controller+0x82>
    cc2c:	ec28      	tadds	r0, r5, #0
    cc2e:	0448      	tadd	r0, r9
    cc30:	0641      	tmov	r1, r8
    cc32:	97f3 9acf 	tjl	1d4 <__divsi3>
    cc36:	b001      	tadds	r0, #1
    cc38:	e83f      	tadds	r7, r7, r0
    cc3a:	e936      	tadds	r6, r6, r4
    cc3c:	0455      	tadd	r5, sl
    cc3e:	eb33      	tsubs	r3, r6, r4
    cc40:	3a56      	tloadr	r2, [sp, #344]	; 0x158
    cc42:	029a      	tcmp	r2, r3
    cc44:	ccef      	tjgt.n	cc26 <blc_l2cap_pushData_2_controller+0x7a>
    cc46:	0644      	tmov	r4, r8
    cc48:	97f4 9f74 	tjl	1b34 <blc_ll_getTxFifoNumber>
    cc4c:	e9c7      	tadds	r7, r0, r7
    cc4e:	0659      	tmov	r1, fp
    cc50:	f40b      	tshftls	r3, r1, #16
    cc52:	ab00      	tcmp	r3, #0
    cc54:	ca00      	tjge.n	cc58 <blc_l2cap_pushData_2_controller+0xac>
    cc56:	8088      	tj.n	cd6a <blc_l2cap_pushData_2_controller+0x1be>
    cc58:	0b55      	tloadr	r3, [pc, #340]	; (cdb0 <blc_l2cap_pushData_2_controller+0x204>)
    cc5a:	289a      	tloadrh	r2, [r3, #4]
    cc5c:	ba02      	tsubs	r2, #2
    cc5e:	a381      	tmovs	r3, #129	; 0x81
    cc60:	02ba      	tcmp	r2, r7
    cc62:	cdb7      	tjle.n	cbd4 <blc_l2cap_pushData_2_controller+0x28>
    cc64:	3a04      	tloadr	r2, [sp, #16]
    cc66:	b204      	tadds	r2, #4
    cc68:	3b56      	tloadr	r3, [sp, #344]	; 0x158
    cc6a:	ab00      	tcmp	r3, #0
    cc6c:	c100      	tjne.n	cc70 <blc_l2cap_pushData_2_controller+0xc4>
    cc6e:	807f      	tj.n	cd70 <blc_l2cap_pushData_2_controller+0x1c4>
    cc70:	eaa1      	tsubs	r1, r4, r2
    cc72:	3107      	tstorer	r1, [sp, #28]
    cc74:	a300      	tmovs	r3, #0
    cc76:	3956      	tloadr	r1, [sp, #344]	; 0x158
    cc78:	a900      	tcmp	r1, #0
    cc7a:	cdab      	tjle.n	cbd4 <blc_l2cap_pushData_2_controller+0x28>
    cc7c:	f612      	tshftls	r2, r2, #24
    cc7e:	fe12      	tshftrs	r2, r2, #24
    cc80:	3209      	tstorer	r2, [sp, #36]	; 0x24
    cc82:	7f0c      	tadd	r7, sp, #48	; 0x30
    cc84:	3a04      	tloadr	r2, [sp, #16]
    cc86:	f413      	tshftls	r3, r2, #16
    cc88:	fc1b      	tshftrs	r3, r3, #16
    cc8a:	330a      	tstorer	r3, [sp, #40]	; 0x28
    cc8c:	ec13      	tadds	r3, r2, #0
    cc8e:	b306      	tadds	r3, #6
    cc90:	e8fb      	tadds	r3, r7, r3
    cc92:	330b      	tstorer	r3, [sp, #44]	; 0x2c
    cc94:	3b02      	tloadr	r3, [sp, #8]
    cc96:	025b      	tnegs	r3, r3
    cc98:	3308      	tstorer	r3, [sp, #32]
    cc9a:	3103      	tstorer	r1, [sp, #12]
    cc9c:	a100      	tmovs	r1, #0
    cc9e:	3101      	tstorer	r1, [sp, #4]
    cca0:	0e44      	tloadr	r6, [pc, #272]	; (cdb4 <blc_l2cap_pushData_2_controller+0x208>)
    cca2:	0262      	tnegs	r2, r4
    cca4:	3200      	tstorer	r2, [sp, #0]
    cca6:	3b02      	tloadr	r3, [sp, #8]
    cca8:	0699      	tmov	r9, r3
    ccaa:	3903      	tloadr	r1, [sp, #12]
    ccac:	028b      	tcmp	r3, r1
    ccae:	cd00      	tjle.n	ccb2 <blc_l2cap_pushData_2_controller+0x106>
    ccb0:	0689      	tmov	r9, r1
    ccb2:	06ca      	tmov	sl, r9
    ccb4:	3a07      	tloadr	r2, [sp, #28]
    ccb6:	0591      	tcmp	r9, r2
    ccb8:	cd00      	tjle.n	ccbc <blc_l2cap_pushData_2_controller+0x110>
    ccba:	0692      	tmov	sl, r2
    ccbc:	a302      	tmovs	r3, #2
    ccbe:	403b      	tstorerb	r3, [r7, #0]
    ccc0:	3909      	tloadr	r1, [sp, #36]	; 0x24
    ccc2:	ec0b      	tadds	r3, r1, #0
    ccc4:	0453      	tadd	r3, sl
    ccc6:	407b      	tstorerb	r3, [r7, #1]
    ccc8:	3a0a      	tloadr	r2, [sp, #40]	; 0x28
    ccca:	ec13      	tadds	r3, r2, #0
    cccc:	044b      	tadd	r3, r9
    ccce:	0669      	tmov	r1, sp
    ccd0:	264b      	tstorerh	r3, [r1, #50]	; 0x32
    ccd2:	066a      	tmov	r2, sp
    ccd4:	a314      	tmovs	r3, #20
    ccd6:	1a9b      	tloadrh	r3, [r3, r2]
    ccd8:	2693      	tstorerh	r3, [r2, #52]	; 0x34
    ccda:	0668      	tmov	r0, sp
    ccdc:	b036      	tadds	r0, #54	; 0x36
    ccde:	3906      	tloadr	r1, [sp, #24]
    cce0:	3a04      	tloadr	r2, [sp, #16]
    cce2:	97f5 9f9d 	tjl	2c20 <smemcpy>
    cce6:	3a55      	tloadr	r2, [sp, #340]	; 0x154
    cce8:	ec11      	tadds	r1, r2, #0
    ccea:	3a01      	tloadr	r2, [sp, #4]
    ccec:	e889      	tadds	r1, r1, r2
    ccee:	380b      	tloadr	r0, [sp, #44]	; 0x2c
    ccf0:	0652      	tmov	r2, sl
    ccf2:	97f5 9f95 	tjl	2c20 <smemcpy>
    ccf6:	5833      	tloadr	r3, [r6, #0]
    ccf8:	0658      	tmov	r0, fp
    ccfa:	ec39      	tadds	r1, r7, #0
    ccfc:	9000 985c 	tjl	cdb8 <blc_l2cap_pushData_2_controller+0x20c>
    cd00:	05d1      	tcmp	r9, sl
    cd02:	cd23      	tjle.n	cd4c <blc_l2cap_pushData_2_controller+0x1a0>
    cd04:	06a0      	tmov	r8, r4
    cd06:	04d0      	tadd	r8, sl
    cd08:	0649      	tmov	r1, r9
    cd0a:	0652      	tmov	r2, sl
    cd0c:	ea8d      	tsubs	r5, r1, r2
    cd0e:	3901      	tloadr	r1, [sp, #4]
    cd10:	ec0b      	tadds	r3, r1, #0
    cd12:	0453      	tadd	r3, sl
    cd14:	3a55      	tloadr	r2, [sp, #340]	; 0x154
    cd16:	e8d2      	tadds	r2, r2, r3
    cd18:	0692      	tmov	sl, r2
    cd1a:	ec22      	tadds	r2, r4, #0
    cd1c:	02ac      	tcmp	r4, r5
    cd1e:	cd00      	tjle.n	cd22 <blc_l2cap_pushData_2_controller+0x176>
    cd20:	ec2a      	tadds	r2, r5, #0
    cd22:	a301      	tmovs	r3, #1
    cd24:	403b      	tstorerb	r3, [r7, #0]
    cd26:	407a      	tstorerb	r2, [r7, #1]
    cd28:	0668      	tmov	r0, sp
    cd2a:	b032      	tadds	r0, #50	; 0x32
    cd2c:	0651      	tmov	r1, sl
    cd2e:	97f5 9f77 	tjl	2c20 <smemcpy>
    cd32:	5833      	tloadr	r3, [r6, #0]
    cd34:	0658      	tmov	r0, fp
    cd36:	ec39      	tadds	r1, r7, #0
    cd38:	9000 983e 	tjl	cdb8 <blc_l2cap_pushData_2_controller+0x20c>
    cd3c:	04a0      	tadd	r8, r4
    cd3e:	3900      	tloadr	r1, [sp, #0]
    cd40:	e86d      	tadds	r5, r5, r1
    cd42:	04a2      	tadd	sl, r4
    cd44:	0642      	tmov	r2, r8
    cd46:	eb13      	tsubs	r3, r2, r4
    cd48:	0599      	tcmp	r9, r3
    cd4a:	cce6      	tjgt.n	cd1a <blc_l2cap_pushData_2_controller+0x16e>
    cd4c:	3b01      	tloadr	r3, [sp, #4]
    cd4e:	ec19      	tadds	r1, r3, #0
    cd50:	3b02      	tloadr	r3, [sp, #8]
    cd52:	e8c9      	tadds	r1, r1, r3
    cd54:	3101      	tstorer	r1, [sp, #4]
    cd56:	3a03      	tloadr	r2, [sp, #12]
    cd58:	ec13      	tadds	r3, r2, #0
    cd5a:	3a08      	tloadr	r2, [sp, #32]
    cd5c:	e89b      	tadds	r3, r3, r2
    cd5e:	3303      	tstorer	r3, [sp, #12]
    cd60:	3a56      	tloadr	r2, [sp, #344]	; 0x158
    cd62:	028a      	tcmp	r2, r1
    cd64:	cc9f      	tjgt.n	cca6 <blc_l2cap_pushData_2_controller+0xfa>
    cd66:	a300      	tmovs	r3, #0
    cd68:	8734      	tj.n	cbd4 <blc_l2cap_pushData_2_controller+0x28>
    cd6a:	0b11      	tloadr	r3, [pc, #68]	; (cdb0 <blc_l2cap_pushData_2_controller+0x204>)
    cd6c:	289a      	tloadrh	r2, [r3, #4]
    cd6e:	8776      	tj.n	cc5e <blc_l2cap_pushData_2_controller+0xb2>
    cd70:	7c0c      	tadd	r4, sp, #48	; 0x30
    cd72:	a302      	tmovs	r3, #2
    cd74:	4023      	tstorerb	r3, [r4, #0]
    cd76:	4062      	tstorerb	r2, [r4, #1]
    cd78:	066b      	tmov	r3, sp
    cd7a:	a110      	tmovs	r1, #16
    cd7c:	1acb      	tloadrh	r3, [r1, r3]
    cd7e:	2063      	tstorerh	r3, [r4, #2]
    cd80:	0669      	tmov	r1, sp
    cd82:	a214      	tmovs	r2, #20
    cd84:	1a51      	tloadrh	r1, [r2, r1]
    cd86:	20a1      	tstorerh	r1, [r4, #4]
    cd88:	0668      	tmov	r0, sp
    cd8a:	b036      	tadds	r0, #54	; 0x36
    cd8c:	3906      	tloadr	r1, [sp, #24]
    cd8e:	3a04      	tloadr	r2, [sp, #16]
    cd90:	97f5 9f46 	tjl	2c20 <smemcpy>
    cd94:	0b07      	tloadr	r3, [pc, #28]	; (cdb4 <blc_l2cap_pushData_2_controller+0x208>)
    cd96:	581b      	tloadr	r3, [r3, #0]
    cd98:	0658      	tmov	r0, fp
    cd9a:	ec21      	tadds	r1, r4, #0
    cd9c:	9000 980c 	tjl	cdb8 <blc_l2cap_pushData_2_controller+0x20c>
    cda0:	a300      	tmovs	r3, #0
    cda2:	8717      	tj.n	cbd4 <blc_l2cap_pushData_2_controller+0x28>
    cda4:	00843180 	taddeq	r3, r4, r0, lsl #3
    cda8:	008435fc 	undefined instruction 0x008435fc
    cdac:	0084321c 	taddeq	r3, r4, ip, lsl r2
    cdb0:	0084311c 	taddeq	r3, r4, ip, lsl r1
    cdb4:	008433b8 	undefined instruction 0x008433b8
    cdb8:	0718      	tjex	r3
    cdba:	46c0      	tnop			; (mov r8, r8)

0000cdbc <blc_l2cap_packet_receive>:
blc_l2cap_packet_receive():
    cdbc:	6570      	tpush	{r4, r5, r6, lr}
    cdbe:	6082      	tsub	sp, #8
    cdc0:	f405      	tshftls	r5, r0, #16
    cdc2:	fc2d      	tshftrs	r5, r5, #16
    cdc4:	ec08      	tadds	r0, r1, #0
    cdc6:	97ff 9e2b 	tjl	ca20 <blt_ll_pack>
    cdca:	ee04      	tsubs	r4, r0, #0
    cdcc:	c009      	tjeq.n	cde2 <blc_l2cap_packet_receive+0x26>
    cdce:	4922      	tloadrb	r2, [r4, #4]
    cdd0:	4963      	tloadrb	r3, [r4, #5]
    cdd2:	f21b      	tshftls	r3, r3, #8
    cdd4:	0313      	tors	r3, r2
    cdd6:	ab06      	tcmp	r3, #6
    cdd8:	c05f      	tjeq.n	ce9a <blc_l2cap_packet_receive+0xde>
    cdda:	ab04      	tcmp	r3, #4
    cddc:	c025      	tjeq.n	ce2a <blc_l2cap_packet_receive+0x6e>
    cdde:	ab05      	tcmp	r3, #5
    cde0:	c002      	tjeq.n	cde8 <blc_l2cap_packet_receive+0x2c>
    cde2:	a000      	tmovs	r0, #0
    cde4:	6002      	tadd	sp, #8
    cde6:	6d70      	tpop	{r4, r5, r6, pc}
    cde8:	0e31      	tloadr	r6, [pc, #196]	; (ceb0 <blc_l2cap_packet_receive+0xf4>)
    cdea:	5873      	tloadr	r3, [r6, #4]
    cdec:	ab00      	tcmp	r3, #0
    cdee:	c003      	tjeq.n	cdf8 <blc_l2cap_packet_receive+0x3c>
    cdf0:	ec28      	tadds	r0, r5, #0
    cdf2:	ec21      	tadds	r1, r4, #0
    cdf4:	9000 9866 	tjl	cec4 <blc_l2cap_packet_receive+0x108>
    cdf8:	4aa2      	tloadrb	r2, [r4, #10]
    cdfa:	aa13      	tcmp	r2, #19
    cdfc:	c1f1      	tjne.n	cde2 <blc_l2cap_packet_receive+0x26>
    cdfe:	58b3      	tloadr	r3, [r6, #8]
    ce00:	ab00      	tcmp	r3, #0
    ce02:	c0ee      	tjeq.n	cde2 <blc_l2cap_packet_receive+0x26>
    ce04:	48a0      	tloadrb	r0, [r4, #2]
    ce06:	48e1      	tloadrb	r1, [r4, #3]
    ce08:	f209      	tshftls	r1, r1, #8
    ce0a:	0301      	tors	r1, r0
    ce0c:	a906      	tcmp	r1, #6
    ce0e:	c1e8      	tjne.n	cde2 <blc_l2cap_packet_receive+0x26>
    ce10:	4a20      	tloadrb	r0, [r4, #8]
    ce12:	4a61      	tloadrb	r1, [r4, #9]
    ce14:	f209      	tshftls	r1, r1, #8
    ce16:	0301      	tors	r1, r0
    ce18:	a902      	tcmp	r1, #2
    ce1a:	c1e2      	tjne.n	cde2 <blc_l2cap_packet_receive+0x26>
    ce1c:	49e0      	tloadrb	r0, [r4, #7]
    ce1e:	4ae1      	tloadrb	r1, [r4, #11]
    ce20:	f209      	tshftls	r1, r1, #8
    ce22:	0311      	tors	r1, r2
    ce24:	9000 984e 	tjl	cec4 <blc_l2cap_packet_receive+0x108>
    ce28:	87db      	tj.n	cde2 <blc_l2cap_packet_receive+0x26>
    ce2a:	49a3      	tloadrb	r3, [r4, #6]
    ce2c:	f7da      	tshftls	r2, r3, #31
    ce2e:	c50a      	tjpl.n	ce46 <blc_l2cap_packet_receive+0x8a>
    ce30:	ab03      	tcmp	r3, #3
    ce32:	c008      	tjeq.n	ce46 <blc_l2cap_packet_receive+0x8a>
    ce34:	0b1e      	tloadr	r3, [pc, #120]	; (ceb0 <blc_l2cap_packet_receive+0xf4>)
    ce36:	581b      	tloadr	r3, [r3, #0]
    ce38:	ab00      	tcmp	r3, #0
    ce3a:	c0d2      	tjeq.n	cde2 <blc_l2cap_packet_receive+0x26>
    ce3c:	ec28      	tadds	r0, r5, #0
    ce3e:	ec21      	tadds	r1, r4, #0
    ce40:	9000 9840 	tjl	cec4 <blc_l2cap_packet_receive+0x108>
    ce44:	87cd      	tj.n	cde2 <blc_l2cap_packet_receive+0x26>
    ce46:	ec28      	tadds	r0, r5, #0
    ce48:	ec21      	tadds	r1, r4, #0
    ce4a:	97fe 9e79 	tjl	bb40 <l2cap_att_handler>
    ce4e:	ee04      	tsubs	r4, r0, #0
    ce50:	c0c7      	tjeq.n	cde2 <blc_l2cap_packet_receive+0x26>
    ce52:	0818      	tloadr	r0, [pc, #96]	; (ceb4 <blc_l2cap_packet_receive+0xf8>)
    ce54:	0305      	tors	r5, r0
    ce56:	f428      	tshftls	r0, r5, #16
    ce58:	fc00      	tshftrs	r0, r0, #16
    ce5a:	4923      	tloadrb	r3, [r4, #4]
    ce5c:	4961      	tloadrb	r1, [r4, #5]
    ce5e:	f209      	tshftls	r1, r1, #8
    ce60:	0319      	tors	r1, r3
    ce62:	eda2      	tadds	r2, r4, #6
    ce64:	ede3      	tadds	r3, r4, #7
    ce66:	3300      	tstorer	r3, [sp, #0]
    ce68:	48a5      	tloadrb	r5, [r4, #2]
    ce6a:	48e3      	tloadrb	r3, [r4, #3]
    ce6c:	f21b      	tshftls	r3, r3, #8
    ce6e:	032b      	tors	r3, r5
    ce70:	bb01      	tsubs	r3, #1
    ce72:	3301      	tstorer	r3, [sp, #4]
    ce74:	a301      	tmovs	r3, #1
    ce76:	97ff 9e99 	tjl	cbac <blc_l2cap_pushData_2_controller>
    ce7a:	a800      	tcmp	r0, #0
    ce7c:	c0b1      	tjeq.n	cde2 <blc_l2cap_packet_receive+0x26>
    ce7e:	0b0e      	tloadr	r3, [pc, #56]	; (ceb8 <blc_l2cap_packet_receive+0xfc>)
    ce80:	411c      	tstorerb	r4, [r3, #4]
    ce82:	fa22      	tshftrs	r2, r4, #8
    ce84:	415a      	tstorerb	r2, [r3, #5]
    ce86:	fc22      	tshftrs	r2, r4, #16
    ce88:	419a      	tstorerb	r2, [r3, #6]
    ce8a:	fe24      	tshftrs	r4, r4, #24
    ce8c:	41dc      	tstorerb	r4, [r3, #7]
    ce8e:	0b0b      	tloadr	r3, [pc, #44]	; (cebc <blc_l2cap_packet_receive+0x100>)
    ce90:	4819      	tloadrb	r1, [r3, #0]
    ce92:	a204      	tmovs	r2, #4
    ce94:	030a      	tors	r2, r1
    ce96:	401a      	tstorerb	r2, [r3, #0]
    ce98:	87a3      	tj.n	cde2 <blc_l2cap_packet_receive+0x26>
    ce9a:	ec28      	tadds	r0, r5, #0
    ce9c:	ec21      	tadds	r1, r4, #0
    ce9e:	9000 9c95 	tjl	d7cc <l2cap_smp_handler>
    cea2:	ee01      	tsubs	r1, r0, #0
    cea4:	c09d      	tjeq.n	cde2 <blc_l2cap_packet_receive+0x26>
    cea6:	0806      	tloadr	r0, [pc, #24]	; (cec0 <blc_l2cap_packet_receive+0x104>)
    cea8:	97fd 99e2 	tjl	a270 <bls_ll_pushTxFifo>
    ceac:	8799      	tj.n	cde2 <blc_l2cap_packet_receive+0x26>
    ceae:	46c0      	tnop			; (mov r8, r8)
    ceb0:	00843638 	taddeq	r3, r4, r8, lsr r6
    ceb4:	ffff8000 	undefined instruction 0xffff8000
    ceb8:	008435fc 	undefined instruction 0x008435fc
    cebc:	0084353c 	taddeq	r3, r4, ip, lsr r5
    cec0:	00008040 	tandeq	r8, r0, r0, asr #32
    cec4:	0718      	tjex	r3
    cec6:	46c0      	tnop			; (mov r8, r8)

0000cec8 <blc_smp_pushParingFailed>:
blc_smp_pushParingFailed():
    cec8:	0b04      	tloadr	r3, [pc, #16]	; (cedc <blc_smp_pushParingFailed+0x14>)
    ceca:	a202      	tmovs	r2, #2
    cecc:	205a      	tstorerh	r2, [r3, #2]
    cece:	41d8      	tstorerb	r0, [r3, #7]
    ced0:	a205      	tmovs	r2, #5
    ced2:	419a      	tstorerb	r2, [r3, #6]
    ced4:	a206      	tmovs	r2, #6
    ced6:	405a      	tstorerb	r2, [r3, #1]
    ced8:	ec18      	tadds	r0, r3, #0
    ceda:	0770      	tjex	lr
    cedc:	00843660 	taddeq	r3, r4, r0, ror #12

0000cee0 <blc_smp_setResponderKey>:
blc_smp_setResponderKey():
    cee0:	f600      	tshftls	r0, r0, #24
    cee2:	f609      	tshftls	r1, r1, #24
    cee4:	f612      	tshftls	r2, r2, #24
    cee6:	ee43      	tsubs	r3, r0, #1
    cee8:	0198      	tsubcs	r0, r3
    ceea:	ee4b      	tsubs	r3, r1, #1
    ceec:	0199      	tsubcs	r1, r3
    ceee:	f049      	tshftls	r1, r1, #1
    cef0:	ee53      	tsubs	r3, r2, #1
    cef2:	019a      	tsubcs	r2, r3
    cef4:	f092      	tshftls	r2, r2, #2
    cef6:	0308      	tors	r0, r1
    cef8:	0310      	tors	r0, r2
    cefa:	0b03      	tloadr	r3, [pc, #12]	; (cf08 <blc_smp_setResponderKey+0x28>)
    cefc:	a25c      	tmovs	r2, #92	; 0x5c
    cefe:	1498      	tstorerb	r0, [r3, r2]
    cf00:	a25d      	tmovs	r2, #93	; 0x5d
    cf02:	1498      	tstorerb	r0, [r3, r2]
    cf04:	0770      	tjex	lr
    cf06:	46c0      	tnop			; (mov r8, r8)
    cf08:	00843660 	taddeq	r3, r4, r0, ror #12

0000cf0c <blc_smp_getGenMethod>:
blc_smp_getGenMethod():
    cf0c:	65f0      	tpush	{r4, r5, r6, r7, lr}
    cf0e:	0b1e      	tloadr	r3, [pc, #120]	; (cf88 <blc_smp_getGenMethod+0x7c>)
    cf10:	a25a      	tmovs	r2, #90	; 0x5a
    cf12:	1c9d      	tloadrb	r5, [r3, r2]
    cf14:	f76d      	tshftls	r5, r5, #29
    cf16:	ffed      	tshftrs	r5, r5, #31
    cf18:	a258      	tmovs	r2, #88	; 0x58
    cf1a:	1c9c      	tloadrb	r4, [r3, r2]
    cf1c:	a253      	tmovs	r2, #83	; 0x53
    cf1e:	1c9a      	tloadrb	r2, [r3, r2]
    cf20:	f752      	tshftls	r2, r2, #29
    cf22:	ffd6      	tshftrs	r6, r2, #31
    cf24:	a251      	tmovs	r2, #81	; 0x51
    cf26:	1c9f      	tloadrb	r7, [r3, r2]
    cf28:	a252      	tmovs	r2, #82	; 0x52
    cf2a:	1c9a      	tloadrb	r2, [r3, r2]
    cf2c:	a159      	tmovs	r1, #89	; 0x59
    cf2e:	1c5b      	tloadrb	r3, [r3, r1]
    cf30:	e8d2      	tadds	r2, r2, r3
    cf32:	e812      	tadds	r2, r2, r0
    cf34:	a304      	tmovs	r3, #4
    cf36:	aa01      	tcmp	r2, #1
    cf38:	cd01      	tjle.n	cf3e <blc_smp_getGenMethod+0x32>
    cf3a:	ec18      	tadds	r0, r3, #0
    cf3c:	6df0      	tpop	{r4, r5, r6, r7, pc}
    cf3e:	a300      	tmovs	r3, #0
    cf40:	032e      	tors	r6, r5
    cf42:	c0fa      	tjeq.n	cf3a <blc_smp_getGenMethod+0x2e>
    cf44:	a301      	tmovs	r3, #1
    cf46:	af04      	tcmp	r7, #4
    cf48:	cd11      	tjle.n	cf6e <blc_smp_getGenMethod+0x62>
    cf4a:	f61b      	tshftls	r3, r3, #24
    cf4c:	ab00      	tcmp	r3, #0
    cf4e:	c112      	tjne.n	cf76 <blc_smp_getGenMethod+0x6a>
    cf50:	a301      	tmovs	r3, #1
    cf52:	ac04      	tcmp	r4, #4
    cf54:	cc00      	tjgt.n	cf58 <blc_smp_getGenMethod+0x4c>
    cf56:	a300      	tmovs	r3, #0
    cf58:	f61b      	tshftls	r3, r3, #24
    cf5a:	ab00      	tcmp	r3, #0
    cf5c:	c10b      	tjne.n	cf76 <blc_smp_getGenMethod+0x6a>
    cf5e:	a800      	tcmp	r0, #0
    cf60:	c10b      	tjne.n	cf7a <blc_smp_getGenMethod+0x6e>
    cf62:	f0a3      	tshftls	r3, r4, #2
    cf64:	e91c      	tadds	r4, r3, r4
    cf66:	e9e7      	tadds	r7, r4, r7
    cf68:	0b08      	tloadr	r3, [pc, #32]	; (cf8c <blc_smp_getGenMethod+0x80>)
    cf6a:	1cfb      	tloadrb	r3, [r7, r3]
    cf6c:	87e5      	tj.n	cf3a <blc_smp_getGenMethod+0x2e>
    cf6e:	a300      	tmovs	r3, #0
    cf70:	f61b      	tshftls	r3, r3, #24
    cf72:	ab00      	tcmp	r3, #0
    cf74:	c0ec      	tjeq.n	cf50 <blc_smp_getGenMethod+0x44>
    cf76:	a300      	tmovs	r3, #0
    cf78:	87df      	tj.n	cf3a <blc_smp_getGenMethod+0x2e>
    cf7a:	f0a3      	tshftls	r3, r4, #2
    cf7c:	e91c      	tadds	r4, r3, r4
    cf7e:	e9e7      	tadds	r7, r4, r7
    cf80:	0b03      	tloadr	r3, [pc, #12]	; (cf90 <blc_smp_getGenMethod+0x84>)
    cf82:	1cfb      	tloadrb	r3, [r7, r3]
    cf84:	87d9      	tj.n	cf3a <blc_smp_getGenMethod+0x2e>
    cf86:	46c0      	tnop			; (mov r8, r8)
    cf88:	00843660 	taddeq	r3, r4, r0, ror #12
    cf8c:	00010040 	tandeq	r0, r1, r0, asr #32
    cf90:	00010024 	tandeq	r0, r1, r4, lsr #32

0000cf94 <blc_smp_param_init>:
blc_smp_param_init():
    cf94:	6510      	tpush	{r4, lr}
    cf96:	0b1b      	tloadr	r3, [pc, #108]	; (d004 <blc_smp_param_init+0x70>)
    cf98:	a101      	tmovs	r1, #1
    cf9a:	a250      	tmovs	r2, #80	; 0x50
    cf9c:	1499      	tstorerb	r1, [r3, r2]
    cf9e:	a102      	tmovs	r1, #2
    cfa0:	a257      	tmovs	r2, #87	; 0x57
    cfa2:	1499      	tstorerb	r1, [r3, r2]
    cfa4:	a210      	tmovs	r2, #16
    cfa6:	a154      	tmovs	r1, #84	; 0x54
    cfa8:	145a      	tstorerb	r2, [r3, r1]
    cfaa:	a15b      	tmovs	r1, #91	; 0x5b
    cfac:	145a      	tstorerb	r2, [r3, r1]
    cfae:	a203      	tmovs	r2, #3
    cfb0:	a15c      	tmovs	r1, #92	; 0x5c
    cfb2:	145a      	tstorerb	r2, [r3, r1]
    cfb4:	a15d      	tmovs	r1, #93	; 0x5d
    cfb6:	145a      	tstorerb	r2, [r3, r1]
    cfb8:	a155      	tmovs	r1, #85	; 0x55
    cfba:	145a      	tstorerb	r2, [r3, r1]
    cfbc:	a156      	tmovs	r1, #86	; 0x56
    cfbe:	145a      	tstorerb	r2, [r3, r1]
    cfc0:	a225      	tmovs	r2, #37	; 0x25
    cfc2:	1c98      	tloadrb	r0, [r3, r2]
    cfc4:	4fd9      	tloadrb	r1, [r3, #31]
    cfc6:	a224      	tmovs	r2, #36	; 0x24
    cfc8:	1c9c      	tloadrb	r4, [r3, r2]
    cfca:	f0a4      	tshftls	r4, r4, #2
    cfcc:	a226      	tmovs	r2, #38	; 0x26
    cfce:	1c9a      	tloadrb	r2, [r3, r2]
    cfd0:	f0d2      	tshftls	r2, r2, #3
    cfd2:	0322      	tors	r2, r4
    cfd4:	4f9c      	tloadrb	r4, [r3, #30]
    cfd6:	0322      	tors	r2, r4
    cfd8:	a427      	tmovs	r4, #39	; 0x27
    cfda:	1d1c      	tloadrb	r4, [r3, r4]
    cfdc:	f124      	tshftls	r4, r4, #4
    cfde:	0322      	tors	r2, r4
    cfe0:	f612      	tshftls	r2, r2, #24
    cfe2:	fe12      	tshftrs	r2, r2, #24
    cfe4:	a45e      	tmovs	r4, #94	; 0x5e
    cfe6:	151a      	tstorerb	r2, [r3, r4]
    cfe8:	a45a      	tmovs	r4, #90	; 0x5a
    cfea:	151a      	tstorerb	r2, [r3, r4]
    cfec:	a453      	tmovs	r4, #83	; 0x53
    cfee:	151a      	tstorerb	r2, [r3, r4]
    cff0:	a252      	tmovs	r2, #82	; 0x52
    cff2:	1498      	tstorerb	r0, [r3, r2]
    cff4:	a259      	tmovs	r2, #89	; 0x59
    cff6:	1498      	tstorerb	r0, [r3, r2]
    cff8:	a251      	tmovs	r2, #81	; 0x51
    cffa:	1499      	tstorerb	r1, [r3, r2]
    cffc:	a258      	tmovs	r2, #88	; 0x58
    cffe:	1499      	tstorerb	r1, [r3, r2]
    d000:	a000      	tmovs	r0, #0
    d002:	6d10      	tpop	{r4, pc}
    d004:	00843660 	taddeq	r3, r4, r0, ror #12

0000d008 <bls_smp_getLtkReq>:
bls_smp_getLtkReq():
    d008:	65f0      	tpush	{r4, r5, r6, r7, lr}
    d00a:	0657      	tmov	r7, sl
    d00c:	0646      	tmov	r6, r8
    d00e:	64c0      	tpush	{r6, r7}
    d010:	608e      	tsub	sp, #56	; 0x38
    d012:	0688      	tmov	r8, r1
    d014:	f400      	tshftls	r0, r0, #16
    d016:	fc00      	tshftrs	r0, r0, #16
    d018:	0682      	tmov	sl, r0
    d01a:	f415      	tshftls	r5, r2, #16
    d01c:	fc2f      	tshftrs	r7, r5, #16
    d01e:	0e53      	tloadr	r6, [pc, #332]	; (d16c <bls_smp_getLtkReq+0x164>)
    d020:	a300      	tmovs	r3, #0
    d022:	4073      	tstorerb	r3, [r6, #1]
    d024:	7c0b      	tadd	r4, sp, #44	; 0x2c
    d026:	330b      	tstorer	r3, [sp, #44]	; 0x2c
    d028:	330c      	tstorer	r3, [sp, #48]	; 0x30
    d02a:	7a0d      	tadd	r2, sp, #52	; 0x34
    d02c:	2013      	tstorerh	r3, [r2, #0]
    d02e:	3308      	tstorer	r3, [sp, #32]
    d030:	3309      	tstorer	r3, [sp, #36]	; 0x24
    d032:	7a0a      	tadd	r2, sp, #40	; 0x28
    d034:	2013      	tstorerh	r3, [r2, #0]
    d036:	ec20      	tadds	r0, r4, #0
    d038:	a208      	tmovs	r2, #8
    d03a:	97fb 9c85 	tjl	8948 <memcpy>
    d03e:	4227      	tstorerb	r7, [r4, #8]
    d040:	fe2d      	tshftrs	r5, r5, #24
    d042:	4265      	tstorerb	r5, [r4, #9]
    d044:	7808      	tadd	r0, sp, #32
    d046:	ec21      	tadds	r1, r4, #0
    d048:	a20a      	tmovs	r2, #10
    d04a:	97fb 9c41 	tjl	88d0 <memcmp>
    d04e:	a800      	tcmp	r0, #0
    d050:	c156      	tjne.n	d100 <bls_smp_getLtkReq+0xf8>
    d052:	3004      	tstorer	r0, [sp, #16]
    d054:	3005      	tstorer	r0, [sp, #20]
    d056:	3006      	tstorer	r0, [sp, #24]
    d058:	3007      	tstorer	r0, [sp, #28]
    d05a:	3000      	tstorer	r0, [sp, #0]
    d05c:	3001      	tstorer	r0, [sp, #4]
    d05e:	3002      	tstorer	r0, [sp, #8]
    d060:	3003      	tstorer	r0, [sp, #12]
    d062:	0943      	tloadr	r1, [pc, #268]	; (d170 <bls_smp_getLtkReq+0x168>)
    d064:	a324      	tmovs	r3, #36	; 0x24
    d066:	1ccb      	tloadrb	r3, [r1, r3]
    d068:	ec1c      	tadds	r4, r3, #0
    d06a:	ab10      	tcmp	r3, #16
    d06c:	c840      	tjhi.n	d0f0 <bls_smp_getLtkReq+0xe8>
    d06e:	f624      	tshftls	r4, r4, #24
    d070:	fe24      	tshftrs	r4, r4, #24
    d072:	0b40      	tloadr	r3, [pc, #256]	; (d174 <bls_smp_getLtkReq+0x16c>)
    d074:	4b1b      	tloadrb	r3, [r3, #12]
    d076:	ab00      	tcmp	r3, #0
    d078:	c124      	tjne.n	d0c4 <bls_smp_getLtkReq+0xbc>
    d07a:	0b3f      	tloadr	r3, [pc, #252]	; (d178 <bls_smp_getLtkReq+0x170>)
    d07c:	581a      	tloadr	r2, [r3, #0]
    d07e:	f6d0      	tshftls	r0, r2, #27
    d080:	c560      	tjpl.n	d144 <bls_smp_getLtkReq+0x13c>
    d082:	a080      	tmovs	r0, #128	; 0x80
    d084:	f4c0      	tshftls	r0, r0, #19
    d086:	0302      	tors	r2, r0
    d088:	501a      	tstorer	r2, [r3, #0]
    d08a:	0668      	tmov	r0, sp
    d08c:	0a3b      	tloadr	r2, [pc, #236]	; (d17c <bls_smp_getLtkReq+0x174>)
    d08e:	0b3c      	tloadr	r3, [pc, #240]	; (d180 <bls_smp_getLtkReq+0x178>)
    d090:	9002 9b08 	tjl	f6a4 <blt_smp_alg_s1>
    d094:	7d04      	tadd	r5, sp, #16
    d096:	ec28      	tadds	r0, r5, #0
    d098:	0669      	tmov	r1, sp
    d09a:	ec22      	tadds	r2, r4, #0
    d09c:	97fb 9c54 	tjl	8948 <memcpy>
    d0a0:	0650      	tmov	r0, sl
    d0a2:	ec29      	tadds	r1, r5, #0
    d0a4:	97fe 9850 	tjl	b148 <blc_hci_ltkRequestReply>
    d0a8:	0d36      	tloadr	r5, [pc, #216]	; (d184 <bls_smp_getLtkReq+0x17c>)
    d0aa:	a6fe      	tmovs	r6, #254	; 0xfe
    d0ac:	40ae      	tstorerb	r6, [r5, #2]
    d0ae:	4868      	tloadrb	r0, [r5, #1]
    d0b0:	48eb      	tloadrb	r3, [r5, #3]
    d0b2:	a401      	tmovs	r4, #1
    d0b4:	0283      	tcmp	r3, r0
    d0b6:	c83b      	tjhi.n	d130 <bls_smp_getLtkReq+0x128>
    d0b8:	ec20      	tadds	r0, r4, #0
    d0ba:	600e      	tadd	sp, #56	; 0x38
    d0bc:	6c0c      	tpop	{r2, r3}
    d0be:	0690      	tmov	r8, r2
    d0c0:	069a      	tmov	sl, r3
    d0c2:	6df0      	tpop	{r4, r5, r6, r7, pc}
    d0c4:	092c      	tloadr	r1, [pc, #176]	; (d178 <bls_smp_getLtkReq+0x170>)
    d0c6:	580a      	tloadr	r2, [r1, #0]
    d0c8:	a380      	tmovs	r3, #128	; 0x80
    d0ca:	f19b      	tshftls	r3, r3, #6
    d0cc:	0013      	tands	r3, r2
    d0ce:	c033      	tjeq.n	d138 <bls_smp_getLtkReq+0x130>
    d0d0:	a380      	tmovs	r3, #128	; 0x80
    d0d2:	f4db      	tshftls	r3, r3, #19
    d0d4:	031a      	tors	r2, r3
    d0d6:	500a      	tstorer	r2, [r1, #0]
    d0d8:	7d04      	tadd	r5, sp, #16
    d0da:	ec28      	tadds	r0, r5, #0
    d0dc:	092a      	tloadr	r1, [pc, #168]	; (d188 <bls_smp_getLtkReq+0x180>)
    d0de:	ec22      	tadds	r2, r4, #0
    d0e0:	97fb 9c32 	tjl	8948 <memcpy>
    d0e4:	0650      	tmov	r0, sl
    d0e6:	ec29      	tadds	r1, r5, #0
    d0e8:	97fe 982e 	tjl	b148 <blc_hci_ltkRequestReply>
    d0ec:	a401      	tmovs	r4, #1
    d0ee:	87e3      	tj.n	d0b8 <bls_smp_getLtkReq+0xb0>
    d0f0:	a410      	tmovs	r4, #16
    d0f2:	f624      	tshftls	r4, r4, #24
    d0f4:	fe24      	tshftrs	r4, r4, #24
    d0f6:	0b1f      	tloadr	r3, [pc, #124]	; (d174 <bls_smp_getLtkReq+0x16c>)
    d0f8:	4b1b      	tloadrb	r3, [r3, #12]
    d0fa:	ab00      	tcmp	r3, #0
    d0fc:	c0bd      	tjeq.n	d07a <bls_smp_getLtkReq+0x72>
    d0fe:	87e1      	tj.n	d0c4 <bls_smp_getLtkReq+0xbc>
    d100:	ec38      	tadds	r0, r7, #0
    d102:	0641      	tmov	r1, r8
    d104:	9001 9a58 	tjl	e5b8 <bls_smp_loadParamVsRand>
    d108:	ee04      	tsubs	r4, r0, #0
    d10a:	c002      	tjeq.n	d112 <bls_smp_getLtkReq+0x10a>
    d10c:	4933      	tloadrb	r3, [r6, #4]
    d10e:	ab00      	tcmp	r3, #0
    d110:	c020      	tjeq.n	d154 <bls_smp_getLtkReq+0x14c>
    d112:	0650      	tmov	r0, sl
    d114:	97fe 9836 	tjl	b184 <blc_hci_ltkRequestNegativeReply>
    d118:	4933      	tloadrb	r3, [r6, #4]
    d11a:	a400      	tmovs	r4, #0
    d11c:	ab00      	tcmp	r3, #0
    d11e:	c1cb      	tjne.n	d0b8 <bls_smp_getLtkReq+0xb0>
    d120:	0d18      	tloadr	r5, [pc, #96]	; (d184 <bls_smp_getLtkReq+0x17c>)
    d122:	a6fd      	tmovs	r6, #253	; 0xfd
    d124:	40ae      	tstorerb	r6, [r5, #2]
    d126:	4868      	tloadrb	r0, [r5, #1]
    d128:	48eb      	tloadrb	r3, [r5, #3]
    d12a:	a401      	tmovs	r4, #1
    d12c:	0283      	tcmp	r3, r0
    d12e:	c9c3      	tjls.n	d0b8 <bls_smp_getLtkReq+0xb0>
    d130:	9001 98d4 	tjl	e2dc <bls_smp_param_deleteByIndex>
    d134:	406e      	tstorerb	r6, [r5, #1]
    d136:	87bf      	tj.n	d0b8 <bls_smp_getLtkReq+0xb0>
    d138:	500b      	tstorer	r3, [r1, #0]
    d13a:	0650      	tmov	r0, sl
    d13c:	97fe 9822 	tjl	b184 <blc_hci_ltkRequestNegativeReply>
    d140:	a401      	tmovs	r4, #1
    d142:	87b9      	tj.n	d0b8 <bls_smp_getLtkReq+0xb0>
    d144:	0911      	tloadr	r1, [pc, #68]	; (d18c <bls_smp_getLtkReq+0x184>)
    d146:	4848      	tloadrb	r0, [r1, #1]
    d148:	b102      	tadds	r1, #2
    d14a:	9001 9a61 	tjl	e610 <bls_smp_loadParamVsAddr>
    d14e:	ee04      	tsubs	r4, r0, #0
    d150:	c0df      	tjeq.n	d112 <bls_smp_getLtkReq+0x10a>
    d152:	87db      	tj.n	d10c <bls_smp_getLtkReq+0x104>
    d154:	0650      	tmov	r0, sl
    d156:	090c      	tloadr	r1, [pc, #48]	; (d188 <bls_smp_getLtkReq+0x180>)
    d158:	97fd 9ff6 	tjl	b148 <blc_hci_ltkRequestReply>
    d15c:	ec20      	tadds	r0, r4, #0
    d15e:	9001 989f 	tjl	e2a0 <bls_smp_param_getIndexByFLashAddr>
    d162:	0b08      	tloadr	r3, [pc, #32]	; (d184 <bls_smp_getLtkReq+0x17c>)
    d164:	4098      	tstorerb	r0, [r3, #2]
    d166:	a401      	tmovs	r4, #1
    d168:	87a6      	tj.n	d0b8 <bls_smp_getLtkReq+0xb0>
    d16a:	46c0      	tnop			; (mov r8, r8)
    d16c:	00843798 	umulleq	r3, r4, r8, r7
    d170:	00843690 	umulleq	r3, r4, r0, r6
    d174:	0084367c 	taddeq	r3, r4, ip, ror r6
    d178:	00843794 	umulleq	r3, r4, r4, r7
    d17c:	00843754 	taddeq	r3, r4, r4, asr r7
    d180:	008436fc 	undefined instruction 0x008436fc
    d184:	008437bc 	undefined instruction 0x008437bc
    d188:	008436a0 	taddeq	r3, r4, r0, lsr #13
    d18c:	00843744 	taddeq	r3, r4, r4, asr #14

0000d190 <blc_smp_procParingEnd>:
blc_smp_procParingEnd():
    d190:	6500      	tpush	{lr}
    d192:	6081      	tsub	sp, #4
    d194:	f600      	tshftls	r0, r0, #24
    d196:	fe00      	tshftrs	r0, r0, #24
    d198:	a300      	tmovs	r3, #0
    d19a:	0a10      	tloadr	r2, [pc, #64]	; (d1dc <blc_smp_procParingEnd+0x4c>)
    d19c:	5013      	tstorer	r3, [r2, #0]
    d19e:	0a10      	tloadr	r2, [pc, #64]	; (d1e0 <blc_smp_procParingEnd+0x50>)
    d1a0:	4453      	tstorerb	r3, [r2, #17]
    d1a2:	0910      	tloadr	r1, [pc, #64]	; (d1e4 <blc_smp_procParingEnd+0x54>)
    d1a4:	444b      	tstorerb	r3, [r1, #17]
    d1a6:	4493      	tstorerb	r3, [r2, #18]
    d1a8:	0a0f      	tloadr	r2, [pc, #60]	; (d1e8 <blc_smp_procParingEnd+0x58>)
    d1aa:	4013      	tstorerb	r3, [r2, #0]
    d1ac:	0a0f      	tloadr	r2, [pc, #60]	; (d1ec <blc_smp_procParingEnd+0x5c>)
    d1ae:	4013      	tstorerb	r3, [r2, #0]
    d1b0:	0a0f      	tloadr	r2, [pc, #60]	; (d1f0 <blc_smp_procParingEnd+0x60>)
    d1b2:	4013      	tstorerb	r3, [r2, #0]
    d1b4:	0a0f      	tloadr	r2, [pc, #60]	; (d1f4 <blc_smp_procParingEnd+0x64>)
    d1b6:	5013      	tstorer	r3, [r2, #0]
    d1b8:	a800      	tcmp	r0, #0
    d1ba:	c003      	tjeq.n	d1c4 <blc_smp_procParingEnd+0x34>
    d1bc:	0a0e      	tloadr	r2, [pc, #56]	; (d1f8 <blc_smp_procParingEnd+0x68>)
    d1be:	5812      	tloadr	r2, [r2, #0]
    d1c0:	f751      	tshftls	r1, r2, #29
    d1c2:	c401      	tjmi.n	d1c8 <blc_smp_procParingEnd+0x38>
    d1c4:	6001      	tadd	sp, #4
    d1c6:	6d00      	tpop	{pc}
    d1c8:	0669      	tmov	r1, sp
    d1ca:	a240      	tmovs	r2, #64	; 0x40
    d1cc:	400a      	tstorerb	r2, [r1, #0]
    d1ce:	404b      	tstorerb	r3, [r1, #1]
    d1d0:	4088      	tstorerb	r0, [r1, #2]
    d1d2:	a002      	tmovs	r0, #2
    d1d4:	a203      	tmovs	r2, #3
    d1d6:	97ff 9c0d 	tjl	c9f4 <blc_gap_send_event>
    d1da:	87f3      	tj.n	d1c4 <blc_smp_procParingEnd+0x34>
    d1dc:	008436e4 	taddeq	r3, r4, r4, ror #13
    d1e0:	0084367c 	taddeq	r3, r4, ip, ror r6
    d1e4:	00843180 	taddeq	r3, r4, r0, lsl #3
    d1e8:	008436e0 	taddeq	r3, r4, r0, ror #13
    d1ec:	0084373c 	taddeq	r3, r4, ip, lsr r7
    d1f0:	00843740 	taddeq	r3, r4, r0, asr #14
    d1f4:	00843794 	umulleq	r3, r4, r4, r7
    d1f8:	00843630 	taddeq	r3, r4, r0, lsr r6

0000d1fc <blc_smp_certTimeoutLoopEvt>:
blc_smp_certTimeoutLoopEvt():
    d1fc:	6500      	tpush	{lr}
    d1fe:	0a08      	tloadr	r2, [pc, #32]	; (d220 <blc_smp_certTimeoutLoopEvt+0x24>)
    d200:	5813      	tloadr	r3, [r2, #0]
    d202:	ab00      	tcmp	r3, #0
    d204:	c005      	tjeq.n	d212 <blc_smp_certTimeoutLoopEvt+0x16>
    d206:	0907      	tloadr	r1, [pc, #28]	; (d224 <blc_smp_certTimeoutLoopEvt+0x28>)
    d208:	5809      	tloadr	r1, [r1, #0]
    d20a:	eacb      	tsubs	r3, r1, r3
    d20c:	0906      	tloadr	r1, [pc, #24]	; (d228 <blc_smp_certTimeoutLoopEvt+0x2c>)
    d20e:	028b      	tcmp	r3, r1
    d210:	c800      	tjhi.n	d214 <blc_smp_certTimeoutLoopEvt+0x18>
    d212:	6d00      	tpop	{pc}
    d214:	a300      	tmovs	r3, #0
    d216:	5013      	tstorer	r3, [r2, #0]
    d218:	a080      	tmovs	r0, #128	; 0x80
    d21a:	97ff 9fb9 	tjl	d190 <blc_smp_procParingEnd>
    d21e:	87f8      	tj.n	d212 <blc_smp_certTimeoutLoopEvt+0x16>
    d220:	008436e4 	taddeq	r3, r4, r4, ror #13
    d224:	00800740 	taddeq	r0, r0, r0, asr #14
    d228:	1c9c3800 	undefined instruction 0x1c9c3800

0000d22c <bls_smp_encryption_done>:
bls_smp_encryption_done():
    d22c:	6530      	tpush	{r4, r5, lr}
    d22e:	6081      	tsub	sp, #4
    d230:	a201      	tmovs	r2, #1
    d232:	0b23      	tloadr	r3, [pc, #140]	; (d2c0 <bls_smp_encryption_done+0x94>)
    d234:	449a      	tstorerb	r2, [r3, #18]
    d236:	0b23      	tloadr	r3, [pc, #140]	; (d2c4 <bls_smp_encryption_done+0x98>)
    d238:	581a      	tloadr	r2, [r3, #0]
    d23a:	f151      	tshftls	r1, r2, #5
    d23c:	c503      	tjpl.n	d246 <bls_smp_encryption_done+0x1a>
    d23e:	a180      	tmovs	r1, #128	; 0x80
    d240:	f509      	tshftls	r1, r1, #20
    d242:	030a      	tors	r2, r1
    d244:	501a      	tstorer	r2, [r3, #0]
    d246:	0b20      	tloadr	r3, [pc, #128]	; (d2c8 <bls_smp_encryption_done+0x9c>)
    d248:	4898      	tloadrb	r0, [r3, #2]
    d24a:	48da      	tloadrb	r2, [r3, #3]
    d24c:	0290      	tcmp	r0, r2
    d24e:	c223      	tjcs.n	d298 <bls_smp_encryption_done+0x6c>
    d250:	599b      	tloadr	r3, [r3, #24]
    d252:	ab01      	tcmp	r3, #1
    d254:	c02b      	tjeq.n	d2ae <bls_smp_encryption_done+0x82>
    d256:	a501      	tmovs	r5, #1
    d258:	a201      	tmovs	r2, #1
    d25a:	0c1c      	tloadr	r4, [pc, #112]	; (d2cc <bls_smp_encryption_done+0xa0>)
    d25c:	5823      	tloadr	r3, [r4, #0]
    d25e:	f719      	tshftls	r1, r3, #28
    d260:	c520      	tjpl.n	d2a4 <bls_smp_encryption_done+0x78>
    d262:	0669      	tmov	r1, sp
    d264:	a340      	tmovs	r3, #64	; 0x40
    d266:	400b      	tstorerb	r3, [r1, #0]
    d268:	a300      	tmovs	r3, #0
    d26a:	404b      	tstorerb	r3, [r1, #1]
    d26c:	408a      	tstorerb	r2, [r1, #2]
    d26e:	a003      	tmovs	r0, #3
    d270:	a204      	tmovs	r2, #4
    d272:	97ff 9bbf 	tjl	c9f4 <blc_gap_send_event>
    d276:	5823      	tloadr	r3, [r4, #0]
    d278:	f6da      	tshftls	r2, r3, #27
    d27a:	c515      	tjpl.n	d2a8 <bls_smp_encryption_done+0x7c>
    d27c:	ad00      	tcmp	r5, #0
    d27e:	c013      	tjeq.n	d2a8 <bls_smp_encryption_done+0x7c>
    d280:	0669      	tmov	r1, sp
    d282:	a340      	tmovs	r3, #64	; 0x40
    d284:	400b      	tstorerb	r3, [r1, #0]
    d286:	a300      	tmovs	r3, #0
    d288:	404b      	tstorerb	r3, [r1, #1]
    d28a:	a301      	tmovs	r3, #1
    d28c:	408b      	tstorerb	r3, [r1, #2]
    d28e:	a004      	tmovs	r0, #4
    d290:	a203      	tmovs	r2, #3
    d292:	97ff 9baf 	tjl	c9f4 <blc_gap_send_event>
    d296:	8007      	tj.n	d2a8 <bls_smp_encryption_done+0x7c>
    d298:	a500      	tmovs	r5, #0
    d29a:	a200      	tmovs	r2, #0
    d29c:	0c0b      	tloadr	r4, [pc, #44]	; (d2cc <bls_smp_encryption_done+0xa0>)
    d29e:	5823      	tloadr	r3, [r4, #0]
    d2a0:	f719      	tshftls	r1, r3, #28
    d2a2:	c4de      	tjmi.n	d262 <bls_smp_encryption_done+0x36>
    d2a4:	f6da      	tshftls	r2, r3, #27
    d2a6:	c4e9      	tjmi.n	d27c <bls_smp_encryption_done+0x50>
    d2a8:	a000      	tmovs	r0, #0
    d2aa:	6001      	tadd	sp, #4
    d2ac:	6d30      	tpop	{r4, r5, pc}
    d2ae:	ba01      	tsubs	r2, #1
    d2b0:	0290      	tcmp	r0, r2
    d2b2:	c0d0      	tjeq.n	d256 <bls_smp_encryption_done+0x2a>
    d2b4:	9001 99d8 	tjl	e668 <blc_smp_param_updateToNearestByIndex>
    d2b8:	a501      	tmovs	r5, #1
    d2ba:	a201      	tmovs	r2, #1
    d2bc:	87ee      	tj.n	d29c <bls_smp_encryption_done+0x70>
    d2be:	46c0      	tnop			; (mov r8, r8)
    d2c0:	0084367c 	taddeq	r3, r4, ip, ror r6
    d2c4:	00843794 	umulleq	r3, r4, r4, r7
    d2c8:	008437bc 	undefined instruction 0x008437bc
    d2cc:	00843630 	taddeq	r3, r4, r0, lsr r6

0000d2d0 <bls_smp_pairing_success>:
bls_smp_pairing_success():
    d2d0:	65f0      	tpush	{r4, r5, r6, r7, lr}
    d2d2:	6090      	tsub	sp, #64	; 0x40
    d2d4:	0c3f      	tloadr	r4, [pc, #252]	; (d3d4 <bls_smp_pairing_success+0x104>)
    d2d6:	4ce3      	tloadrb	r3, [r4, #19]
    d2d8:	ab00      	tcmp	r3, #0
    d2da:	c158      	tjne.n	d38e <bls_smp_pairing_success+0xbe>
    d2dc:	a201      	tmovs	r2, #1
    d2de:	44e2      	tstorerb	r2, [r4, #19]
    d2e0:	0a3d      	tloadr	r2, [pc, #244]	; (d3d8 <bls_smp_pairing_success+0x108>)
    d2e2:	5811      	tloadr	r1, [r2, #0]
    d2e4:	f108      	tshftls	r0, r1, #4
    d2e6:	c500      	tjpl.n	d2ea <bls_smp_pairing_success+0x1a>
    d2e8:	5013      	tstorer	r3, [r2, #0]
    d2ea:	a200      	tmovs	r2, #0
    d2ec:	0b3b      	tloadr	r3, [pc, #236]	; (d3dc <bls_smp_pairing_success+0x10c>)
    d2ee:	401a      	tstorerb	r2, [r3, #0]
    d2f0:	4c23      	tloadrb	r3, [r4, #16]
    d2f2:	a600      	tmovs	r6, #0
    d2f4:	ab00      	tcmp	r3, #0
    d2f6:	c041      	tjeq.n	d37c <bls_smp_pairing_success+0xac>
    d2f8:	066e      	tmov	r6, sp
    d2fa:	0d39      	tloadr	r5, [pc, #228]	; (d3e0 <bls_smp_pairing_success+0x110>)
    d2fc:	486b      	tloadrb	r3, [r5, #1]
    d2fe:	4073      	tstorerb	r3, [r6, #1]
    d300:	eca9      	tadds	r1, r5, #2
    d302:	0668      	tmov	r0, sp
    d304:	b002      	tadds	r0, #2
    d306:	a206      	tmovs	r2, #6
    d308:	97fb 9b1e 	tjl	8948 <memcpy>
    d30c:	4a2b      	tloadrb	r3, [r5, #8]
    d30e:	4233      	tstorerb	r3, [r6, #8]
    d310:	4a6b      	tloadrb	r3, [r5, #9]
    d312:	4273      	tstorerb	r3, [r6, #9]
    d314:	ec29      	tadds	r1, r5, #0
    d316:	b10a      	tadds	r1, #10
    d318:	0668      	tmov	r0, sp
    d31a:	b00a      	tadds	r0, #10
    d31c:	a206      	tmovs	r2, #6
    d31e:	97fb 9b13 	tjl	8948 <memcpy>
    d322:	0930      	tloadr	r1, [pc, #192]	; (d3e4 <bls_smp_pairing_success+0x114>)
    d324:	068c      	tmov	ip, r1
    d326:	7b0c      	tadd	r3, sp, #48	; 0x30
    d328:	a238      	tmovs	r2, #56	; 0x38
    d32a:	ec11      	tadds	r1, r2, #0
    d32c:	0461      	tadd	r1, ip
    d32e:	d985      	tloadm	r1!, {r0, r2, r7}
    d330:	d385      	tstorem	r3!, {r0, r2, r7}
    d332:	5809      	tloadr	r1, [r1, #0]
    d334:	5019      	tstorer	r1, [r3, #0]
    d336:	7b08      	tadd	r3, sp, #32
    d338:	b540      	tadds	r5, #64	; 0x40
    d33a:	dd83      	tloadm	r5!, {r0, r1, r7}
    d33c:	d383      	tstorem	r3!, {r0, r1, r7}
    d33e:	5829      	tloadr	r1, [r5, #0]
    d340:	5019      	tstorer	r1, [r3, #0]
    d342:	7b04      	tadd	r3, sp, #16
    d344:	a510      	tmovs	r5, #16
    d346:	ec2a      	tadds	r2, r5, #0
    d348:	0462      	tadd	r2, ip
    d34a:	da83      	tloadm	r2!, {r0, r1, r7}
    d34c:	d383      	tstorem	r3!, {r0, r1, r7}
    d34e:	5812      	tloadr	r2, [r2, #0]
    d350:	501a      	tstorer	r2, [r3, #0]
    d352:	4b63      	tloadrb	r3, [r4, #13]
    d354:	ab00      	tcmp	r3, #0
    d356:	c005      	tjeq.n	d364 <bls_smp_pairing_success+0x94>
    d358:	4b23      	tloadrb	r3, [r4, #12]
    d35a:	ab00      	tcmp	r3, #0
    d35c:	c036      	tjeq.n	d3cc <bls_smp_pairing_success+0xfc>
    d35e:	a130      	tmovs	r1, #48	; 0x30
    d360:	a303      	tmovs	r3, #3
    d362:	8001      	tj.n	d368 <bls_smp_pairing_success+0x98>
    d364:	a110      	tmovs	r1, #16
    d366:	a301      	tmovs	r3, #1
    d368:	0a1f      	tloadr	r2, [pc, #124]	; (d3e8 <bls_smp_pairing_success+0x118>)
    d36a:	4013      	tstorerb	r3, [r2, #0]
    d36c:	0a1f      	tloadr	r2, [pc, #124]	; (d3ec <bls_smp_pairing_success+0x11c>)
    d36e:	4813      	tloadrb	r3, [r2, #0]
    d370:	030b      	tors	r3, r1
    d372:	4033      	tstorerb	r3, [r6, #0]
    d374:	0668      	tmov	r0, sp
    d376:	9001 9827 	tjl	e3c8 <bls_smp_param_saveBondingInfo>
    d37a:	ec06      	tadds	r6, r0, #0
    d37c:	a000      	tmovs	r0, #0
    d37e:	97ff 9f07 	tjl	d190 <blc_smp_procParingEnd>
    d382:	0d1b      	tloadr	r5, [pc, #108]	; (d3f0 <bls_smp_pairing_success+0x120>)
    d384:	582b      	tloadr	r3, [r5, #0]
    d386:	f79a      	tshftls	r2, r3, #30
    d388:	c40e      	tjmi.n	d3a8 <bls_smp_pairing_success+0xd8>
    d38a:	f6dd      	tshftls	r5, r3, #27
    d38c:	c401      	tjmi.n	d392 <bls_smp_pairing_success+0xc2>
    d38e:	6010      	tadd	sp, #64	; 0x40
    d390:	6df0      	tpop	{r4, r5, r6, r7, pc}
    d392:	0669      	tmov	r1, sp
    d394:	a300      	tmovs	r3, #0
    d396:	a240      	tmovs	r2, #64	; 0x40
    d398:	400a      	tstorerb	r2, [r1, #0]
    d39a:	404b      	tstorerb	r3, [r1, #1]
    d39c:	408b      	tstorerb	r3, [r1, #2]
    d39e:	a004      	tmovs	r0, #4
    d3a0:	a203      	tmovs	r2, #3
    d3a2:	97ff 9b27 	tjl	c9f4 <blc_gap_send_event>
    d3a6:	87f2      	tj.n	d38e <bls_smp_pairing_success+0xbe>
    d3a8:	0669      	tmov	r1, sp
    d3aa:	a340      	tmovs	r3, #64	; 0x40
    d3ac:	400b      	tstorerb	r3, [r1, #0]
    d3ae:	a300      	tmovs	r3, #0
    d3b0:	404b      	tstorerb	r3, [r1, #1]
    d3b2:	4c23      	tloadrb	r3, [r4, #16]
    d3b4:	408b      	tstorerb	r3, [r1, #2]
    d3b6:	ee73      	tsubs	r3, r6, #1
    d3b8:	019e      	tsubcs	r6, r3
    d3ba:	40ce      	tstorerb	r6, [r1, #3]
    d3bc:	a001      	tmovs	r0, #1
    d3be:	a204      	tmovs	r2, #4
    d3c0:	97ff 9b18 	tjl	c9f4 <blc_gap_send_event>
    d3c4:	582b      	tloadr	r3, [r5, #0]
    d3c6:	f6dd      	tshftls	r5, r3, #27
    d3c8:	c5e1      	tjpl.n	d38e <bls_smp_pairing_success+0xbe>
    d3ca:	87e2      	tj.n	d392 <bls_smp_pairing_success+0xc2>
    d3cc:	a120      	tmovs	r1, #32
    d3ce:	a302      	tmovs	r3, #2
    d3d0:	87ca      	tj.n	d368 <bls_smp_pairing_success+0x98>
    d3d2:	46c0      	tnop			; (mov r8, r8)
    d3d4:	0084367c 	taddeq	r3, r4, ip, ror r6
    d3d8:	00843794 	umulleq	r3, r4, r4, r7
    d3dc:	008436e0 	taddeq	r3, r4, r0, ror #13
    d3e0:	00843744 	taddeq	r3, r4, r4, asr #14
    d3e4:	00843690 	umulleq	r3, r4, r0, r6
    d3e8:	008437bc 	undefined instruction 0x008437bc
    d3ec:	008437b5 	undefined instruction 0x008437b5
    d3f0:	00843630 	taddeq	r3, r4, r0, lsr r6

0000d3f4 <bls_smp_pushPkt>:
bls_smp_pushPkt():
    d3f4:	65f0      	tpush	{r4, r5, r6, r7, lr}
    d3f6:	6089      	tsub	sp, #36	; 0x24
    d3f8:	ec05      	tadds	r5, r0, #0
    d3fa:	a80e      	tcmp	r0, #14
    d3fc:	c90f      	tjls.n	d41e <bls_smp_pushPkt+0x2a>
    d3fe:	0caf      	tloadr	r4, [pc, #700]	; (d6bc <bls_smp_pushPkt+0x2c8>)
    d400:	48a3      	tloadrb	r3, [r4, #2]
    d402:	f61b      	tshftls	r3, r3, #24
    d404:	a180      	tmovs	r1, #128	; 0x80
    d406:	f4c9      	tshftls	r1, r1, #19
    d408:	e85b      	tadds	r3, r3, r1
    d40a:	fe1b      	tshftrs	r3, r3, #24
    d40c:	41a5      	tstorerb	r5, [r4, #6]
    d40e:	4063      	tstorerb	r3, [r4, #1]
    d410:	a306      	tmovs	r3, #6
    d412:	4123      	tstorerb	r3, [r4, #4]
    d414:	a300      	tmovs	r3, #0
    d416:	4163      	tstorerb	r3, [r4, #5]
    d418:	ec20      	tadds	r0, r4, #0
    d41a:	6009      	tadd	sp, #36	; 0x24
    d41c:	6df0      	tpop	{r4, r5, r6, r7, pc}
    d41e:	f083      	tshftls	r3, r0, #2
    d420:	0aa7      	tloadr	r2, [pc, #668]	; (d6c0 <bls_smp_pushPkt+0x2cc>)
    d422:	18d3      	tloadr	r3, [r2, r3]
    d424:	069f      	tmov	pc, r3
    d426:	a301      	tmovs	r3, #1
    d428:	0aa6      	tloadr	r2, [pc, #664]	; (d6c4 <bls_smp_pushPkt+0x2d0>)
    d42a:	4453      	tstorerb	r3, [r2, #17]
    d42c:	0aa6      	tloadr	r2, [pc, #664]	; (d6c8 <bls_smp_pushPkt+0x2d4>)
    d42e:	5812      	tloadr	r2, [r2, #0]
    d430:	0313      	tors	r3, r2
    d432:	0aa6      	tloadr	r2, [pc, #664]	; (d6cc <bls_smp_pushPkt+0x2d8>)
    d434:	5013      	tstorer	r3, [r2, #0]
    d436:	0ca1      	tloadr	r4, [pc, #644]	; (d6bc <bls_smp_pushPkt+0x2c8>)
    d438:	a307      	tmovs	r3, #7
    d43a:	40a3      	tstorerb	r3, [r4, #2]
    d43c:	a300      	tmovs	r3, #0
    d43e:	40e3      	tstorerb	r3, [r4, #3]
    d440:	eda0      	tadds	r0, r4, #6
    d442:	09a3      	tloadr	r1, [pc, #652]	; (d6d0 <bls_smp_pushPkt+0x2dc>)
    d444:	b127      	tadds	r1, #39	; 0x27
    d446:	a207      	tmovs	r2, #7
    d448:	97fb 9a7e 	tjl	8948 <memcpy>
    d44c:	a30b      	tmovs	r3, #11
    d44e:	87dd      	tj.n	d40c <bls_smp_pushPkt+0x18>
    d450:	0b9d      	tloadr	r3, [pc, #628]	; (d6c8 <bls_smp_pushPkt+0x2d4>)
    d452:	581a      	tloadr	r2, [r3, #0]
    d454:	a301      	tmovs	r3, #1
    d456:	031a      	tors	r2, r3
    d458:	0b9c      	tloadr	r3, [pc, #624]	; (d6cc <bls_smp_pushPkt+0x2d8>)
    d45a:	501a      	tstorer	r2, [r3, #0]
    d45c:	0b9d      	tloadr	r3, [pc, #628]	; (d6d4 <bls_smp_pushPkt+0x2e0>)
    d45e:	4b1b      	tloadrb	r3, [r3, #12]
    d460:	ab00      	tcmp	r3, #0
    d462:	c000      	tjeq.n	d466 <bls_smp_pushPkt+0x72>
    d464:	8115      	tj.n	d692 <bls_smp_pushPkt+0x29e>
    d466:	0b9c      	tloadr	r3, [pc, #624]	; (d6d8 <bls_smp_pushPkt+0x2e4>)
    d468:	581a      	tloadr	r2, [r3, #0]
    d46a:	f191      	tshftls	r1, r2, #6
    d46c:	c502      	tjpl.n	d474 <bls_smp_pushPkt+0x80>
    d46e:	a108      	tmovs	r1, #8
    d470:	030a      	tors	r2, r1
    d472:	501a      	tstorer	r2, [r3, #0]
    d474:	0e99      	tloadr	r6, [pc, #612]	; (d6dc <bls_smp_pushPkt+0x2e8>)
    d476:	0996      	tloadr	r1, [pc, #600]	; (d6d0 <bls_smp_pushPkt+0x2dc>)
    d478:	ec0b      	tadds	r3, r1, #0
    d47a:	b327      	tadds	r3, #39	; 0x27
    d47c:	ec0a      	tadds	r2, r1, #0
    d47e:	b220      	tadds	r2, #32
    d480:	3200      	tstorer	r2, [sp, #0]
    d482:	0a97      	tloadr	r2, [pc, #604]	; (d6e0 <bls_smp_pushPkt+0x2ec>)
    d484:	4850      	tloadrb	r0, [r2, #1]
    d486:	3001      	tstorer	r0, [sp, #4]
    d488:	b202      	tadds	r2, #2
    d48a:	3202      	tstorer	r2, [sp, #8]
    d48c:	a22f      	tmovs	r2, #47	; 0x2f
    d48e:	1c8a      	tloadrb	r2, [r1, r2]
    d490:	3203      	tstorer	r2, [sp, #12]
    d492:	ec0a      	tadds	r2, r1, #0
    d494:	b232      	tadds	r2, #50	; 0x32
    d496:	3204      	tstorer	r2, [sp, #16]
    d498:	ec30      	tadds	r0, r6, #0
    d49a:	0a92      	tloadr	r2, [pc, #584]	; (d6e4 <bls_smp_pushPkt+0x2f0>)
    d49c:	9002 98b6 	tjl	f60c <blt_smp_alg_c1>
    d4a0:	0c91      	tloadr	r4, [pc, #580]	; (d6e8 <bls_smp_pushPkt+0x2f4>)
    d4a2:	ec20      	tadds	r0, r4, #0
    d4a4:	ec31      	tadds	r1, r6, #0
    d4a6:	a210      	tmovs	r2, #16
    d4a8:	97fb 9a4e 	tjl	8948 <memcpy>
    d4ac:	bc07      	tsubs	r4, #7
    d4ae:	801a      	tj.n	d4e6 <bls_smp_pushPkt+0xf2>
    d4b0:	0b85      	tloadr	r3, [pc, #532]	; (d6c8 <bls_smp_pushPkt+0x2d4>)
    d4b2:	581a      	tloadr	r2, [r3, #0]
    d4b4:	a301      	tmovs	r3, #1
    d4b6:	031a      	tors	r2, r3
    d4b8:	0b84      	tloadr	r3, [pc, #528]	; (d6cc <bls_smp_pushPkt+0x2d8>)
    d4ba:	501a      	tstorer	r2, [r3, #0]
    d4bc:	0b85      	tloadr	r3, [pc, #532]	; (d6d4 <bls_smp_pushPkt+0x2e0>)
    d4be:	4b1b      	tloadrb	r3, [r3, #12]
    d4c0:	ab00      	tcmp	r3, #0
    d4c2:	c000      	tjeq.n	d4c6 <bls_smp_pushPkt+0xd2>
    d4c4:	80dc      	tj.n	d680 <bls_smp_pushPkt+0x28c>
    d4c6:	0b84      	tloadr	r3, [pc, #528]	; (d6d8 <bls_smp_pushPkt+0x2e4>)
    d4c8:	581a      	tloadr	r2, [r3, #0]
    d4ca:	f711      	tshftls	r1, r2, #28
    d4cc:	c502      	tjpl.n	d4d4 <bls_smp_pushPkt+0xe0>
    d4ce:	a110      	tmovs	r1, #16
    d4d0:	030a      	tors	r2, r1
    d4d2:	501a      	tstorer	r2, [r3, #0]
    d4d4:	0884      	tloadr	r0, [pc, #528]	; (d6e8 <bls_smp_pushPkt+0x2f4>)
    d4d6:	0983      	tloadr	r1, [pc, #524]	; (d6e4 <bls_smp_pushPkt+0x2f0>)
    d4d8:	a210      	tmovs	r2, #16
    d4da:	97fb 9a35 	tjl	8948 <memcpy>
    d4de:	a2ef      	tmovs	r2, #239	; 0xef
    d4e0:	0b82      	tloadr	r3, [pc, #520]	; (d6ec <bls_smp_pushPkt+0x2f8>)
    d4e2:	401a      	tstorerb	r2, [r3, #0]
    d4e4:	0c75      	tloadr	r4, [pc, #468]	; (d6bc <bls_smp_pushPkt+0x2c8>)
    d4e6:	a311      	tmovs	r3, #17
    d4e8:	40a3      	tstorerb	r3, [r4, #2]
    d4ea:	a300      	tmovs	r3, #0
    d4ec:	40e3      	tstorerb	r3, [r4, #3]
    d4ee:	a315      	tmovs	r3, #21
    d4f0:	878c      	tj.n	d40c <bls_smp_pushPkt+0x18>
    d4f2:	0b75      	tloadr	r3, [pc, #468]	; (d6c8 <bls_smp_pushPkt+0x2d4>)
    d4f4:	581a      	tloadr	r2, [r3, #0]
    d4f6:	a301      	tmovs	r3, #1
    d4f8:	031a      	tors	r2, r3
    d4fa:	0b74      	tloadr	r3, [pc, #464]	; (d6cc <bls_smp_pushPkt+0x2d8>)
    d4fc:	501a      	tstorer	r2, [r3, #0]
    d4fe:	0c6f      	tloadr	r4, [pc, #444]	; (d6bc <bls_smp_pushPkt+0x2c8>)
    d500:	a302      	tmovs	r3, #2
    d502:	40a3      	tstorerb	r3, [r4, #2]
    d504:	a300      	tmovs	r3, #0
    d506:	40e3      	tstorerb	r3, [r4, #3]
    d508:	a304      	tmovs	r3, #4
    d50a:	41e3      	tstorerb	r3, [r4, #7]
    d50c:	a306      	tmovs	r3, #6
    d50e:	877d      	tj.n	d40c <bls_smp_pushPkt+0x18>
    d510:	0b6d      	tloadr	r3, [pc, #436]	; (d6c8 <bls_smp_pushPkt+0x2d4>)
    d512:	581a      	tloadr	r2, [r3, #0]
    d514:	a301      	tmovs	r3, #1
    d516:	031a      	tors	r2, r3
    d518:	0b6c      	tloadr	r3, [pc, #432]	; (d6cc <bls_smp_pushPkt+0x2d8>)
    d51a:	501a      	tstorer	r2, [r3, #0]
    d51c:	0c67      	tloadr	r4, [pc, #412]	; (d6bc <bls_smp_pushPkt+0x2c8>)
    d51e:	a311      	tmovs	r3, #17
    d520:	40a3      	tstorerb	r3, [r4, #2]
    d522:	a300      	tmovs	r3, #0
    d524:	40e3      	tstorerb	r3, [r4, #3]
    d526:	ede0      	tadds	r0, r4, #7
    d528:	0969      	tloadr	r1, [pc, #420]	; (d6d0 <bls_smp_pushPkt+0x2dc>)
    d52a:	b110      	tadds	r1, #16
    d52c:	a210      	tmovs	r2, #16
    d52e:	97fb 9a0b 	tjl	8948 <memcpy>
    d532:	a315      	tmovs	r3, #21
    d534:	876a      	tj.n	d40c <bls_smp_pushPkt+0x18>
    d536:	0b64      	tloadr	r3, [pc, #400]	; (d6c8 <bls_smp_pushPkt+0x2d4>)
    d538:	581a      	tloadr	r2, [r3, #0]
    d53a:	a301      	tmovs	r3, #1
    d53c:	031a      	tors	r2, r3
    d53e:	0b63      	tloadr	r3, [pc, #396]	; (d6cc <bls_smp_pushPkt+0x2d8>)
    d540:	501a      	tstorer	r2, [r3, #0]
    d542:	0c5e      	tloadr	r4, [pc, #376]	; (d6bc <bls_smp_pushPkt+0x2c8>)
    d544:	a30b      	tmovs	r3, #11
    d546:	40a3      	tstorerb	r3, [r4, #2]
    d548:	a300      	tmovs	r3, #0
    d54a:	40e3      	tstorerb	r3, [r4, #3]
    d54c:	0860      	tloadr	r0, [pc, #384]	; (d6d0 <bls_smp_pushPkt+0x2dc>)
    d54e:	7905      	tadd	r1, sp, #20
    d550:	e8c2      	tadds	r2, r0, r3
    d552:	4c12      	tloadrb	r2, [r2, #16]
    d554:	03d2      	tmovns	r2, r2
    d556:	14ca      	tstorerb	r2, [r1, r3]
    d558:	b301      	tadds	r3, #1
    d55a:	ab0a      	tcmp	r3, #10
    d55c:	c1f8      	tjne.n	d550 <bls_smp_pushPkt+0x15c>
    d55e:	0862      	tloadr	r0, [pc, #392]	; (d6e8 <bls_smp_pushPkt+0x2f4>)
    d560:	a20a      	tmovs	r2, #10
    d562:	97fb 99f1 	tjl	8948 <memcpy>
    d566:	a30f      	tmovs	r3, #15
    d568:	8750      	tj.n	d40c <bls_smp_pushPkt+0x18>
    d56a:	0b57      	tloadr	r3, [pc, #348]	; (d6c8 <bls_smp_pushPkt+0x2d4>)
    d56c:	581a      	tloadr	r2, [r3, #0]
    d56e:	a301      	tmovs	r3, #1
    d570:	031a      	tors	r2, r3
    d572:	0b56      	tloadr	r3, [pc, #344]	; (d6cc <bls_smp_pushPkt+0x2d8>)
    d574:	501a      	tstorer	r2, [r3, #0]
    d576:	0c51      	tloadr	r4, [pc, #324]	; (d6bc <bls_smp_pushPkt+0x2c8>)
    d578:	a300      	tmovs	r3, #0
    d57a:	a211      	tmovs	r2, #17
    d57c:	40a2      	tstorerb	r2, [r4, #2]
    d57e:	40e3      	tstorerb	r3, [r4, #3]
    d580:	7f05      	tadd	r7, sp, #20
    d582:	3305      	tstorer	r3, [sp, #20]
    d584:	3306      	tstorer	r3, [sp, #24]
    d586:	3307      	tstorer	r3, [sp, #28]
    d588:	3308      	tstorer	r3, [sp, #32]
    d58a:	ec38      	tadds	r0, r7, #0
    d58c:	0958      	tloadr	r1, [pc, #352]	; (d6f0 <bls_smp_pushPkt+0x2fc>)
    d58e:	a206      	tmovs	r2, #6
    d590:	97fb 99da 	tjl	8948 <memcpy>
    d594:	ede6      	tadds	r6, r4, #7
    d596:	0857      	tloadr	r0, [pc, #348]	; (d6f4 <bls_smp_pushPkt+0x300>)
    d598:	ec39      	tadds	r1, r7, #0
    d59a:	ec32      	tadds	r2, r6, #0
    d59c:	9001 9f0c 	tjl	f3b8 <aes_ll_encryption>
    d5a0:	ec30      	tadds	r0, r6, #0
    d5a2:	0955      	tloadr	r1, [pc, #340]	; (d6f8 <bls_smp_pushPkt+0x304>)
    d5a4:	a210      	tmovs	r2, #16
    d5a6:	97fb 99e9 	tjl	897c <swapX>
    d5aa:	48a3      	tloadrb	r3, [r4, #2]
    d5ac:	f61b      	tshftls	r3, r3, #24
    d5ae:	a280      	tmovs	r2, #128	; 0x80
    d5b0:	f4d2      	tshftls	r2, r2, #19
    d5b2:	e89b      	tadds	r3, r3, r2
    d5b4:	fe1b      	tshftrs	r3, r3, #24
    d5b6:	8729      	tj.n	d40c <bls_smp_pushPkt+0x18>
    d5b8:	0b43      	tloadr	r3, [pc, #268]	; (d6c8 <bls_smp_pushPkt+0x2d4>)
    d5ba:	581a      	tloadr	r2, [r3, #0]
    d5bc:	a301      	tmovs	r3, #1
    d5be:	031a      	tors	r2, r3
    d5c0:	0b42      	tloadr	r3, [pc, #264]	; (d6cc <bls_smp_pushPkt+0x2d8>)
    d5c2:	501a      	tstorer	r2, [r3, #0]
    d5c4:	0c3d      	tloadr	r4, [pc, #244]	; (d6bc <bls_smp_pushPkt+0x2c8>)
    d5c6:	a308      	tmovs	r3, #8
    d5c8:	40a3      	tstorerb	r3, [r4, #2]
    d5ca:	a300      	tmovs	r3, #0
    d5cc:	40e3      	tstorerb	r3, [r4, #3]
    d5ce:	0b4b      	tloadr	r3, [pc, #300]	; (d6fc <bls_smp_pushPkt+0x308>)
    d5d0:	495a      	tloadrb	r2, [r3, #5]
    d5d2:	aa02      	tcmp	r2, #2
    d5d4:	c066      	tjeq.n	d6a4 <bls_smp_pushPkt+0x2b0>
    d5d6:	aa00      	tcmp	r2, #0
    d5d8:	c064      	tjeq.n	d6a4 <bls_smp_pushPkt+0x2b0>
    d5da:	aa03      	tcmp	r2, #3
    d5dc:	c003      	tjeq.n	d5e6 <bls_smp_pushPkt+0x1f2>
    d5de:	a30c      	tmovs	r3, #12
    d5e0:	aa01      	tcmp	r2, #1
    d5e2:	c000      	tjeq.n	d5e6 <bls_smp_pushPkt+0x1f2>
    d5e4:	8712      	tj.n	d40c <bls_smp_pushPkt+0x18>
    d5e6:	97fb 9ff1 	tjl	95cc <blc_ll_get_macAddrRandom>
    d5ea:	ec01      	tadds	r1, r0, #0
    d5ec:	a301      	tmovs	r3, #1
    d5ee:	41e3      	tstorerb	r3, [r4, #7]
    d5f0:	ec20      	tadds	r0, r4, #0
    d5f2:	b008      	tadds	r0, #8
    d5f4:	a206      	tmovs	r2, #6
    d5f6:	97fb 99a7 	tjl	8948 <memcpy>
    d5fa:	87d6      	tj.n	d5aa <bls_smp_pushPkt+0x1b6>
    d5fc:	0b32      	tloadr	r3, [pc, #200]	; (d6c8 <bls_smp_pushPkt+0x2d4>)
    d5fe:	581a      	tloadr	r2, [r3, #0]
    d600:	a301      	tmovs	r3, #1
    d602:	031a      	tors	r2, r3
    d604:	0b31      	tloadr	r3, [pc, #196]	; (d6cc <bls_smp_pushPkt+0x2d8>)
    d606:	501a      	tstorer	r2, [r3, #0]
    d608:	0c2c      	tloadr	r4, [pc, #176]	; (d6bc <bls_smp_pushPkt+0x2c8>)
    d60a:	a311      	tmovs	r3, #17
    d60c:	40a3      	tstorerb	r3, [r4, #2]
    d60e:	a300      	tmovs	r3, #0
    d610:	40e3      	tstorerb	r3, [r4, #3]
    d612:	ede0      	tadds	r0, r4, #7
    d614:	093a      	tloadr	r1, [pc, #232]	; (d700 <bls_smp_pushPkt+0x30c>)
    d616:	a210      	tmovs	r2, #16
    d618:	97fb 9996 	tjl	8948 <memcpy>
    d61c:	a315      	tmovs	r3, #21
    d61e:	86f5      	tj.n	d40c <bls_smp_pushPkt+0x18>
    d620:	0b29      	tloadr	r3, [pc, #164]	; (d6c8 <bls_smp_pushPkt+0x2d4>)
    d622:	581a      	tloadr	r2, [r3, #0]
    d624:	a301      	tmovs	r3, #1
    d626:	031a      	tors	r2, r3
    d628:	0b28      	tloadr	r3, [pc, #160]	; (d6cc <bls_smp_pushPkt+0x2d8>)
    d62a:	501a      	tstorer	r2, [r3, #0]
    d62c:	0c23      	tloadr	r4, [pc, #140]	; (d6bc <bls_smp_pushPkt+0x2c8>)
    d62e:	a302      	tmovs	r3, #2
    d630:	40a3      	tstorerb	r3, [r4, #2]
    d632:	a300      	tmovs	r3, #0
    d634:	40e3      	tstorerb	r3, [r4, #3]
    d636:	a32e      	tmovs	r3, #46	; 0x2e
    d638:	0a25      	tloadr	r2, [pc, #148]	; (d6d0 <bls_smp_pushPkt+0x2dc>)
    d63a:	1cd3      	tloadrb	r3, [r2, r3]
    d63c:	41e3      	tstorerb	r3, [r4, #7]
    d63e:	a306      	tmovs	r3, #6
    d640:	86e4      	tj.n	d40c <bls_smp_pushPkt+0x18>
    d642:	0b21      	tloadr	r3, [pc, #132]	; (d6c8 <bls_smp_pushPkt+0x2d4>)
    d644:	581a      	tloadr	r2, [r3, #0]
    d646:	a301      	tmovs	r3, #1
    d648:	031a      	tors	r2, r3
    d64a:	0b20      	tloadr	r3, [pc, #128]	; (d6cc <bls_smp_pushPkt+0x2d8>)
    d64c:	501a      	tstorer	r2, [r3, #0]
    d64e:	0b2d      	tloadr	r3, [pc, #180]	; (d704 <bls_smp_pushPkt+0x310>)
    d650:	581b      	tloadr	r3, [r3, #0]
    d652:	a400      	tmovs	r4, #0
    d654:	ab00      	tcmp	r3, #0
    d656:	c100      	tjne.n	d65a <bls_smp_pushPkt+0x266>
    d658:	86de      	tj.n	d418 <bls_smp_pushPkt+0x24>
    d65a:	a00c      	tmovs	r0, #12
    d65c:	9000 9854 	tjl	d708 <bls_smp_pushPkt+0x314>
    d660:	86da      	tj.n	d418 <bls_smp_pushPkt+0x24>
    d662:	0b19      	tloadr	r3, [pc, #100]	; (d6c8 <bls_smp_pushPkt+0x2d4>)
    d664:	581a      	tloadr	r2, [r3, #0]
    d666:	a301      	tmovs	r3, #1
    d668:	031a      	tors	r2, r3
    d66a:	0b18      	tloadr	r3, [pc, #96]	; (d6cc <bls_smp_pushPkt+0x2d8>)
    d66c:	501a      	tstorer	r2, [r3, #0]
    d66e:	0b25      	tloadr	r3, [pc, #148]	; (d704 <bls_smp_pushPkt+0x310>)
    d670:	581b      	tloadr	r3, [r3, #0]
    d672:	ab00      	tcmp	r3, #0
    d674:	c100      	tjne.n	d678 <bls_smp_pushPkt+0x284>
    d676:	86c2      	tj.n	d3fe <bls_smp_pushPkt+0xa>
    d678:	9000 9846 	tjl	d708 <bls_smp_pushPkt+0x314>
    d67c:	0c0f      	tloadr	r4, [pc, #60]	; (d6bc <bls_smp_pushPkt+0x2c8>)
    d67e:	8794      	tj.n	d5aa <bls_smp_pushPkt+0x1b6>
    d680:	0b20      	tloadr	r3, [pc, #128]	; (d704 <bls_smp_pushPkt+0x310>)
    d682:	581b      	tloadr	r3, [r3, #0]
    d684:	ab00      	tcmp	r3, #0
    d686:	c100      	tjne.n	d68a <bls_smp_pushPkt+0x296>
    d688:	872c      	tj.n	d4e4 <bls_smp_pushPkt+0xf0>
    d68a:	a004      	tmovs	r0, #4
    d68c:	9000 983c 	tjl	d708 <bls_smp_pushPkt+0x314>
    d690:	8728      	tj.n	d4e4 <bls_smp_pushPkt+0xf0>
    d692:	0b1c      	tloadr	r3, [pc, #112]	; (d704 <bls_smp_pushPkt+0x310>)
    d694:	581b      	tloadr	r3, [r3, #0]
    d696:	ab00      	tcmp	r3, #0
    d698:	c002      	tjeq.n	d6a0 <bls_smp_pushPkt+0x2ac>
    d69a:	a003      	tmovs	r0, #3
    d69c:	9000 9834 	tjl	d708 <bls_smp_pushPkt+0x314>
    d6a0:	0e0e      	tloadr	r6, [pc, #56]	; (d6dc <bls_smp_pushPkt+0x2e8>)
    d6a2:	86fd      	tj.n	d4a0 <bls_smp_pushPkt+0xac>
    d6a4:	97fb 9f98 	tjl	95d8 <blc_ll_get_macAddrPublic>
    d6a8:	ec01      	tadds	r1, r0, #0
    d6aa:	a300      	tmovs	r3, #0
    d6ac:	41e3      	tstorerb	r3, [r4, #7]
    d6ae:	ec20      	tadds	r0, r4, #0
    d6b0:	b008      	tadds	r0, #8
    d6b2:	a206      	tmovs	r2, #6
    d6b4:	97fb 9948 	tjl	8948 <memcpy>
    d6b8:	86a2      	tj.n	d400 <bls_smp_pushPkt+0xc>
    d6ba:	46c0      	tnop			; (mov r8, r8)
    d6bc:	00843660 	taddeq	r3, r4, r0, ror #12
    d6c0:	0001005c 	tandeq	r0, r1, ip, asr r0
    d6c4:	00843180 	taddeq	r3, r4, r0, lsl #3
    d6c8:	00800740 	taddeq	r0, r0, r0, asr #14
    d6cc:	008436e4 	taddeq	r3, r4, r4, ror #13
    d6d0:	00843690 	umulleq	r3, r4, r0, r6
    d6d4:	0084367c 	taddeq	r3, r4, ip, ror r6
    d6d8:	00843794 	umulleq	r3, r4, r4, r7
    d6dc:	0084370c 	taddeq	r3, r4, ip, lsl #14
    d6e0:	00843744 	taddeq	r3, r4, r4, asr #14
    d6e4:	008436fc 	undefined instruction 0x008436fc
    d6e8:	00843667 	taddeq	r3, r4, r7, ror #12
    d6ec:	008436e0 	taddeq	r3, r4, r0, ror #13
    d6f0:	00843210 	taddeq	r3, r4, r0, lsl r2
    d6f4:	0084371c 	taddeq	r3, r4, ip, lsl r7
    d6f8:	008436c8 	taddeq	r3, r4, r8, asr #13
    d6fc:	008432cc 	taddeq	r3, r4, ip, asr #5
    d700:	0084372c 	taddeq	r3, r4, ip, lsr #14
    d704:	008436dc 	undefined instruction 0x008436dc
    d708:	0718      	tjex	r3
    d70a:	46c0      	tnop			; (mov r8, r8)

0000d70c <bls_smp_sendInfo>:
bls_smp_sendInfo():
    d70c:	6510      	tpush	{r4, lr}
    d70e:	0a2c      	tloadr	r2, [pc, #176]	; (d7c0 <bls_smp_sendInfo+0xb4>)
    d710:	4813      	tloadrb	r3, [r2, #0]
    d712:	abef      	tcmp	r3, #239	; 0xef
    d714:	c012      	tjeq.n	d73c <bls_smp_sendInfo+0x30>
    d716:	ab06      	tcmp	r3, #6
    d718:	c042      	tjeq.n	d7a0 <bls_smp_sendInfo+0x94>
    d71a:	ab08      	tcmp	r3, #8
    d71c:	c04d      	tjeq.n	d7ba <bls_smp_sendInfo+0xae>
    d71e:	ab09      	tcmp	r3, #9
    d720:	c130      	tjne.n	d784 <bls_smp_sendInfo+0x78>
    d722:	0928      	tloadr	r1, [pc, #160]	; (d7c4 <bls_smp_sendInfo+0xb8>)
    d724:	480b      	tloadrb	r3, [r1, #0]
    d726:	a00a      	tmovs	r0, #10
    d728:	4010      	tstorerb	r0, [r2, #0]
    d72a:	a002      	tmovs	r0, #2
    d72c:	0218      	tnand	r0, r3
    d72e:	c00f      	tjeq.n	d750 <bls_smp_sendInfo+0x44>
    d730:	0383      	tbclrs	r3, r0
    d732:	400b      	tstorerb	r3, [r1, #0]
    d734:	a009      	tmovs	r0, #9
    d736:	97ff 9e5d 	tjl	d3f4 <bls_smp_pushPkt>
    d73a:	6d10      	tpop	{r4, pc}
    d73c:	a306      	tmovs	r3, #6
    d73e:	4013      	tstorerb	r3, [r2, #0]
    d740:	0920      	tloadr	r1, [pc, #128]	; (d7c4 <bls_smp_sendInfo+0xb8>)
    d742:	480b      	tloadrb	r3, [r1, #0]
    d744:	f7d8      	tshftls	r0, r3, #31
    d746:	c427      	tjmi.n	d798 <bls_smp_sendInfo+0x8c>
    d748:	a009      	tmovs	r0, #9
    d74a:	4010      	tstorerb	r0, [r2, #0]
    d74c:	f798      	tshftls	r0, r3, #30
    d74e:	c41f      	tjmi.n	d790 <bls_smp_sendInfo+0x84>
    d750:	a000      	tmovs	r0, #0
    d752:	4010      	tstorerb	r0, [r2, #0]
    d754:	a204      	tmovs	r2, #4
    d756:	a400      	tmovs	r4, #0
    d758:	021a      	tnand	r2, r3
    d75a:	c003      	tjeq.n	d764 <bls_smp_sendInfo+0x58>
    d75c:	480b      	tloadrb	r3, [r1, #0]
    d75e:	0393      	tbclrs	r3, r2
    d760:	400b      	tstorerb	r3, [r1, #0]
    d762:	a401      	tmovs	r4, #1
    d764:	480b      	tloadrb	r3, [r1, #0]
    d766:	ab00      	tcmp	r3, #0
    d768:	c105      	tjne.n	d776 <bls_smp_sendInfo+0x6a>
    d76a:	0b17      	tloadr	r3, [pc, #92]	; (d7c8 <bls_smp_sendInfo+0xbc>)
    d76c:	481b      	tloadrb	r3, [r3, #0]
    d76e:	ab00      	tcmp	r3, #0
    d770:	c101      	tjne.n	d776 <bls_smp_sendInfo+0x6a>
    d772:	97ff 9dad 	tjl	d2d0 <bls_smp_pairing_success>
    d776:	a000      	tmovs	r0, #0
    d778:	ac00      	tcmp	r4, #0
    d77a:	c0de      	tjeq.n	d73a <bls_smp_sendInfo+0x2e>
    d77c:	a00a      	tmovs	r0, #10
    d77e:	97ff 9e39 	tjl	d3f4 <bls_smp_pushPkt>
    d782:	87da      	tj.n	d73a <bls_smp_sendInfo+0x2e>
    d784:	a000      	tmovs	r0, #0
    d786:	ab0a      	tcmp	r3, #10
    d788:	c1d7      	tjne.n	d73a <bls_smp_sendInfo+0x2e>
    d78a:	090e      	tloadr	r1, [pc, #56]	; (d7c4 <bls_smp_sendInfo+0xb8>)
    d78c:	480b      	tloadrb	r3, [r1, #0]
    d78e:	87df      	tj.n	d750 <bls_smp_sendInfo+0x44>
    d790:	a008      	tmovs	r0, #8
    d792:	97ff 9e2f 	tjl	d3f4 <bls_smp_pushPkt>
    d796:	87d0      	tj.n	d73a <bls_smp_sendInfo+0x2e>
    d798:	a006      	tmovs	r0, #6
    d79a:	97ff 9e2b 	tjl	d3f4 <bls_smp_pushPkt>
    d79e:	87cc      	tj.n	d73a <bls_smp_sendInfo+0x2e>
    d7a0:	0908      	tloadr	r1, [pc, #32]	; (d7c4 <bls_smp_sendInfo+0xb8>)
    d7a2:	480b      	tloadrb	r3, [r1, #0]
    d7a4:	a008      	tmovs	r0, #8
    d7a6:	4010      	tstorerb	r0, [r2, #0]
    d7a8:	a001      	tmovs	r0, #1
    d7aa:	0218      	tnand	r0, r3
    d7ac:	c0cc      	tjeq.n	d748 <bls_smp_sendInfo+0x3c>
    d7ae:	0383      	tbclrs	r3, r0
    d7b0:	400b      	tstorerb	r3, [r1, #0]
    d7b2:	a007      	tmovs	r0, #7
    d7b4:	97ff 9e1e 	tjl	d3f4 <bls_smp_pushPkt>
    d7b8:	87bf      	tj.n	d73a <bls_smp_sendInfo+0x2e>
    d7ba:	0902      	tloadr	r1, [pc, #8]	; (d7c4 <bls_smp_sendInfo+0xb8>)
    d7bc:	480b      	tloadrb	r3, [r1, #0]
    d7be:	87c3      	tj.n	d748 <bls_smp_sendInfo+0x3c>
    d7c0:	008436e0 	taddeq	r3, r4, r0, ror #13
    d7c4:	00843740 	taddeq	r3, r4, r0, asr #14
    d7c8:	0084373c 	taddeq	r3, r4, ip, lsr r7

0000d7cc <l2cap_smp_handler>:
l2cap_smp_handler():
    d7cc:	65f0      	tpush	{r4, r5, r6, r7, lr}
    d7ce:	0647      	tmov	r7, r8
    d7d0:	6480      	tpush	{r7}
    d7d2:	608c      	tsub	sp, #48	; 0x30
    d7d4:	ec0c      	tadds	r4, r1, #0
    d7d6:	f407      	tshftls	r7, r0, #16
    d7d8:	fc3f      	tshftrs	r7, r7, #16
    d7da:	498b      	tloadrb	r3, [r1, #6]
    d7dc:	ab0e      	tcmp	r3, #14
    d7de:	c905      	tjls.n	d7ec <l2cap_smp_handler+0x20>
    d7e0:	a500      	tmovs	r5, #0
    d7e2:	ec28      	tadds	r0, r5, #0
    d7e4:	600c      	tadd	sp, #48	; 0x30
    d7e6:	6c04      	tpop	{r2}
    d7e8:	0690      	tmov	r8, r2
    d7ea:	6df0      	tpop	{r4, r5, r6, r7, pc}
    d7ec:	f09b      	tshftls	r3, r3, #2
    d7ee:	0ad8      	tloadr	r2, [pc, #864]	; (db50 <l2cap_smp_handler+0x384>)
    d7f0:	18d3      	tloadr	r3, [r2, r3]
    d7f2:	069f      	tmov	pc, r3
    d7f4:	0bd7      	tloadr	r3, [pc, #860]	; (db54 <l2cap_smp_handler+0x388>)
    d7f6:	4b1b      	tloadrb	r3, [r3, #12]
    d7f8:	ab00      	tcmp	r3, #0
    d7fa:	c000      	tjeq.n	d7fe <l2cap_smp_handler+0x32>
    d7fc:	813c      	tj.n	da78 <l2cap_smp_handler+0x2ac>
    d7fe:	a007      	tmovs	r0, #7
    d800:	97ff 9cc6 	tjl	d190 <blc_smp_procParingEnd>
    d804:	a007      	tmovs	r0, #7
    d806:	97ff 9b5f 	tjl	cec8 <blc_smp_pushParingFailed>
    d80a:	ec05      	tadds	r5, r0, #0
    d80c:	87e9      	tj.n	d7e2 <l2cap_smp_handler+0x16>
    d80e:	0ed2      	tloadr	r6, [pc, #840]	; (db58 <l2cap_smp_handler+0x38c>)
    d810:	ec30      	tadds	r0, r6, #0
    d812:	b020      	tadds	r0, #32
    d814:	b106      	tadds	r1, #6
    d816:	a207      	tmovs	r2, #7
    d818:	97fb 9896 	tjl	8948 <memcpy>
    d81c:	0dcd      	tloadr	r5, [pc, #820]	; (db54 <l2cap_smp_handler+0x388>)
    d81e:	a300      	tmovs	r3, #0
    d820:	432b      	tstorerb	r3, [r5, #12]
    d822:	436b      	tstorerb	r3, [r5, #13]
    d824:	43ab      	tstorerb	r3, [r5, #14]
    d826:	43eb      	tstorerb	r3, [r5, #15]
    d828:	442b      	tstorerb	r3, [r5, #16]
    d82a:	44ab      	tstorerb	r3, [r5, #18]
    d82c:	0acb      	tloadr	r2, [pc, #812]	; (db5c <l2cap_smp_handler+0x390>)
    d82e:	4053      	tstorerb	r3, [r2, #1]
    d830:	09cb      	tloadr	r1, [pc, #812]	; (db60 <l2cap_smp_handler+0x394>)
    d832:	0688      	tmov	r8, r1
    d834:	580a      	tloadr	r2, [r1, #0]
    d836:	f7d1      	tshftls	r1, r2, #31
    d838:	c500      	tjpl.n	d83c <l2cap_smp_handler+0x70>
    d83a:	813f      	tj.n	dabc <l2cap_smp_handler+0x2f0>
    d83c:	482b      	tloadrb	r3, [r5, #0]
    d83e:	ab01      	tcmp	r3, #1
    d840:	c100      	tjne.n	d844 <l2cap_smp_handler+0x78>
    d842:	817c      	tj.n	db3e <l2cap_smp_handler+0x372>
    d844:	a324      	tmovs	r3, #36	; 0x24
    d846:	1cf3      	tloadrb	r3, [r6, r3]
    d848:	ab06      	tcmp	r3, #6
    d84a:	c800      	tjhi.n	d84e <l2cap_smp_handler+0x82>
    d84c:	8152      	tj.n	daf4 <l2cap_smp_handler+0x328>
    d84e:	ab10      	tcmp	r3, #16
    d850:	c900      	tjls.n	d854 <l2cap_smp_handler+0x88>
    d852:	8163      	tj.n	db1c <l2cap_smp_handler+0x350>
    d854:	0ac3      	tloadr	r2, [pc, #780]	; (db64 <l2cap_smp_handler+0x398>)
    d856:	4213      	tstorerb	r3, [r2, #8]
    d858:	a380      	tmovs	r3, #128	; 0x80
    d85a:	f45b      	tshftls	r3, r3, #17
    d85c:	0ac2      	tloadr	r2, [pc, #776]	; (db68 <l2cap_smp_handler+0x39c>)
    d85e:	5013      	tstorer	r3, [r2, #0]
    d860:	48aa      	tloadrb	r2, [r5, #2]
    d862:	a300      	tmovs	r3, #0
    d864:	aa00      	tcmp	r2, #0
    d866:	c005      	tjeq.n	d874 <l2cap_smp_handler+0xa8>
    d868:	a323      	tmovs	r3, #35	; 0x23
    d86a:	1cf3      	tloadrb	r3, [r6, r3]
    d86c:	a203      	tmovs	r2, #3
    d86e:	0013      	tands	r3, r2
    d870:	ee5a      	tsubs	r2, r3, #1
    d872:	0193      	tsubcs	r3, r2
    d874:	442b      	tstorerb	r3, [r5, #16]
    d876:	a308      	tmovs	r3, #8
    d878:	a22a      	tmovs	r2, #42	; 0x2a
    d87a:	1cb2      	tloadrb	r2, [r6, r2]
    d87c:	0213      	tnand	r3, r2
    d87e:	c000      	tjeq.n	d882 <l2cap_smp_handler+0xb6>
    d880:	80ed      	tj.n	da5e <l2cap_smp_handler+0x292>
    d882:	a000      	tmovs	r0, #0
    d884:	a300      	tmovs	r3, #0
    d886:	432b      	tstorerb	r3, [r5, #12]
    d888:	97ff 9b40 	tjl	cf0c <blc_smp_getGenMethod>
    d88c:	f600      	tshftls	r0, r0, #24
    d88e:	fe00      	tshftrs	r0, r0, #24
    d890:	4368      	tstorerb	r0, [r5, #13]
    d892:	482a      	tloadrb	r2, [r5, #0]
    d894:	4b2b      	tloadrb	r3, [r5, #12]
    d896:	ab00      	tcmp	r3, #0
    d898:	c100      	tjne.n	d89c <l2cap_smp_handler+0xd0>
    d89a:	8101      	tj.n	daa0 <l2cap_smp_handler+0x2d4>
    d89c:	a800      	tcmp	r0, #0
    d89e:	c100      	tjne.n	d8a2 <l2cap_smp_handler+0xd6>
    d8a0:	80fe      	tj.n	daa0 <l2cap_smp_handler+0x2d4>
    d8a2:	a000      	tmovs	r0, #0
    d8a4:	a101      	tmovs	r1, #1
    d8a6:	a200      	tmovs	r2, #0
    d8a8:	97ff 9b1a 	tjl	cee0 <blc_smp_setResponderKey>
    d8ac:	0baf      	tloadr	r3, [pc, #700]	; (db6c <l2cap_smp_handler+0x3a0>)
    d8ae:	581b      	tloadr	r3, [r3, #0]
    d8b0:	ab00      	tcmp	r3, #0
    d8b2:	c003      	tjeq.n	d8bc <l2cap_smp_handler+0xf0>
    d8b4:	ec38      	tadds	r0, r7, #0
    d8b6:	ec21      	tadds	r1, r4, #0
    d8b8:	9000 9992 	tjl	dbe0 <l2cap_smp_handler+0x414>
    d8bc:	0cac      	tloadr	r4, [pc, #688]	; (db70 <l2cap_smp_handler+0x3a4>)
    d8be:	a010      	tmovs	r0, #16
    d8c0:	ec21      	tadds	r1, r4, #0
    d8c2:	97fb 9ca9 	tjl	9218 <generateRandomNum>
    d8c6:	4b2b      	tloadrb	r3, [r5, #12]
    d8c8:	ab00      	tcmp	r3, #0
    d8ca:	c107      	tjne.n	d8dc <l2cap_smp_handler+0x110>
    d8cc:	a055      	tmovs	r0, #85	; 0x55
    d8ce:	e8f2      	tadds	r2, r6, r3
    d8d0:	1ce1      	tloadrb	r1, [r4, r3]
    d8d2:	0041      	txors	r1, r0
    d8d4:	4411      	tstorerb	r1, [r2, #16]
    d8d6:	b301      	tadds	r3, #1
    d8d8:	ab10      	tcmp	r3, #16
    d8da:	c1f8      	tjne.n	d8ce <l2cap_smp_handler+0x102>
    d8dc:	a32c      	tmovs	r3, #44	; 0x2c
    d8de:	a225      	tmovs	r2, #37	; 0x25
    d8e0:	1cb2      	tloadrb	r2, [r6, r2]
    d8e2:	1cf1      	tloadrb	r1, [r6, r3]
    d8e4:	000a      	tands	r2, r1
    d8e6:	14f2      	tstorerb	r2, [r6, r3]
    d8e8:	a12d      	tmovs	r1, #45	; 0x2d
    d8ea:	a326      	tmovs	r3, #38	; 0x26
    d8ec:	1cf3      	tloadrb	r3, [r6, r3]
    d8ee:	1c70      	tloadrb	r0, [r6, r1]
    d8f0:	0003      	tands	r3, r0
    d8f2:	1473      	tstorerb	r3, [r6, r1]
    d8f4:	099f      	tloadr	r1, [pc, #636]	; (db74 <l2cap_smp_handler+0x3a8>)
    d8f6:	400a      	tstorerb	r2, [r1, #0]
    d8f8:	0a9f      	tloadr	r2, [pc, #636]	; (db78 <l2cap_smp_handler+0x3ac>)
    d8fa:	4013      	tstorerb	r3, [r2, #0]
    d8fc:	0b9f      	tloadr	r3, [pc, #636]	; (db7c <l2cap_smp_handler+0x3b0>)
    d8fe:	5819      	tloadr	r1, [r3, #0]
    d900:	a301      	tmovs	r3, #1
    d902:	0319      	tors	r1, r3
    d904:	0a9e      	tloadr	r2, [pc, #632]	; (db80 <l2cap_smp_handler+0x3b4>)
    d906:	5011      	tstorer	r1, [r2, #0]
    d908:	446b      	tstorerb	r3, [r5, #17]
    d90a:	4b6a      	tloadrb	r2, [r5, #13]
    d90c:	aa04      	tcmp	r2, #4
    d90e:	c100      	tjne.n	d912 <l2cap_smp_handler+0x146>
    d910:	80f8      	tj.n	db04 <l2cap_smp_handler+0x338>
    d912:	aa02      	tcmp	r2, #2
    d914:	c100      	tjne.n	d918 <l2cap_smp_handler+0x14c>
    d916:	8139      	tj.n	db8c <l2cap_smp_handler+0x3c0>
    d918:	aa03      	tcmp	r2, #3
    d91a:	c100      	tjne.n	d91e <l2cap_smp_handler+0x152>
    d91c:	8103      	tj.n	db26 <l2cap_smp_handler+0x35a>
    d91e:	a002      	tmovs	r0, #2
    d920:	97ff 9d68 	tjl	d3f4 <bls_smp_pushPkt>
    d924:	ec05      	tadds	r5, r0, #0
    d926:	875c      	tj.n	d7e2 <l2cap_smp_handler+0x16>
    d928:	b107      	tadds	r1, #7
    d92a:	088e      	tloadr	r0, [pc, #568]	; (db64 <l2cap_smp_handler+0x398>)
    d92c:	b020      	tadds	r0, #32
    d92e:	a210      	tmovs	r2, #16
    d930:	97fb 980a 	tjl	8948 <memcpy>
    d934:	0d87      	tloadr	r5, [pc, #540]	; (db54 <l2cap_smp_handler+0x388>)
    d936:	4b2b      	tloadrb	r3, [r5, #12]
    d938:	ab00      	tcmp	r3, #0
    d93a:	c104      	tjne.n	d946 <l2cap_smp_handler+0x17a>
    d93c:	0b8a      	tloadr	r3, [pc, #552]	; (db68 <l2cap_smp_handler+0x39c>)
    d93e:	581a      	tloadr	r2, [r3, #0]
    d940:	f1d1      	tshftls	r1, r2, #7
    d942:	c500      	tjpl.n	d946 <l2cap_smp_handler+0x17a>
    d944:	8093      	tj.n	da6e <l2cap_smp_handler+0x2a2>
    d946:	4b6b      	tloadrb	r3, [r5, #13]
    d948:	ab01      	tcmp	r3, #1
    d94a:	c100      	tjne.n	d94e <l2cap_smp_handler+0x182>
    d94c:	80c1      	tj.n	dad2 <l2cap_smp_handler+0x306>
    d94e:	4bab      	tloadrb	r3, [r5, #14]
    d950:	f7da      	tshftls	r2, r3, #31
    d952:	c500      	tjpl.n	d956 <l2cap_smp_handler+0x18a>
    d954:	809c      	tj.n	da90 <l2cap_smp_handler+0x2c4>
    d956:	a003      	tmovs	r0, #3
    d958:	97ff 9d4c 	tjl	d3f4 <bls_smp_pushPkt>
    d95c:	ec05      	tadds	r5, r0, #0
    d95e:	8740      	tj.n	d7e2 <l2cap_smp_handler+0x16>
    d960:	0b7c      	tloadr	r3, [pc, #496]	; (db54 <l2cap_smp_handler+0x388>)
    d962:	4b1d      	tloadrb	r5, [r3, #12]
    d964:	ad00      	tcmp	r5, #0
    d966:	c000      	tjeq.n	d96a <l2cap_smp_handler+0x19e>
    d968:	8086      	tj.n	da78 <l2cap_smp_handler+0x2ac>
    d96a:	0e7e      	tloadr	r6, [pc, #504]	; (db64 <l2cap_smp_handler+0x398>)
    d96c:	ec37      	tadds	r7, r6, #0
    d96e:	b710      	tadds	r7, #16
    d970:	b107      	tadds	r1, #7
    d972:	ec38      	tadds	r0, r7, #0
    d974:	a210      	tmovs	r2, #16
    d976:	97fa 9fe7 	tjl	8948 <memcpy>
    d97a:	7c05      	tadd	r4, sp, #20
    d97c:	3505      	tstorer	r5, [sp, #20]
    d97e:	3506      	tstorer	r5, [sp, #24]
    d980:	3507      	tstorer	r5, [sp, #28]
    d982:	3508      	tstorer	r5, [sp, #32]
    d984:	0974      	tloadr	r1, [pc, #464]	; (db58 <l2cap_smp_handler+0x38c>)
    d986:	ec0b      	tadds	r3, r1, #0
    d988:	b327      	tadds	r3, #39	; 0x27
    d98a:	ec0a      	tadds	r2, r1, #0
    d98c:	b220      	tadds	r2, #32
    d98e:	3200      	tstorer	r2, [sp, #0]
    d990:	4872      	tloadrb	r2, [r6, #1]
    d992:	3201      	tstorer	r2, [sp, #4]
    d994:	ecb2      	tadds	r2, r6, #2
    d996:	3202      	tstorer	r2, [sp, #8]
    d998:	a22f      	tmovs	r2, #47	; 0x2f
    d99a:	1c8a      	tloadrb	r2, [r1, r2]
    d99c:	3203      	tstorer	r2, [sp, #12]
    d99e:	ec0a      	tadds	r2, r1, #0
    d9a0:	b232      	tadds	r2, #50	; 0x32
    d9a2:	3204      	tstorer	r2, [sp, #16]
    d9a4:	ec20      	tadds	r0, r4, #0
    d9a6:	ec3a      	tadds	r2, r7, #0
    d9a8:	9001 9e30 	tjl	f60c <blt_smp_alg_c1>
    d9ac:	ec30      	tadds	r0, r6, #0
    d9ae:	b020      	tadds	r0, #32
    d9b0:	ec21      	tadds	r1, r4, #0
    d9b2:	a210      	tmovs	r2, #16
    d9b4:	97fa 9f8c 	tjl	88d0 <memcmp>
    d9b8:	a800      	tcmp	r0, #0
    d9ba:	c148      	tjne.n	da4e <l2cap_smp_handler+0x282>
    d9bc:	a004      	tmovs	r0, #4
    d9be:	97ff 9d19 	tjl	d3f4 <bls_smp_pushPkt>
    d9c2:	ec05      	tadds	r5, r0, #0
    d9c4:	870d      	tj.n	d7e2 <l2cap_smp_handler+0x16>
    d9c6:	49c8      	tloadrb	r0, [r1, #7]
    d9c8:	97ff 9be2 	tjl	d190 <blc_smp_procParingEnd>
    d9cc:	a500      	tmovs	r5, #0
    d9ce:	8708      	tj.n	d7e2 <l2cap_smp_handler+0x16>
    d9d0:	0b68      	tloadr	r3, [pc, #416]	; (db74 <l2cap_smp_handler+0x3a8>)
    d9d2:	481a      	tloadrb	r2, [r3, #0]
    d9d4:	a101      	tmovs	r1, #1
    d9d6:	038a      	tbclrs	r2, r1
    d9d8:	401a      	tstorerb	r2, [r3, #0]
    d9da:	0a5e      	tloadr	r2, [pc, #376]	; (db54 <l2cap_smp_handler+0x388>)
    d9dc:	4bd0      	tloadrb	r0, [r2, #15]
    d9de:	0301      	tors	r1, r0
    d9e0:	43d1      	tstorerb	r1, [r2, #15]
    d9e2:	0a65      	tloadr	r2, [pc, #404]	; (db78 <l2cap_smp_handler+0x3ac>)
    d9e4:	4812      	tloadrb	r2, [r2, #0]
    d9e6:	a500      	tmovs	r5, #0
    d9e8:	aa00      	tcmp	r2, #0
    d9ea:	c000      	tjeq.n	d9ee <l2cap_smp_handler+0x222>
    d9ec:	86f9      	tj.n	d7e2 <l2cap_smp_handler+0x16>
    d9ee:	481b      	tloadrb	r3, [r3, #0]
    d9f0:	ab00      	tcmp	r3, #0
    d9f2:	c000      	tjeq.n	d9f6 <l2cap_smp_handler+0x22a>
    d9f4:	86f5      	tj.n	d7e2 <l2cap_smp_handler+0x16>
    d9f6:	97ff 9c6b 	tjl	d2d0 <bls_smp_pairing_success>
    d9fa:	86f2      	tj.n	d7e2 <l2cap_smp_handler+0x16>
    d9fc:	b416      	tadds	r4, #22
    d9fe:	0b61      	tloadr	r3, [pc, #388]	; (db84 <l2cap_smp_handler+0x3b8>)
    da00:	ec19      	tadds	r1, r3, #0
    da02:	b110      	tadds	r1, #16
    da04:	4822      	tloadrb	r2, [r4, #0]
    da06:	401a      	tstorerb	r2, [r3, #0]
    da08:	bc01      	tsubs	r4, #1
    da0a:	b301      	tadds	r3, #1
    da0c:	028b      	tcmp	r3, r1
    da0e:	c1f9      	tjne.n	da04 <l2cap_smp_handler+0x238>
    da10:	0b58      	tloadr	r3, [pc, #352]	; (db74 <l2cap_smp_handler+0x3a8>)
    da12:	481a      	tloadrb	r2, [r3, #0]
    da14:	a102      	tmovs	r1, #2
    da16:	038a      	tbclrs	r2, r1
    da18:	401a      	tstorerb	r2, [r3, #0]
    da1a:	a500      	tmovs	r5, #0
    da1c:	86e1      	tj.n	d7e2 <l2cap_smp_handler+0x16>
    da1e:	0851      	tloadr	r0, [pc, #324]	; (db64 <l2cap_smp_handler+0x398>)
    da20:	49cb      	tloadrb	r3, [r1, #7]
    da22:	4243      	tstorerb	r3, [r0, #9]
    da24:	b00a      	tadds	r0, #10
    da26:	b108      	tadds	r1, #8
    da28:	a206      	tmovs	r2, #6
    da2a:	97fa 9f8d 	tjl	8948 <memcpy>
    da2e:	0b52      	tloadr	r3, [pc, #328]	; (db78 <l2cap_smp_handler+0x3ac>)
    da30:	481b      	tloadrb	r3, [r3, #0]
    da32:	a500      	tmovs	r5, #0
    da34:	ab00      	tcmp	r3, #0
    da36:	c000      	tjeq.n	da3a <l2cap_smp_handler+0x26e>
    da38:	86d3      	tj.n	d7e2 <l2cap_smp_handler+0x16>
    da3a:	0b4e      	tloadr	r3, [pc, #312]	; (db74 <l2cap_smp_handler+0x3a8>)
    da3c:	481b      	tloadrb	r3, [r3, #0]
    da3e:	ab00      	tcmp	r3, #0
    da40:	c000      	tjeq.n	da44 <l2cap_smp_handler+0x278>
    da42:	86ce      	tj.n	d7e2 <l2cap_smp_handler+0x16>
    da44:	87d7      	tj.n	d9f6 <l2cap_smp_handler+0x22a>
    da46:	0b4b      	tloadr	r3, [pc, #300]	; (db74 <l2cap_smp_handler+0x3a8>)
    da48:	481a      	tloadrb	r2, [r3, #0]
    da4a:	a104      	tmovs	r1, #4
    da4c:	87c3      	tj.n	d9d6 <l2cap_smp_handler+0x20a>
    da4e:	a004      	tmovs	r0, #4
    da50:	97ff 9b9e 	tjl	d190 <blc_smp_procParingEnd>
    da54:	a004      	tmovs	r0, #4
    da56:	97ff 9a37 	tjl	cec8 <blc_smp_pushParingFailed>
    da5a:	ec05      	tadds	r5, r0, #0
    da5c:	86c1      	tj.n	d7e2 <l2cap_smp_handler+0x16>
    da5e:	a223      	tmovs	r2, #35	; 0x23
    da60:	1cb2      	tloadrb	r2, [r6, r2]
    da62:	0213      	tnand	r3, r2
    da64:	c100      	tjne.n	da68 <l2cap_smp_handler+0x29c>
    da66:	870c      	tj.n	d882 <l2cap_smp_handler+0xb6>
    da68:	a001      	tmovs	r0, #1
    da6a:	a301      	tmovs	r3, #1
    da6c:	870b      	tj.n	d886 <l2cap_smp_handler+0xba>
    da6e:	a180      	tmovs	r1, #128	; 0x80
    da70:	f489      	tshftls	r1, r1, #18
    da72:	030a      	tors	r2, r1
    da74:	501a      	tstorer	r2, [r3, #0]
    da76:	8766      	tj.n	d946 <l2cap_smp_handler+0x17a>
    da78:	0b3c      	tloadr	r3, [pc, #240]	; (db6c <l2cap_smp_handler+0x3a0>)
    da7a:	581b      	tloadr	r3, [r3, #0]
    da7c:	a500      	tmovs	r5, #0
    da7e:	ab00      	tcmp	r3, #0
    da80:	c100      	tjne.n	da84 <l2cap_smp_handler+0x2b8>
    da82:	86ae      	tj.n	d7e2 <l2cap_smp_handler+0x16>
    da84:	ec38      	tadds	r0, r7, #0
    da86:	ec21      	tadds	r1, r4, #0
    da88:	9000 98aa 	tjl	dbe0 <l2cap_smp_handler+0x414>
    da8c:	ec05      	tadds	r5, r0, #0
    da8e:	86a8      	tj.n	d7e2 <l2cap_smp_handler+0x16>
    da90:	f799      	tshftls	r1, r3, #30
    da92:	c500      	tjpl.n	da96 <l2cap_smp_handler+0x2ca>
    da94:	875f      	tj.n	d956 <l2cap_smp_handler+0x18a>
    da96:	a204      	tmovs	r2, #4
    da98:	0313      	tors	r3, r2
    da9a:	43ab      	tstorerb	r3, [r5, #14]
    da9c:	a500      	tmovs	r5, #0
    da9e:	86a0      	tj.n	d7e2 <l2cap_smp_handler+0x16>
    daa0:	a10f      	tmovs	r1, #15
    daa2:	000a      	tands	r2, r1
    daa4:	aa08      	tcmp	r2, #8
    daa6:	c100      	tjne.n	daaa <l2cap_smp_handler+0x2de>
    daa8:	808d      	tj.n	dbc6 <l2cap_smp_handler+0x3fa>
    daaa:	ab00      	tcmp	r3, #0
    daac:	c000      	tjeq.n	dab0 <l2cap_smp_handler+0x2e4>
    daae:	86f8      	tj.n	d8a2 <l2cap_smp_handler+0xd6>
    dab0:	a001      	tmovs	r0, #1
    dab2:	a101      	tmovs	r1, #1
    dab4:	a200      	tmovs	r2, #0
    dab6:	97ff 9a13 	tjl	cee0 <blc_smp_setResponderKey>
    daba:	86ff      	tj.n	d8bc <l2cap_smp_handler+0xf0>
    dabc:	7909      	tadd	r1, sp, #36	; 0x24
    dabe:	a240      	tmovs	r2, #64	; 0x40
    dac0:	400a      	tstorerb	r2, [r1, #0]
    dac2:	404b      	tstorerb	r3, [r1, #1]
    dac4:	408b      	tstorerb	r3, [r1, #2]
    dac6:	40cb      	tstorerb	r3, [r1, #3]
    dac8:	a000      	tmovs	r0, #0
    daca:	a204      	tmovs	r2, #4
    dacc:	97fe 9f92 	tjl	c9f4 <blc_gap_send_event>
    dad0:	86b4      	tj.n	d83c <l2cap_smp_handler+0x70>
    dad2:	0a2d      	tloadr	r2, [pc, #180]	; (db88 <l2cap_smp_handler+0x3bc>)
    dad4:	4812      	tloadrb	r2, [r2, #0]
    dad6:	aa00      	tcmp	r2, #0
    dad8:	c000      	tjeq.n	dadc <l2cap_smp_handler+0x310>
    dada:	8738      	tj.n	d94e <l2cap_smp_handler+0x182>
    dadc:	43ab      	tstorerb	r3, [r5, #14]
    dade:	0b20      	tloadr	r3, [pc, #128]	; (db60 <l2cap_smp_handler+0x394>)
    dae0:	581a      	tloadr	r2, [r3, #0]
    dae2:	a301      	tmovs	r3, #1
    dae4:	f591      	tshftls	r1, r2, #22
    dae6:	c5d6      	tjpl.n	da96 <l2cap_smp_handler+0x2ca>
    dae8:	a009      	tmovs	r0, #9
    daea:	a100      	tmovs	r1, #0
    daec:	a200      	tmovs	r2, #0
    daee:	97fe 9f81 	tjl	c9f4 <blc_gap_send_event>
    daf2:	872c      	tj.n	d94e <l2cap_smp_handler+0x182>
    daf4:	a006      	tmovs	r0, #6
    daf6:	97ff 9b4b 	tjl	d190 <blc_smp_procParingEnd>
    dafa:	a006      	tmovs	r0, #6
    dafc:	97ff 99e4 	tjl	cec8 <blc_smp_pushParingFailed>
    db00:	ec05      	tadds	r5, r0, #0
    db02:	866e      	tj.n	d7e2 <l2cap_smp_handler+0x16>
    db04:	43ab      	tstorerb	r3, [r5, #14]
    db06:	0642      	tmov	r2, r8
    db08:	5813      	tloadr	r3, [r2, #0]
    db0a:	f559      	tshftls	r1, r3, #21
    db0c:	c400      	tjmi.n	db10 <l2cap_smp_handler+0x344>
    db0e:	8706      	tj.n	d91e <l2cap_smp_handler+0x152>
    db10:	a00a      	tmovs	r0, #10
    db12:	a100      	tmovs	r1, #0
    db14:	a200      	tmovs	r2, #0
    db16:	97fe 9f6d 	tjl	c9f4 <blc_gap_send_event>
    db1a:	8700      	tj.n	d91e <l2cap_smp_handler+0x152>
    db1c:	a00a      	tmovs	r0, #10
    db1e:	97ff 99d3 	tjl	cec8 <blc_smp_pushParingFailed>
    db22:	ec05      	tadds	r5, r0, #0
    db24:	865d      	tj.n	d7e2 <l2cap_smp_handler+0x16>
    db26:	43ab      	tstorerb	r3, [r5, #14]
    db28:	0641      	tmov	r1, r8
    db2a:	580b      	tloadr	r3, [r1, #0]
    db2c:	f59a      	tshftls	r2, r3, #22
    db2e:	c400      	tjmi.n	db32 <l2cap_smp_handler+0x366>
    db30:	86f5      	tj.n	d91e <l2cap_smp_handler+0x152>
    db32:	a009      	tmovs	r0, #9
    db34:	a100      	tmovs	r1, #0
    db36:	a200      	tmovs	r2, #0
    db38:	97fe 9f5c 	tjl	c9f4 <blc_gap_send_event>
    db3c:	86ef      	tj.n	d91e <l2cap_smp_handler+0x152>
    db3e:	a005      	tmovs	r0, #5
    db40:	97ff 9b26 	tjl	d190 <blc_smp_procParingEnd>
    db44:	a005      	tmovs	r0, #5
    db46:	97ff 99bf 	tjl	cec8 <blc_smp_pushParingFailed>
    db4a:	ec05      	tadds	r5, r0, #0
    db4c:	8649      	tj.n	d7e2 <l2cap_smp_handler+0x16>
    db4e:	46c0      	tnop			; (mov r8, r8)
    db50:	00010098 	tmuleq	r1, r8, r0
    db54:	0084367c 	taddeq	r3, r4, ip, ror r6
    db58:	00843690 	umulleq	r3, r4, r0, r6
    db5c:	00843798 	umulleq	r3, r4, r8, r7
    db60:	00843630 	taddeq	r3, r4, r0, lsr r6
    db64:	00843744 	taddeq	r3, r4, r4, asr #14
    db68:	00843794 	umulleq	r3, r4, r4, r7
    db6c:	008436d8 	undefined instruction 0x008436d8
    db70:	008436fc 	undefined instruction 0x008436fc
    db74:	0084373c 	taddeq	r3, r4, ip, lsr r7
    db78:	00843740 	taddeq	r3, r4, r0, asr #14
    db7c:	00800740 	taddeq	r0, r0, r0, asr #14
    db80:	008436e4 	taddeq	r3, r4, r4, ror #13
    db84:	00843784 	taddeq	r3, r4, r4, lsl #15
    db88:	008436e8 	taddeq	r3, r4, r8, ror #13
    db8c:	7c0b      	tadd	r4, sp, #44	; 0x2c
    db8e:	a004      	tmovs	r0, #4
    db90:	ec21      	tadds	r1, r4, #0
    db92:	97fb 9b41 	tjl	9218 <generateRandomNum>
    db96:	390b      	tloadr	r1, [sp, #44]	; 0x2c
    db98:	0a0f      	tloadr	r2, [pc, #60]	; (dbd8 <l2cap_smp_handler+0x40c>)
    db9a:	e889      	tadds	r1, r1, r2
    db9c:	0b0f      	tloadr	r3, [pc, #60]	; (dbdc <l2cap_smp_handler+0x410>)
    db9e:	0019      	tands	r1, r3
    dba0:	310b      	tstorer	r1, [sp, #44]	; 0x2c
    dba2:	a200      	tmovs	r2, #0
    dba4:	5072      	tstorer	r2, [r6, #4]
    dba6:	ec33      	tadds	r3, r6, #0
    dba8:	b308      	tadds	r3, #8
    dbaa:	d304      	tstorem	r3!, {r2}
    dbac:	501a      	tstorer	r2, [r3, #0]
    dbae:	5031      	tstorer	r1, [r6, #0]
    dbb0:	0641      	tmov	r1, r8
    dbb2:	580b      	tloadr	r3, [r1, #0]
    dbb4:	f5da      	tshftls	r2, r3, #23
    dbb6:	c400      	tjmi.n	dbba <l2cap_smp_handler+0x3ee>
    dbb8:	86b1      	tj.n	d91e <l2cap_smp_handler+0x152>
    dbba:	a008      	tmovs	r0, #8
    dbbc:	ec21      	tadds	r1, r4, #0
    dbbe:	a204      	tmovs	r2, #4
    dbc0:	97fe 9f18 	tjl	c9f4 <blc_gap_send_event>
    dbc4:	86ab      	tj.n	d91e <l2cap_smp_handler+0x152>
    dbc6:	a082      	tmovs	r0, #130	; 0x82
    dbc8:	97ff 9ae2 	tjl	d190 <blc_smp_procParingEnd>
    dbcc:	a008      	tmovs	r0, #8
    dbce:	97ff 997b 	tjl	cec8 <blc_smp_pushParingFailed>
    dbd2:	ec05      	tadds	r5, r0, #0
    dbd4:	8605      	tj.n	d7e2 <l2cap_smp_handler+0x16>
    dbd6:	46c0      	tnop			; (mov r8, r8)
    dbd8:	000186a0 	tandeq	r8, r1, r0, lsr #13
    dbdc:	000f423f 	tandeq	r4, pc, pc, lsr r2
    dbe0:	0718      	tjex	r3
    dbe2:	46c0      	tnop			; (mov r8, r8)

0000dbe4 <blc_smp_sendSecurityRequest>:
blc_smp_sendSecurityRequest():
    dbe4:	6500      	tpush	{lr}
    dbe6:	a00b      	tmovs	r0, #11
    dbe8:	97ff 9c04 	tjl	d3f4 <bls_smp_pushPkt>
    dbec:	ec01      	tadds	r1, r0, #0
    dbee:	0802      	tloadr	r0, [pc, #8]	; (dbf8 <blc_smp_sendSecurityRequest+0x14>)
    dbf0:	97fc 9b3e 	tjl	a270 <bls_ll_pushTxFifo>
    dbf4:	6d00      	tpop	{pc}
    dbf6:	46c0      	tnop			; (mov r8, r8)
    dbf8:	00008040 	tandeq	r8, r0, r0, asr #32

0000dbfc <bls_smp_setAddress>:
bls_smp_setAddress():
    dbfc:	65f0      	tpush	{r4, r5, r6, r7, lr}
    dbfe:	0647      	tmov	r7, r8
    dc00:	6480      	tpush	{r7}
    dc02:	ec0c      	tadds	r4, r1, #0
    dc04:	480f      	tloadrb	r7, [r1, #0]
    dc06:	f67f      	tshftls	r7, r7, #25
    dc08:	ffff      	tshftrs	r7, r7, #31
    dc0a:	0e3a      	tloadr	r6, [pc, #232]	; (dcf4 <bls_smp_setAddress+0xf8>)
    dc0c:	4077      	tstorerb	r7, [r6, #1]
    dc0e:	ecb3      	tadds	r3, r6, #2
    dc10:	0698      	tmov	r8, r3
    dc12:	b102      	tadds	r1, #2
    dc14:	ec18      	tadds	r0, r3, #0
    dc16:	a206      	tmovs	r2, #6
    dc18:	97fa 9e96 	tjl	8948 <memcpy>
    dc1c:	0d36      	tloadr	r5, [pc, #216]	; (dcf8 <bls_smp_setAddress+0xfc>)
    dc1e:	4822      	tloadrb	r2, [r4, #0]
    dc20:	f9d2      	tshftrs	r2, r2, #7
    dc22:	a32f      	tmovs	r3, #47	; 0x2f
    dc24:	14ea      	tstorerb	r2, [r5, r3]
    dc26:	ec28      	tadds	r0, r5, #0
    dc28:	b032      	tadds	r0, #50	; 0x32
    dc2a:	ec21      	tadds	r1, r4, #0
    dc2c:	b108      	tadds	r1, #8
    dc2e:	a206      	tmovs	r2, #6
    dc30:	97fa 9e8a 	tjl	8948 <memcpy>
    dc34:	ec38      	tadds	r0, r7, #0
    dc36:	0641      	tmov	r1, r8
    dc38:	9000 9a8e 	tjl	e158 <bls_smp_searchBondingDevice_in_Flash_by_Address>
    dc3c:	ee04      	tsubs	r4, r0, #0
    dc3e:	c127      	tjne.n	dc90 <bls_smp_setAddress+0x94>
    dc40:	0b2e      	tloadr	r3, [pc, #184]	; (dcfc <bls_smp_setAddress+0x100>)
    dc42:	a2ff      	tmovs	r2, #255	; 0xff
    dc44:	405a      	tstorerb	r2, [r3, #1]
    dc46:	401c      	tstorerb	r4, [r3, #0]
    dc48:	092d      	tloadr	r1, [pc, #180]	; (dd00 <bls_smp_setAddress+0x104>)
    dc4a:	500c      	tstorer	r4, [r1, #0]
    dc4c:	409a      	tstorerb	r2, [r3, #2]
    dc4e:	0f2d      	tloadr	r7, [pc, #180]	; (dd04 <bls_smp_setAddress+0x108>)
    dc50:	44fc      	tstorerb	r4, [r7, #19]
    dc52:	0b2d      	tloadr	r3, [pc, #180]	; (dd08 <bls_smp_setAddress+0x10c>)
    dc54:	401c      	tstorerb	r4, [r3, #0]
    dc56:	ec30      	tadds	r0, r6, #0
    dc58:	b040      	tadds	r0, #64	; 0x40
    dc5a:	a1ff      	tmovs	r1, #255	; 0xff
    dc5c:	a210      	tmovs	r2, #16
    dc5e:	97fa 9e69 	tjl	8934 <memset>
    dc62:	ec28      	tadds	r0, r5, #0
    dc64:	b038      	tadds	r0, #56	; 0x38
    dc66:	a1ff      	tmovs	r1, #255	; 0xff
    dc68:	a210      	tmovs	r2, #16
    dc6a:	97fa 9e63 	tjl	8934 <memset>
    dc6e:	433c      	tstorerb	r4, [r7, #12]
    dc70:	0a26      	tloadr	r2, [pc, #152]	; (dd0c <bls_smp_setAddress+0x110>)
    dc72:	4813      	tloadrb	r3, [r2, #0]
    dc74:	a10f      	tmovs	r1, #15
    dc76:	000b      	tands	r3, r1
    dc78:	a111      	tmovs	r1, #17
    dc7a:	0219      	tnand	r1, r3
    dc7c:	c135      	tjne.n	dcea <bls_smp_setAddress+0xee>
    dc7e:	a122      	tmovs	r1, #34	; 0x22
    dc80:	0219      	tnand	r1, r3
    dc82:	c001      	tjeq.n	dc88 <bls_smp_setAddress+0x8c>
    dc84:	a301      	tmovs	r3, #1
    dc86:	4053      	tstorerb	r3, [r2, #1]
    dc88:	a001      	tmovs	r0, #1
    dc8a:	6c04      	tpop	{r2}
    dc8c:	0690      	tmov	r8, r2
    dc8e:	6df0      	tpop	{r4, r5, r6, r7, pc}
    dc90:	ec20      	tadds	r0, r4, #0
    dc92:	9000 9b05 	tjl	e2a0 <bls_smp_param_getIndexByFLashAddr>
    dc96:	0f19      	tloadr	r7, [pc, #100]	; (dcfc <bls_smp_setAddress+0x100>)
    dc98:	4078      	tstorerb	r0, [r7, #1]
    dc9a:	ec20      	tadds	r0, r4, #0
    dc9c:	9000 9ae2 	tjl	e264 <bls_smp_param_getBondFlag_by_flashAddress>
    dca0:	f680      	tshftls	r0, r0, #26
    dca2:	ff80      	tshftrs	r0, r0, #30
    dca4:	4038      	tstorerb	r0, [r7, #0]
    dca6:	487b      	tloadrb	r3, [r7, #1]
    dca8:	0698      	tmov	r8, r3
    dcaa:	a400      	tmovs	r4, #0
    dcac:	0b14      	tloadr	r3, [pc, #80]	; (dd00 <bls_smp_setAddress+0x104>)
    dcae:	501c      	tstorer	r4, [r3, #0]
    dcb0:	a3ff      	tmovs	r3, #255	; 0xff
    dcb2:	40bb      	tstorerb	r3, [r7, #2]
    dcb4:	0f13      	tloadr	r7, [pc, #76]	; (dd04 <bls_smp_setAddress+0x108>)
    dcb6:	44fc      	tstorerb	r4, [r7, #19]
    dcb8:	0b13      	tloadr	r3, [pc, #76]	; (dd08 <bls_smp_setAddress+0x10c>)
    dcba:	401c      	tstorerb	r4, [r3, #0]
    dcbc:	ec30      	tadds	r0, r6, #0
    dcbe:	b040      	tadds	r0, #64	; 0x40
    dcc0:	a1ff      	tmovs	r1, #255	; 0xff
    dcc2:	a210      	tmovs	r2, #16
    dcc4:	97fa 9e36 	tjl	8934 <memset>
    dcc8:	ec28      	tadds	r0, r5, #0
    dcca:	b038      	tadds	r0, #56	; 0x38
    dccc:	a1ff      	tmovs	r1, #255	; 0xff
    dcce:	a210      	tmovs	r2, #16
    dcd0:	97fa 9e30 	tjl	8934 <memset>
    dcd4:	433c      	tstorerb	r4, [r7, #12]
    dcd6:	a3ff      	tmovs	r3, #255	; 0xff
    dcd8:	0598      	tcmp	r8, r3
    dcda:	c0c9      	tjeq.n	dc70 <bls_smp_setAddress+0x74>
    dcdc:	0a0b      	tloadr	r2, [pc, #44]	; (dd0c <bls_smp_setAddress+0x110>)
    dcde:	4813      	tloadrb	r3, [r2, #0]
    dce0:	a10f      	tmovs	r1, #15
    dce2:	038b      	tbclrs	r3, r1
    dce4:	a111      	tmovs	r1, #17
    dce6:	0219      	tnand	r1, r3
    dce8:	c0c9      	tjeq.n	dc7e <bls_smp_setAddress+0x82>
    dcea:	a300      	tmovs	r3, #0
    dcec:	4053      	tstorerb	r3, [r2, #1]
    dcee:	97ff 9f79 	tjl	dbe4 <blc_smp_sendSecurityRequest>
    dcf2:	87c9      	tj.n	dc88 <bls_smp_setAddress+0x8c>
    dcf4:	00843744 	taddeq	r3, r4, r4, asr #14
    dcf8:	00843690 	umulleq	r3, r4, r0, r6
    dcfc:	008437bc 	undefined instruction 0x008437bc
    dd00:	00843794 	umulleq	r3, r4, r4, r7
    dd04:	0084367c 	taddeq	r3, r4, ip, ror r6
    dd08:	008436e8 	taddeq	r3, r4, r8, ror #13
    dd0c:	00843798 	umulleq	r3, r4, r8, r7

0000dd10 <bls_smp_peripheral_paring_loop>:
bls_smp_peripheral_paring_loop():
    dd10:	6510      	tpush	{r4, lr}
    dd12:	0c38      	tloadr	r4, [pc, #224]	; (ddf4 <bls_smp_peripheral_paring_loop+0xe4>)
    dd14:	4863      	tloadrb	r3, [r4, #1]
    dd16:	ab00      	tcmp	r3, #0
    dd18:	c135      	tjne.n	dd86 <bls_smp_peripheral_paring_loop+0x76>
    dd1a:	0c37      	tloadr	r4, [pc, #220]	; (ddf8 <bls_smp_peripheral_paring_loop+0xe8>)
    dd1c:	4ba3      	tloadrb	r3, [r4, #14]
    dd1e:	a206      	tmovs	r2, #6
    dd20:	001a      	tands	r2, r3
    dd22:	aa06      	tcmp	r2, #6
    dd24:	c052      	tjeq.n	ddcc <bls_smp_peripheral_paring_loop+0xbc>
    dd26:	f719      	tshftls	r1, r3, #28
    dd28:	c508      	tjpl.n	dd3c <bls_smp_peripheral_paring_loop+0x2c>
    dd2a:	a210      	tmovs	r2, #16
    dd2c:	001a      	tands	r2, r3
    dd2e:	c00b      	tjeq.n	dd48 <bls_smp_peripheral_paring_loop+0x38>
    dd30:	a240      	tmovs	r2, #64	; 0x40
    dd32:	001a      	tands	r2, r3
    dd34:	c13d      	tjne.n	ddb2 <bls_smp_peripheral_paring_loop+0xa2>
    dd36:	f61b      	tshftls	r3, r3, #24
    dd38:	ab00      	tcmp	r3, #0
    dd3a:	cb52      	tjlt.n	dde2 <bls_smp_peripheral_paring_loop+0xd2>
    dd3c:	4ca3      	tloadrb	r3, [r4, #18]
    dd3e:	ab00      	tcmp	r3, #0
    dd40:	c110      	tjne.n	dd64 <bls_smp_peripheral_paring_loop+0x54>
    dd42:	97ff 9a5b 	tjl	d1fc <blc_smp_certTimeoutLoopEvt>
    dd46:	6d10      	tpop	{r4, pc}
    dd48:	f699      	tshftls	r1, r3, #26
    dd4a:	c5f7      	tjpl.n	dd3c <bls_smp_peripheral_paring_loop+0x2c>
    dd4c:	43a2      	tstorerb	r2, [r4, #14]
    dd4e:	a00c      	tmovs	r0, #12
    dd50:	97ff 9a1e 	tjl	d190 <blc_smp_procParingEnd>
    dd54:	a00c      	tmovs	r0, #12
    dd56:	97ff 98b7 	tjl	cec8 <blc_smp_pushParingFailed>
    dd5a:	ec01      	tadds	r1, r0, #0
    dd5c:	0827      	tloadr	r0, [pc, #156]	; (ddfc <bls_smp_peripheral_paring_loop+0xec>)
    dd5e:	97fc 9a87 	tjl	a270 <bls_ll_pushTxFifo>
    dd62:	87eb      	tj.n	dd3c <bls_smp_peripheral_paring_loop+0x2c>
    dd64:	97f3 9ee6 	tjl	1b34 <blc_ll_getTxFifoNumber>
    dd68:	a800      	tcmp	r0, #0
    dd6a:	c1ea      	tjne.n	dd42 <bls_smp_peripheral_paring_loop+0x32>
    dd6c:	0b24      	tloadr	r3, [pc, #144]	; (de00 <bls_smp_peripheral_paring_loop+0xf0>)
    dd6e:	581b      	tloadr	r3, [r3, #0]
    dd70:	ab00      	tcmp	r3, #0
    dd72:	c0e6      	tjeq.n	dd42 <bls_smp_peripheral_paring_loop+0x32>
    dd74:	a040      	tmovs	r0, #64	; 0x40
    dd76:	9000 9849 	tjl	de0c <bls_smp_peripheral_paring_loop+0xfc>
    dd7a:	ee01      	tsubs	r1, r0, #0
    dd7c:	c0e1      	tjeq.n	dd42 <bls_smp_peripheral_paring_loop+0x32>
    dd7e:	081f      	tloadr	r0, [pc, #124]	; (ddfc <bls_smp_peripheral_paring_loop+0xec>)
    dd80:	97fc 9a76 	tjl	a270 <bls_ll_pushTxFifo>
    dd84:	87dd      	tj.n	dd42 <bls_smp_peripheral_paring_loop+0x32>
    dd86:	97fb 9c1b 	tjl	95c0 <blc_ll_getCurrentState>
    dd8a:	a808      	tcmp	r0, #8
    dd8c:	c1c5      	tjne.n	dd1a <bls_smp_peripheral_paring_loop+0xa>
    dd8e:	0b1d      	tloadr	r3, [pc, #116]	; (de04 <bls_smp_peripheral_paring_loop+0xf4>)
    dd90:	581a      	tloadr	r2, [r3, #0]
    dd92:	0b1d      	tloadr	r3, [pc, #116]	; (de08 <bls_smp_peripheral_paring_loop+0xf8>)
    dd94:	581b      	tloadr	r3, [r3, #0]
    dd96:	ead2      	tsubs	r2, r2, r3
    dd98:	2863      	tloadrh	r3, [r4, #2]
    dd9a:	f159      	tshftls	r1, r3, #5
    dd9c:	eac9      	tsubs	r1, r1, r3
    dd9e:	f089      	tshftls	r1, r1, #2
    dda0:	e8cb      	tadds	r3, r1, r3
    dda2:	f1db      	tshftls	r3, r3, #7
    dda4:	029a      	tcmp	r2, r3
    dda6:	c9b8      	tjls.n	dd1a <bls_smp_peripheral_paring_loop+0xa>
    dda8:	a300      	tmovs	r3, #0
    ddaa:	4063      	tstorerb	r3, [r4, #1]
    ddac:	97ff 9f1a 	tjl	dbe4 <blc_smp_sendSecurityRequest>
    ddb0:	87b3      	tj.n	dd1a <bls_smp_peripheral_paring_loop+0xa>
    ddb2:	a300      	tmovs	r3, #0
    ddb4:	43a3      	tstorerb	r3, [r4, #14]
    ddb6:	a00b      	tmovs	r0, #11
    ddb8:	97ff 99ea 	tjl	d190 <blc_smp_procParingEnd>
    ddbc:	a00b      	tmovs	r0, #11
    ddbe:	97ff 9883 	tjl	cec8 <blc_smp_pushParingFailed>
    ddc2:	ec01      	tadds	r1, r0, #0
    ddc4:	080d      	tloadr	r0, [pc, #52]	; (ddfc <bls_smp_peripheral_paring_loop+0xec>)
    ddc6:	97fc 9a53 	tjl	a270 <bls_ll_pushTxFifo>
    ddca:	87b7      	tj.n	dd3c <bls_smp_peripheral_paring_loop+0x2c>
    ddcc:	a300      	tmovs	r3, #0
    ddce:	43a3      	tstorerb	r3, [r4, #14]
    ddd0:	a003      	tmovs	r0, #3
    ddd2:	97ff 9b0f 	tjl	d3f4 <bls_smp_pushPkt>
    ddd6:	ec01      	tadds	r1, r0, #0
    ddd8:	0808      	tloadr	r0, [pc, #32]	; (ddfc <bls_smp_peripheral_paring_loop+0xec>)
    ddda:	97fc 9a49 	tjl	a270 <bls_ll_pushTxFifo>
    ddde:	4ba3      	tloadrb	r3, [r4, #14]
    dde0:	87a1      	tj.n	dd26 <bls_smp_peripheral_paring_loop+0x16>
    dde2:	43a2      	tstorerb	r2, [r4, #14]
    dde4:	a00d      	tmovs	r0, #13
    dde6:	97ff 9b05 	tjl	d3f4 <bls_smp_pushPkt>
    ddea:	ec01      	tadds	r1, r0, #0
    ddec:	0803      	tloadr	r0, [pc, #12]	; (ddfc <bls_smp_peripheral_paring_loop+0xec>)
    ddee:	97fc 9a3f 	tjl	a270 <bls_ll_pushTxFifo>
    ddf2:	87a3      	tj.n	dd3c <bls_smp_peripheral_paring_loop+0x2c>
    ddf4:	00843798 	umulleq	r3, r4, r8, r7
    ddf8:	0084367c 	taddeq	r3, r4, ip, ror r6
    ddfc:	00008040 	tandeq	r8, r0, r0, asr #32
    de00:	008436f0 	undefined instruction 0x008436f0
    de04:	00800740 	taddeq	r0, r0, r0, asr #14
    de08:	00843350 	taddeq	r3, r4, r0, asr r3
    de0c:	0718      	tjex	r3
    de0e:	46c0      	tnop			; (mov r8, r8)

0000de10 <blc_smp_peripheral_init>:
blc_smp_peripheral_init():
    de10:	6500      	tpush	{lr}
    de12:	0b0a      	tloadr	r3, [pc, #40]	; (de3c <blc_smp_peripheral_init+0x2c>)
    de14:	481b      	tloadrb	r3, [r3, #0]
    de16:	a000      	tmovs	r0, #0
    de18:	ab01      	tcmp	r3, #1
    de1a:	c00d      	tjeq.n	de38 <blc_smp_peripheral_init+0x28>
    de1c:	0a08      	tloadr	r2, [pc, #32]	; (de40 <blc_smp_peripheral_init+0x30>)
    de1e:	0b09      	tloadr	r3, [pc, #36]	; (de44 <blc_smp_peripheral_init+0x34>)
    de20:	501a      	tstorer	r2, [r3, #0]
    de22:	0a09      	tloadr	r2, [pc, #36]	; (de48 <blc_smp_peripheral_init+0x38>)
    de24:	0b09      	tloadr	r3, [pc, #36]	; (de4c <blc_smp_peripheral_init+0x3c>)
    de26:	501a      	tstorer	r2, [r3, #0]
    de28:	0809      	tloadr	r0, [pc, #36]	; (de50 <blc_smp_peripheral_init+0x40>)
    de2a:	97fc 9957 	tjl	a0dc <blc_ll_registerLtkReqEvtCb>
    de2e:	9000 9919 	tjl	e064 <bls_smp_param_initFromFlash>
    de32:	97ff 98af 	tjl	cf94 <blc_smp_param_init>
    de36:	a001      	tmovs	r0, #1
    de38:	6d00      	tpop	{pc}
    de3a:	46c0      	tnop			; (mov r8, r8)
    de3c:	0084367c 	taddeq	r3, r4, ip, ror r6
    de40:	0000dbfd 	undefined instruction 0x0000dbfd
    de44:	008436ec 	taddeq	r3, r4, ip, ror #13
    de48:	0000d70d 	tandeq	sp, r0, sp, lsl #14
    de4c:	008436f0 	undefined instruction 0x008436f0
    de50:	0000d009 	tandeq	sp, r0, r9

0000de54 <bls_smp_get_paring_statas>:
bls_smp_get_paring_statas():
    de54:	0b01      	tloadr	r3, [pc, #4]	; (de5c <bls_smp_get_paring_statas+0x8>)
    de56:	4818      	tloadrb	r0, [r3, #0]
    de58:	0770      	tjex	lr
    de5a:	46c0      	tnop			; (mov r8, r8)
    de5c:	008437bc 	undefined instruction 0x008437bc

0000de60 <blc_smp_param_getCurrentBondingDeviceNumber>:
blc_smp_param_getCurrentBondingDeviceNumber():
    de60:	0b01      	tloadr	r3, [pc, #4]	; (de68 <blc_smp_param_getCurrentBondingDeviceNumber+0x8>)
    de62:	4ad8      	tloadrb	r0, [r3, #11]
    de64:	0770      	tjex	lr
    de66:	46c0      	tnop			; (mov r8, r8)
    de68:	008437b4 	undefined instruction 0x008437b4

0000de6c <bls_smp_configParingSecurityInfoStorageAddr>:
bls_smp_configParingSecurityInfoStorageAddr():
    de6c:	0b01      	tloadr	r3, [pc, #4]	; (de74 <bls_smp_configParingSecurityInfoStorageAddr+0x8>)
    de6e:	5258      	tstorer	r0, [r3, #36]	; 0x24
    de70:	0770      	tjex	lr
    de72:	46c0      	tnop			; (mov r8, r8)
    de74:	008437b4 	undefined instruction 0x008437b4

0000de78 <smp_erase_flash_sector>:
smp_erase_flash_sector():
    de78:	65f0      	tpush	{r4, r5, r6, r7, lr}
    de7a:	065f      	tmov	r7, fp
    de7c:	0656      	tmov	r6, sl
    de7e:	064d      	tmov	r5, r9
    de80:	0644      	tmov	r4, r8
    de82:	64f0      	tpush	{r4, r5, r6, r7}
    de84:	6083      	tsub	sp, #12
    de86:	ec06      	tadds	r6, r0, #0
    de88:	7f02      	tadd	r7, sp, #8
    de8a:	a380      	tmovs	r3, #128	; 0x80
    de8c:	f11b      	tshftls	r3, r3, #4
    de8e:	e81b      	tadds	r3, r3, r0
    de90:	0698      	tmov	r8, r3
    de92:	7b01      	tadd	r3, sp, #4
    de94:	069a      	tmov	sl, r3
    de96:	0b18      	tloadr	r3, [pc, #96]	; (def8 <smp_erase_flash_sector+0x80>)
    de98:	e81b      	tadds	r3, r3, r0
    de9a:	0699      	tmov	r9, r3
    de9c:	06eb      	tmov	fp, sp
    de9e:	a503      	tmovs	r5, #3
    dea0:	0c16      	tloadr	r4, [pc, #88]	; (defc <smp_erase_flash_sector+0x84>)
    dea2:	ec30      	tadds	r0, r6, #0
    dea4:	97fa 9c90 	tjl	87c8 <flash_erase_sector>
    dea8:	5823      	tloadr	r3, [r4, #0]
    deaa:	ec30      	tadds	r0, r6, #0
    deac:	a104      	tmovs	r1, #4
    deae:	ec3a      	tadds	r2, r7, #0
    deb0:	9000 9826 	tjl	df00 <smp_erase_flash_sector+0x88>
    deb4:	5823      	tloadr	r3, [r4, #0]
    deb6:	0640      	tmov	r0, r8
    deb8:	a104      	tmovs	r1, #4
    deba:	0652      	tmov	r2, sl
    debc:	9000 9820 	tjl	df00 <smp_erase_flash_sector+0x88>
    dec0:	5823      	tloadr	r3, [r4, #0]
    dec2:	0648      	tmov	r0, r9
    dec4:	a104      	tmovs	r1, #4
    dec6:	065a      	tmov	r2, fp
    dec8:	9000 981a 	tjl	df00 <smp_erase_flash_sector+0x88>
    decc:	3b02      	tloadr	r3, [sp, #8]
    dece:	b301      	tadds	r3, #1
    ded0:	c00a      	tjeq.n	dee8 <smp_erase_flash_sector+0x70>
    ded2:	bd01      	tsubs	r5, #1
    ded4:	ad00      	tcmp	r5, #0
    ded6:	c1e4      	tjne.n	dea2 <smp_erase_flash_sector+0x2a>
    ded8:	a000      	tmovs	r0, #0
    deda:	6003      	tadd	sp, #12
    dedc:	6c3c      	tpop	{r2, r3, r4, r5}
    dede:	0690      	tmov	r8, r2
    dee0:	0699      	tmov	r9, r3
    dee2:	06a2      	tmov	sl, r4
    dee4:	06ab      	tmov	fp, r5
    dee6:	6df0      	tpop	{r4, r5, r6, r7, pc}
    dee8:	3b01      	tloadr	r3, [sp, #4]
    deea:	b301      	tadds	r3, #1
    deec:	c1f1      	tjne.n	ded2 <smp_erase_flash_sector+0x5a>
    deee:	3b00      	tloadr	r3, [sp, #0]
    def0:	b301      	tadds	r3, #1
    def2:	c1ee      	tjne.n	ded2 <smp_erase_flash_sector+0x5a>
    def4:	a001      	tmovs	r0, #1
    def6:	87f0      	tj.n	deda <smp_erase_flash_sector+0x62>
    def8:	00000ffc 	undefined instruction 0x00000ffc
    defc:	00843134 	taddeq	r3, r4, r4, lsr r1
    df00:	0718      	tjex	r3
    df02:	46c0      	tnop			; (mov r8, r8)

0000df04 <smp_write_flash_page>:
smp_write_flash_page():
    df04:	65f0      	tpush	{r4, r5, r6, r7, lr}
    df06:	065f      	tmov	r7, fp
    df08:	0656      	tmov	r6, sl
    df0a:	064d      	tmov	r5, r9
    df0c:	0644      	tmov	r4, r8
    df0e:	64f0      	tpush	{r4, r5, r6, r7}
    df10:	6090      	tsub	sp, #64	; 0x40
    df12:	0682      	tmov	sl, r0
    df14:	ec0f      	tadds	r7, r1, #0
    df16:	0691      	tmov	r9, r2
    df18:	a203      	tmovs	r2, #3
    df1a:	0690      	tmov	r8, r2
    df1c:	0e19      	tloadr	r6, [pc, #100]	; (df84 <smp_write_flash_page+0x80>)
    df1e:	0d1a      	tloadr	r5, [pc, #104]	; (df88 <smp_write_flash_page+0x84>)
    df20:	0c1a      	tloadr	r4, [pc, #104]	; (df8c <smp_write_flash_page+0x88>)
    df22:	5833      	tloadr	r3, [r6, #0]
    df24:	0a1a      	tloadr	r2, [pc, #104]	; (df90 <smp_write_flash_page+0x8c>)
    df26:	0293      	tcmp	r3, r2
    df28:	c020      	tjeq.n	df6c <smp_write_flash_page+0x68>
    df2a:	582b      	tloadr	r3, [r5, #0]
    df2c:	0650      	tmov	r0, sl
    df2e:	ec39      	tadds	r1, r7, #0
    df30:	064a      	tmov	r2, r9
    df32:	9000 982f 	tjl	df94 <smp_write_flash_page+0x90>
    df36:	5823      	tloadr	r3, [r4, #0]
    df38:	0650      	tmov	r0, sl
    df3a:	ec39      	tadds	r1, r7, #0
    df3c:	066a      	tmov	r2, sp
    df3e:	9000 9829 	tjl	df94 <smp_write_flash_page+0x90>
    df42:	0648      	tmov	r0, r9
    df44:	0669      	tmov	r1, sp
    df46:	ec3a      	tadds	r2, r7, #0
    df48:	97fa 9cc2 	tjl	88d0 <memcmp>
    df4c:	a800      	tcmp	r0, #0
    df4e:	c016      	tjeq.n	df7e <smp_write_flash_page+0x7a>
    df50:	a301      	tmovs	r3, #1
    df52:	025b      	tnegs	r3, r3
    df54:	0498      	tadd	r8, r3
    df56:	a200      	tmovs	r2, #0
    df58:	0590      	tcmp	r8, r2
    df5a:	c1e2      	tjne.n	df22 <smp_write_flash_page+0x1e>
    df5c:	a001      	tmovs	r0, #1
    df5e:	6010      	tadd	sp, #64	; 0x40
    df60:	6c3c      	tpop	{r2, r3, r4, r5}
    df62:	0690      	tmov	r8, r2
    df64:	0699      	tmov	r9, r3
    df66:	06a2      	tmov	sl, r4
    df68:	06ab      	tmov	fp, r5
    df6a:	6df0      	tpop	{r4, r5, r6, r7, pc}
    df6c:	97fb 9b20 	tjl	95b0 <blc_ll_isBrxBusy>
    df70:	a800      	tcmp	r0, #0
    df72:	c0da      	tjeq.n	df2a <smp_write_flash_page+0x26>
    df74:	97fb 9b1c 	tjl	95b0 <blc_ll_isBrxBusy>
    df78:	a800      	tcmp	r0, #0
    df7a:	c1f7      	tjne.n	df6c <smp_write_flash_page+0x68>
    df7c:	87d5      	tj.n	df2a <smp_write_flash_page+0x26>
    df7e:	a000      	tmovs	r0, #0
    df80:	87ed      	tj.n	df5e <smp_write_flash_page+0x5a>
    df82:	46c0      	tnop			; (mov r8, r8)
    df84:	00843140 	taddeq	r3, r4, r0, asr #2
    df88:	0084313c 	taddeq	r3, r4, ip, lsr r1
    df8c:	00843134 	taddeq	r3, r4, r4, lsr r1
    df90:	0100325e 	tnandeq	r0, lr, asr r2
    df94:	0718      	tjex	r3
    df96:	46c0      	tnop			; (mov r8, r8)

0000df98 <bls_smp_param_Cleanflash>:
bls_smp_param_Cleanflash():
    df98:	65f0      	tpush	{r4, r5, r6, r7, lr}
    df9a:	0647      	tmov	r7, r8
    df9c:	6480      	tpush	{r7}
    df9e:	6091      	tsub	sp, #68	; 0x44
    dfa0:	0d2c      	tloadr	r5, [pc, #176]	; (e054 <bls_smp_param_Cleanflash+0xbc>)
    dfa2:	5aea      	tloadr	r2, [r5, #44]	; 0x2c
    dfa4:	0b2c      	tloadr	r3, [pc, #176]	; (e058 <bls_smp_param_Cleanflash+0xc0>)
    dfa6:	029a      	tcmp	r2, r3
    dfa8:	cd1f      	tjle.n	dfea <bls_smp_param_Cleanflash+0x52>
    dfaa:	0668      	tmov	r0, sp
    dfac:	a100      	tmovs	r1, #0
    dfae:	a240      	tmovs	r2, #64	; 0x40
    dfb0:	97fa 9cc0 	tjl	8934 <memset>
    dfb4:	5b2f      	tloadr	r7, [r5, #48]	; 0x30
    dfb6:	4aeb      	tloadrb	r3, [r5, #11]
    dfb8:	ab00      	tcmp	r3, #0
    dfba:	c01c      	tjeq.n	dff6 <bls_smp_param_Cleanflash+0x5e>
    dfbc:	a400      	tmovs	r4, #0
    dfbe:	0e27      	tloadr	r6, [pc, #156]	; (e05c <bls_smp_param_Cleanflash+0xc4>)
    dfc0:	8003      	tj.n	dfca <bls_smp_param_Cleanflash+0x32>
    dfc2:	4aeb      	tloadrb	r3, [r5, #11]
    dfc4:	02a3      	tcmp	r3, r4
    dfc6:	cd14      	tjle.n	dff2 <bls_smp_param_Cleanflash+0x5a>
    dfc8:	b740      	tadds	r7, #64	; 0x40
    dfca:	b401      	tadds	r4, #1
    dfcc:	f0a3      	tshftls	r3, r4, #2
    dfce:	e8eb      	tadds	r3, r5, r3
    dfd0:	5898      	tloadr	r0, [r3, #8]
    dfd2:	5833      	tloadr	r3, [r6, #0]
    dfd4:	a140      	tmovs	r1, #64	; 0x40
    dfd6:	066a      	tmov	r2, sp
    dfd8:	9000 9842 	tjl	e060 <bls_smp_param_Cleanflash+0xc8>
    dfdc:	ec38      	tadds	r0, r7, #0
    dfde:	a140      	tmovs	r1, #64	; 0x40
    dfe0:	066a      	tmov	r2, sp
    dfe2:	97ff 9f8f 	tjl	df04 <smp_write_flash_page>
    dfe6:	a801      	tcmp	r0, #1
    dfe8:	c1eb      	tjne.n	dfc2 <bls_smp_param_Cleanflash+0x2a>
    dfea:	6011      	tadd	sp, #68	; 0x44
    dfec:	6c04      	tpop	{r2}
    dfee:	0690      	tmov	r8, r2
    dff0:	6df0      	tpop	{r4, r5, r6, r7, pc}
    dff2:	a800      	tcmp	r0, #0
    dff4:	c1f9      	tjne.n	dfea <bls_smp_param_Cleanflash+0x52>
    dff6:	066c      	tmov	r4, sp
    dff8:	b443      	tadds	r4, #67	; 0x43
    dffa:	a33c      	tmovs	r3, #60	; 0x3c
    dffc:	4023      	tstorerb	r3, [r4, #0]
    dffe:	5b28      	tloadr	r0, [r5, #48]	; 0x30
    e000:	a3ff      	tmovs	r3, #255	; 0xff
    e002:	f11b      	tshftls	r3, r3, #4
    e004:	e8c0      	tadds	r0, r0, r3
    e006:	a101      	tmovs	r1, #1
    e008:	ec22      	tadds	r2, r4, #0
    e00a:	97ff 9f7b 	tjl	df04 <smp_write_flash_page>
    e00e:	a300      	tmovs	r3, #0
    e010:	4023      	tstorerb	r3, [r4, #0]
    e012:	5aa8      	tloadr	r0, [r5, #40]	; 0x28
    e014:	a3ff      	tmovs	r3, #255	; 0xff
    e016:	f11b      	tshftls	r3, r3, #4
    e018:	e8c0      	tadds	r0, r0, r3
    e01a:	a101      	tmovs	r1, #1
    e01c:	ec22      	tadds	r2, r4, #0
    e01e:	97ff 9f71 	tjl	df04 <smp_write_flash_page>
    e022:	5aa8      	tloadr	r0, [r5, #40]	; 0x28
    e024:	97ff 9f28 	tjl	de78 <smp_erase_flash_sector>
    e028:	5b2b      	tloadr	r3, [r5, #48]	; 0x30
    e02a:	5aaa      	tloadr	r2, [r5, #40]	; 0x28
    e02c:	532a      	tstorer	r2, [r5, #48]	; 0x30
    e02e:	52ab      	tstorer	r3, [r5, #40]	; 0x28
    e030:	a240      	tmovs	r2, #64	; 0x40
    e032:	0252      	tnegs	r2, r2
    e034:	52ea      	tstorer	r2, [r5, #44]	; 0x2c
    e036:	4ae8      	tloadrb	r0, [r5, #11]
    e038:	a800      	tcmp	r0, #0
    e03a:	c0d6      	tjeq.n	dfea <bls_smp_param_Cleanflash+0x52>
    e03c:	a200      	tmovs	r2, #0
    e03e:	b201      	tadds	r2, #1
    e040:	f091      	tshftls	r1, r2, #2
    e042:	e869      	tadds	r1, r5, r1
    e044:	508b      	tstorer	r3, [r1, #8]
    e046:	b340      	tadds	r3, #64	; 0x40
    e048:	0290      	tcmp	r0, r2
    e04a:	ccf8      	tjgt.n	e03e <bls_smp_param_Cleanflash+0xa6>
    e04c:	f180      	tshftls	r0, r0, #6
    e04e:	b840      	tsubs	r0, #64	; 0x40
    e050:	52e8      	tstorer	r0, [r5, #44]	; 0x2c
    e052:	87ca      	tj.n	dfea <bls_smp_param_Cleanflash+0x52>
    e054:	008437b4 	undefined instruction 0x008437b4
    e058:	00000bff 	undefined instruction 0x00000bff
    e05c:	00843134 	taddeq	r3, r4, r4, lsr r1
    e060:	0718      	tjex	r3
    e062:	46c0      	tnop			; (mov r8, r8)

0000e064 <bls_smp_param_initFromFlash>:
bls_smp_param_initFromFlash():
    e064:	65f0      	tpush	{r4, r5, r6, r7, lr}
    e066:	065f      	tmov	r7, fp
    e068:	0656      	tmov	r6, sl
    e06a:	064d      	tmov	r5, r9
    e06c:	0644      	tmov	r4, r8
    e06e:	64f0      	tpush	{r4, r5, r6, r7}
    e070:	6081      	tsub	sp, #4
    e072:	0c35      	tloadr	r4, [pc, #212]	; (e148 <bls_smp_param_initFromFlash+0xe4>)
    e074:	5a60      	tloadr	r0, [r4, #36]	; 0x24
    e076:	a3ff      	tmovs	r3, #255	; 0xff
    e078:	f11b      	tshftls	r3, r3, #4
    e07a:	1cc3      	tloadrb	r3, [r0, r3]
    e07c:	0a33      	tloadr	r2, [pc, #204]	; (e14c <bls_smp_param_initFromFlash+0xe8>)
    e07e:	1c82      	tloadrb	r2, [r0, r2]
    e080:	aaff      	tcmp	r2, #255	; 0xff
    e082:	c047      	tjeq.n	e114 <bls_smp_param_initFromFlash+0xb0>
    e084:	ab3c      	tcmp	r3, #60	; 0x3c
    e086:	c057      	tjeq.n	e138 <bls_smp_param_initFromFlash+0xd4>
    e088:	a180      	tmovs	r1, #128	; 0x80
    e08a:	f149      	tshftls	r1, r1, #5
    e08c:	e842      	tadds	r2, r0, r1
    e08e:	52a2      	tstorer	r2, [r4, #40]	; 0x28
    e090:	5320      	tstorer	r0, [r4, #48]	; 0x30
    e092:	5801      	tloadr	r1, [r0, #0]
    e094:	b101      	tadds	r1, #1
    e096:	c13a      	tjne.n	e10e <bls_smp_param_initFromFlash+0xaa>
    e098:	abff      	tcmp	r3, #255	; 0xff
    e09a:	c138      	tjne.n	e10e <bls_smp_param_initFromFlash+0xaa>
    e09c:	a300      	tmovs	r3, #0
    e09e:	52e3      	tstorer	r3, [r4, #44]	; 0x2c
    e0a0:	5aa7      	tloadr	r7, [r4, #40]	; 0x28
    e0a2:	48e6      	tloadrb	r6, [r4, #3]
    e0a4:	4925      	tloadrb	r5, [r4, #4]
    e0a6:	0b2a      	tloadr	r3, [pc, #168]	; (e150 <bls_smp_param_initFromFlash+0xec>)
    e0a8:	485b      	tloadrb	r3, [r3, #1]
    e0aa:	069a      	tmov	sl, r3
    e0ac:	a300      	tmovs	r3, #0
    e0ae:	06a0      	tmov	r8, r4
    e0b0:	0a28      	tloadr	r2, [pc, #160]	; (e154 <bls_smp_param_initFromFlash+0xf0>)
    e0b2:	0694      	tmov	ip, r2
    e0b4:	8006      	tj.n	e0c4 <bls_smp_param_initFromFlash+0x60>
    e0b6:	aaff      	tcmp	r2, #255	; 0xff
    e0b8:	c01e      	tjeq.n	e0f8 <bls_smp_param_initFromFlash+0x94>
    e0ba:	5ae3      	tloadr	r3, [r4, #44]	; 0x2c
    e0bc:	b340      	tadds	r3, #64	; 0x40
    e0be:	52e3      	tstorer	r3, [r4, #44]	; 0x2c
    e0c0:	0563      	tcmp	r3, ip
    e0c2:	cc19      	tjgt.n	e0f8 <bls_smp_param_initFromFlash+0x94>
    e0c4:	e9d9      	tadds	r1, r3, r7
    e0c6:	480a      	tloadrb	r2, [r1, #0]
    e0c8:	ec30      	tadds	r0, r6, #0
    e0ca:	0010      	tands	r0, r2
    e0cc:	02a8      	tcmp	r0, r5
    e0ce:	c1f2      	tjne.n	e0b6 <bls_smp_param_initFromFlash+0x52>
    e0d0:	4ae3      	tloadrb	r3, [r4, #11]
    e0d2:	0553      	tcmp	r3, sl
    e0d4:	c2f1      	tjcs.n	e0ba <bls_smp_param_initFromFlash+0x56>
    e0d6:	ec58      	tadds	r0, r3, #1
    e0d8:	0683      	tmov	fp, r0
    e0da:	f080      	tshftls	r0, r0, #2
    e0dc:	0681      	tmov	r9, r0
    e0de:	04c1      	tadd	r9, r8
    e0e0:	0648      	tmov	r0, r9
    e0e2:	5081      	tstorer	r1, [r0, #8]
    e0e4:	0443      	tadd	r3, r8
    e0e6:	471a      	tstorerb	r2, [r3, #28]
    e0e8:	065a      	tmov	r2, fp
    e0ea:	0641      	tmov	r1, r8
    e0ec:	42ca      	tstorerb	r2, [r1, #11]
    e0ee:	5ae3      	tloadr	r3, [r4, #44]	; 0x2c
    e0f0:	b340      	tadds	r3, #64	; 0x40
    e0f2:	52e3      	tstorer	r3, [r4, #44]	; 0x2c
    e0f4:	0563      	tcmp	r3, ip
    e0f6:	cde5      	tjle.n	e0c4 <bls_smp_param_initFromFlash+0x60>
    e0f8:	bb40      	tsubs	r3, #64	; 0x40
    e0fa:	52e3      	tstorer	r3, [r4, #44]	; 0x2c
    e0fc:	97ff 9f4c 	tjl	df98 <bls_smp_param_Cleanflash>
    e100:	6001      	tadd	sp, #4
    e102:	6c3c      	tpop	{r2, r3, r4, r5}
    e104:	0690      	tmov	r8, r2
    e106:	0699      	tmov	r9, r3
    e108:	06a2      	tmov	sl, r4
    e10a:	06ab      	tmov	fp, r5
    e10c:	6df0      	tpop	{r4, r5, r6, r7, pc}
    e10e:	97ff 9eb3 	tjl	de78 <smp_erase_flash_sector>
    e112:	87c3      	tj.n	e09c <bls_smp_param_initFromFlash+0x38>
    e114:	abff      	tcmp	r3, #255	; 0xff
    e116:	c1b5      	tjne.n	e084 <bls_smp_param_initFromFlash+0x20>
    e118:	52a0      	tstorer	r0, [r4, #40]	; 0x28
    e11a:	a180      	tmovs	r1, #128	; 0x80
    e11c:	f149      	tshftls	r1, r1, #5
    e11e:	e843      	tadds	r3, r0, r1
    e120:	5323      	tstorer	r3, [r4, #48]	; 0x30
    e122:	066a      	tmov	r2, sp
    e124:	b203      	tadds	r2, #3
    e126:	a33c      	tmovs	r3, #60	; 0x3c
    e128:	4013      	tstorerb	r3, [r2, #0]
    e12a:	a3ff      	tmovs	r3, #255	; 0xff
    e12c:	f11b      	tshftls	r3, r3, #4
    e12e:	e8c0      	tadds	r0, r0, r3
    e130:	a101      	tmovs	r1, #1
    e132:	97ff 9ee7 	tjl	df04 <smp_write_flash_page>
    e136:	87b1      	tj.n	e09c <bls_smp_param_initFromFlash+0x38>
    e138:	52a0      	tstorer	r0, [r4, #40]	; 0x28
    e13a:	a180      	tmovs	r1, #128	; 0x80
    e13c:	f149      	tshftls	r1, r1, #5
    e13e:	e840      	tadds	r0, r0, r1
    e140:	5320      	tstorer	r0, [r4, #48]	; 0x30
    e142:	ec13      	tadds	r3, r2, #0
    e144:	87a5      	tj.n	e092 <bls_smp_param_initFromFlash+0x2e>
    e146:	46c0      	tnop			; (mov r8, r8)
    e148:	008437b4 	undefined instruction 0x008437b4
    e14c:	00001ff0 	undefined instruction 0x00001ff0
    e150:	0084367c 	taddeq	r3, r4, ip, ror r6
    e154:	00000fef 	tandeq	r0, r0, pc, ror #31

0000e158 <bls_smp_searchBondingDevice_in_Flash_by_Address>:
bls_smp_searchBondingDevice_in_Flash_by_Address():
    e158:	65f0      	tpush	{r4, r5, r6, r7, lr}
    e15a:	065f      	tmov	r7, fp
    e15c:	0656      	tmov	r6, sl
    e15e:	064d      	tmov	r5, r9
    e160:	0644      	tmov	r4, r8
    e162:	64f0      	tpush	{r4, r5, r6, r7}
    e164:	6094      	tsub	sp, #80	; 0x50
    e166:	068b      	tmov	fp, r1
    e168:	f600      	tshftls	r0, r0, #24
    e16a:	fe00      	tshftrs	r0, r0, #24
    e16c:	0682      	tmov	sl, r0
    e16e:	0c28      	tloadr	r4, [pc, #160]	; (e210 <bls_smp_searchBondingDevice_in_Flash_by_Address+0xb8>)
    e170:	4ae3      	tloadrb	r3, [r4, #11]
    e172:	a700      	tmovs	r7, #0
    e174:	ab00      	tcmp	r3, #0
    e176:	c031      	tjeq.n	e1dc <bls_smp_searchBondingDevice_in_Flash_by_Address+0x84>
    e178:	a500      	tmovs	r5, #0
    e17a:	0e26      	tloadr	r6, [pc, #152]	; (e214 <bls_smp_searchBondingDevice_in_Flash_by_Address+0xbc>)
    e17c:	06e8      	tmov	r8, sp
    e17e:	a307      	tmovs	r3, #7
    e180:	0699      	tmov	r9, r3
    e182:	8009      	tj.n	e198 <bls_smp_searchBondingDevice_in_Flash_by_Address+0x40>
    e184:	0643      	tmov	r3, r8
    e186:	481a      	tloadrb	r2, [r3, #0]
    e188:	064b      	tmov	r3, r9
    e18a:	001a      	tands	r2, r3
    e18c:	48a3      	tloadrb	r3, [r4, #2]
    e18e:	029a      	tcmp	r2, r3
    e190:	c009      	tjeq.n	e1a6 <bls_smp_searchBondingDevice_in_Flash_by_Address+0x4e>
    e192:	4ae3      	tloadrb	r3, [r4, #11]
    e194:	02ab      	tcmp	r3, r5
    e196:	cd29      	tjle.n	e1ec <bls_smp_searchBondingDevice_in_Flash_by_Address+0x94>
    e198:	b501      	tadds	r5, #1
    e19a:	f0ab      	tshftls	r3, r5, #2
    e19c:	e8e3      	tadds	r3, r4, r3
    e19e:	589f      	tloadr	r7, [r3, #8]
    e1a0:	4823      	tloadrb	r3, [r4, #0]
    e1a2:	ab00      	tcmp	r3, #0
    e1a4:	c1ee      	tjne.n	e184 <bls_smp_searchBondingDevice_in_Flash_by_Address+0x2c>
    e1a6:	a201      	tmovs	r2, #1
    e1a8:	0592      	tcmp	sl, r2
    e1aa:	c105      	tjne.n	e1b8 <bls_smp_searchBondingDevice_in_Flash_by_Address+0x60>
    e1ac:	065a      	tmov	r2, fp
    e1ae:	4953      	tloadrb	r3, [r2, #5]
    e1b0:	a2c0      	tmovs	r2, #192	; 0xc0
    e1b2:	0013      	tands	r3, r2
    e1b4:	ab40      	tcmp	r3, #64	; 0x40
    e1b6:	c01b      	tjeq.n	e1f0 <bls_smp_searchBondingDevice_in_Flash_by_Address+0x98>
    e1b8:	5833      	tloadr	r3, [r6, #0]
    e1ba:	ec38      	tadds	r0, r7, #0
    e1bc:	a108      	tmovs	r1, #8
    e1be:	066a      	tmov	r2, sp
    e1c0:	9000 982a 	tjl	e218 <bls_smp_searchBondingDevice_in_Flash_by_Address+0xc0>
    e1c4:	0642      	tmov	r2, r8
    e1c6:	4853      	tloadrb	r3, [r2, #1]
    e1c8:	0553      	tcmp	r3, sl
    e1ca:	c1e2      	tjne.n	e192 <bls_smp_searchBondingDevice_in_Flash_by_Address+0x3a>
    e1cc:	0658      	tmov	r0, fp
    e1ce:	0669      	tmov	r1, sp
    e1d0:	b102      	tadds	r1, #2
    e1d2:	a206      	tmovs	r2, #6
    e1d4:	97fa 9b7c 	tjl	88d0 <memcmp>
    e1d8:	a800      	tcmp	r0, #0
    e1da:	c1da      	tjne.n	e192 <bls_smp_searchBondingDevice_in_Flash_by_Address+0x3a>
    e1dc:	ec38      	tadds	r0, r7, #0
    e1de:	6014      	tadd	sp, #80	; 0x50
    e1e0:	6c3c      	tpop	{r2, r3, r4, r5}
    e1e2:	0690      	tmov	r8, r2
    e1e4:	0699      	tmov	r9, r3
    e1e6:	06a2      	tmov	sl, r4
    e1e8:	06ab      	tmov	fp, r5
    e1ea:	6df0      	tpop	{r4, r5, r6, r7, pc}
    e1ec:	a700      	tmovs	r7, #0
    e1ee:	87f5      	tj.n	e1dc <bls_smp_searchBondingDevice_in_Flash_by_Address+0x84>
    e1f0:	ec38      	tadds	r0, r7, #0
    e1f2:	b020      	tadds	r0, #32
    e1f4:	0a07      	tloadr	r2, [pc, #28]	; (e214 <bls_smp_searchBondingDevice_in_Flash_by_Address+0xbc>)
    e1f6:	5813      	tloadr	r3, [r2, #0]
    e1f8:	a110      	tmovs	r1, #16
    e1fa:	7a10      	tadd	r2, sp, #64	; 0x40
    e1fc:	9000 980c 	tjl	e218 <bls_smp_searchBondingDevice_in_Flash_by_Address+0xc0>
    e200:	7810      	tadd	r0, sp, #64	; 0x40
    e202:	0659      	tmov	r1, fp
    e204:	97f4 9c96 	tjl	2b34 <smp_quickResolvPrivateAddr>
    e208:	a800      	tcmp	r0, #0
    e20a:	c1e7      	tjne.n	e1dc <bls_smp_searchBondingDevice_in_Flash_by_Address+0x84>
    e20c:	87c1      	tj.n	e192 <bls_smp_searchBondingDevice_in_Flash_by_Address+0x3a>
    e20e:	46c0      	tnop			; (mov r8, r8)
    e210:	008437b4 	undefined instruction 0x008437b4
    e214:	00843134 	taddeq	r3, r4, r4, lsr r1
    e218:	0718      	tjex	r3
    e21a:	46c0      	tnop			; (mov r8, r8)

0000e21c <bls_smp_param_loadByIndex>:
bls_smp_param_loadByIndex():
    e21c:	6570      	tpush	{r4, r5, r6, lr}
    e21e:	6090      	tsub	sp, #64	; 0x40
    e220:	ec0d      	tadds	r5, r1, #0
    e222:	f600      	tshftls	r0, r0, #24
    e224:	fe00      	tshftrs	r0, r0, #24
    e226:	0b0c      	tloadr	r3, [pc, #48]	; (e258 <bls_smp_param_loadByIndex+0x3c>)
    e228:	4ada      	tloadrb	r2, [r3, #11]
    e22a:	a400      	tmovs	r4, #0
    e22c:	0282      	tcmp	r2, r0
    e22e:	c90f      	tjls.n	e250 <bls_smp_param_loadByIndex+0x34>
    e230:	b001      	tadds	r0, #1
    e232:	f080      	tshftls	r0, r0, #2
    e234:	e81b      	tadds	r3, r3, r0
    e236:	589c      	tloadr	r4, [r3, #8]
    e238:	0b08      	tloadr	r3, [pc, #32]	; (e25c <bls_smp_param_loadByIndex+0x40>)
    e23a:	581b      	tloadr	r3, [r3, #0]
    e23c:	ec20      	tadds	r0, r4, #0
    e23e:	a140      	tmovs	r1, #64	; 0x40
    e240:	066a      	tmov	r2, sp
    e242:	9000 980d 	tjl	e260 <bls_smp_param_loadByIndex+0x44>
    e246:	ec28      	tadds	r0, r5, #0
    e248:	0669      	tmov	r1, sp
    e24a:	a240      	tmovs	r2, #64	; 0x40
    e24c:	97fa 9b7c 	tjl	8948 <memcpy>
    e250:	ec20      	tadds	r0, r4, #0
    e252:	6010      	tadd	sp, #64	; 0x40
    e254:	6d70      	tpop	{r4, r5, r6, pc}
    e256:	46c0      	tnop			; (mov r8, r8)
    e258:	008437b4 	undefined instruction 0x008437b4
    e25c:	00843134 	taddeq	r3, r4, r4, lsr r1
    e260:	0718      	tjex	r3
    e262:	46c0      	tnop			; (mov r8, r8)

0000e264 <bls_smp_param_getBondFlag_by_flashAddress>:
bls_smp_param_getBondFlag_by_flashAddress():
    e264:	6530      	tpush	{r4, r5, lr}
    e266:	090d      	tloadr	r1, [pc, #52]	; (e29c <bls_smp_param_getBondFlag_by_flashAddress+0x38>)
    e268:	4acc      	tloadrb	r4, [r1, #11]
    e26a:	a3ff      	tmovs	r3, #255	; 0xff
    e26c:	ac00      	tcmp	r4, #0
    e26e:	c00e      	tjeq.n	e28e <bls_smp_param_getBondFlag_by_flashAddress+0x2a>
    e270:	58cb      	tloadr	r3, [r1, #12]
    e272:	0283      	tcmp	r3, r0
    e274:	c00d      	tjeq.n	e292 <bls_smp_param_getBondFlag_by_flashAddress+0x2e>
    e276:	a301      	tmovs	r3, #1
    e278:	8005      	tj.n	e286 <bls_smp_param_getBondFlag_by_flashAddress+0x22>
    e27a:	b301      	tadds	r3, #1
    e27c:	f09a      	tshftls	r2, r3, #2
    e27e:	e88a      	tadds	r2, r1, r2
    e280:	5892      	tloadr	r2, [r2, #8]
    e282:	0282      	tcmp	r2, r0
    e284:	c006      	tjeq.n	e294 <bls_smp_param_getBondFlag_by_flashAddress+0x30>
    e286:	ec1d      	tadds	r5, r3, #0
    e288:	02a3      	tcmp	r3, r4
    e28a:	cbf6      	tjlt.n	e27a <bls_smp_param_getBondFlag_by_flashAddress+0x16>
    e28c:	a3ff      	tmovs	r3, #255	; 0xff
    e28e:	ec18      	tadds	r0, r3, #0
    e290:	6d30      	tpop	{r4, r5, pc}
    e292:	a500      	tmovs	r5, #0
    e294:	e949      	tadds	r1, r1, r5
    e296:	4f0b      	tloadrb	r3, [r1, #28]
    e298:	87f9      	tj.n	e28e <bls_smp_param_getBondFlag_by_flashAddress+0x2a>
    e29a:	46c0      	tnop			; (mov r8, r8)
    e29c:	008437b4 	undefined instruction 0x008437b4

0000e2a0 <bls_smp_param_getIndexByFLashAddr>:
bls_smp_param_getIndexByFLashAddr():
    e2a0:	6530      	tpush	{r4, r5, lr}
    e2a2:	090d      	tloadr	r1, [pc, #52]	; (e2d8 <bls_smp_param_getIndexByFLashAddr+0x38>)
    e2a4:	4acc      	tloadrb	r4, [r1, #11]
    e2a6:	a5ff      	tmovs	r5, #255	; 0xff
    e2a8:	ac00      	tcmp	r4, #0
    e2aa:	c00f      	tjeq.n	e2cc <bls_smp_param_getIndexByFLashAddr+0x2c>
    e2ac:	58cb      	tloadr	r3, [r1, #12]
    e2ae:	a500      	tmovs	r5, #0
    e2b0:	0283      	tcmp	r3, r0
    e2b2:	c00b      	tjeq.n	e2cc <bls_smp_param_getIndexByFLashAddr+0x2c>
    e2b4:	a301      	tmovs	r3, #1
    e2b6:	8005      	tj.n	e2c4 <bls_smp_param_getIndexByFLashAddr+0x24>
    e2b8:	b301      	tadds	r3, #1
    e2ba:	f09a      	tshftls	r2, r3, #2
    e2bc:	e88a      	tadds	r2, r1, r2
    e2be:	5892      	tloadr	r2, [r2, #8]
    e2c0:	0282      	tcmp	r2, r0
    e2c2:	c005      	tjeq.n	e2d0 <bls_smp_param_getIndexByFLashAddr+0x30>
    e2c4:	ec1d      	tadds	r5, r3, #0
    e2c6:	02a3      	tcmp	r3, r4
    e2c8:	cbf6      	tjlt.n	e2b8 <bls_smp_param_getIndexByFLashAddr+0x18>
    e2ca:	a5ff      	tmovs	r5, #255	; 0xff
    e2cc:	ec28      	tadds	r0, r5, #0
    e2ce:	6d30      	tpop	{r4, r5, pc}
    e2d0:	f62d      	tshftls	r5, r5, #24
    e2d2:	fe2d      	tshftrs	r5, r5, #24
    e2d4:	87fa      	tj.n	e2cc <bls_smp_param_getIndexByFLashAddr+0x2c>
    e2d6:	46c0      	tnop			; (mov r8, r8)
    e2d8:	008437b4 	undefined instruction 0x008437b4

0000e2dc <bls_smp_param_deleteByIndex>:
bls_smp_param_deleteByIndex():
    e2dc:	65f0      	tpush	{r4, r5, r6, r7, lr}
    e2de:	6081      	tsub	sp, #4
    e2e0:	f606      	tshftls	r6, r0, #24
    e2e2:	fe36      	tshftrs	r6, r6, #24
    e2e4:	0d13      	tloadr	r5, [pc, #76]	; (e334 <bls_smp_param_deleteByIndex+0x58>)
    e2e6:	ec74      	tadds	r4, r6, #1
    e2e8:	f0a3      	tshftls	r3, r4, #2
    e2ea:	e8eb      	tadds	r3, r5, r3
    e2ec:	589f      	tloadr	r7, [r3, #8]
    e2ee:	4aeb      	tloadrb	r3, [r5, #11]
    e2f0:	a000      	tmovs	r0, #0
    e2f2:	02b3      	tcmp	r3, r6
    e2f4:	c801      	tjhi.n	e2fa <bls_smp_param_deleteByIndex+0x1e>
    e2f6:	6001      	tadd	sp, #4
    e2f8:	6df0      	tpop	{r4, r5, r6, r7, pc}
    e2fa:	066a      	tmov	r2, sp
    e2fc:	b203      	tadds	r2, #3
    e2fe:	4010      	tstorerb	r0, [r2, #0]
    e300:	ec38      	tadds	r0, r7, #0
    e302:	a101      	tmovs	r1, #1
    e304:	97ff 9dfe 	tjl	df04 <smp_write_flash_page>
    e308:	4aeb      	tloadrb	r3, [r5, #11]
    e30a:	bb01      	tsubs	r3, #1
    e30c:	069c      	tmov	ip, r3
    e30e:	ec18      	tadds	r0, r3, #0
    e310:	0566      	tcmp	r6, ip
    e312:	ca0a      	tjge.n	e32a <bls_smp_param_deleteByIndex+0x4e>
    e314:	f0a2      	tshftls	r2, r4, #2
    e316:	e8aa      	tadds	r2, r5, r2
    e318:	ec63      	tadds	r3, r4, #1
    e31a:	f099      	tshftls	r1, r3, #2
    e31c:	e869      	tadds	r1, r5, r1
    e31e:	5889      	tloadr	r1, [r1, #8]
    e320:	5091      	tstorer	r1, [r2, #8]
    e322:	0284      	tcmp	r4, r0
    e324:	c001      	tjeq.n	e32a <bls_smp_param_deleteByIndex+0x4e>
    e326:	ec1c      	tadds	r4, r3, #0
    e328:	87f4      	tj.n	e314 <bls_smp_param_deleteByIndex+0x38>
    e32a:	0663      	tmov	r3, ip
    e32c:	42eb      	tstorerb	r3, [r5, #11]
    e32e:	ec38      	tadds	r0, r7, #0
    e330:	87e1      	tj.n	e2f6 <bls_smp_param_deleteByIndex+0x1a>
    e332:	46c0      	tnop			; (mov r8, r8)
    e334:	008437b4 	undefined instruction 0x008437b4

0000e338 <bls_smp_param_loadByEdivRand>:
bls_smp_param_loadByEdivRand():
    e338:	65f0      	tpush	{r4, r5, r6, r7, lr}
    e33a:	0657      	tmov	r7, sl
    e33c:	064e      	tmov	r6, r9
    e33e:	0645      	tmov	r5, r8
    e340:	64e0      	tpush	{r5, r6, r7}
    e342:	6083      	tsub	sp, #12
    e344:	0692      	tmov	sl, r2
    e346:	f400      	tshftls	r0, r0, #16
    e348:	fc03      	tshftrs	r3, r0, #16
    e34a:	066a      	tmov	r2, sp
    e34c:	06e8      	tmov	r8, sp
    e34e:	03db      	tmovns	r3, r3
    e350:	4013      	tstorerb	r3, [r2, #0]
    e352:	fe00      	tshftrs	r0, r0, #24
    e354:	03c0      	tmovns	r0, r0
    e356:	4050      	tstorerb	r0, [r2, #1]
    e358:	a300      	tmovs	r3, #0
    e35a:	ec1a      	tadds	r2, r3, #0
    e35c:	0442      	tadd	r2, r8
    e35e:	1cc8      	tloadrb	r0, [r1, r3]
    e360:	03c0      	tmovns	r0, r0
    e362:	4090      	tstorerb	r0, [r2, #2]
    e364:	b301      	tadds	r3, #1
    e366:	ab08      	tcmp	r3, #8
    e368:	c1f7      	tjne.n	e35a <bls_smp_param_loadByEdivRand+0x22>
    e36a:	0f14      	tloadr	r7, [pc, #80]	; (e3bc <bls_smp_param_loadByEdivRand+0x84>)
    e36c:	4afb      	tloadrb	r3, [r7, #11]
    e36e:	a500      	tmovs	r5, #0
    e370:	ab00      	tcmp	r3, #0
    e372:	c019      	tjeq.n	e3a8 <bls_smp_param_loadByEdivRand+0x70>
    e374:	a400      	tmovs	r4, #0
    e376:	0e12      	tloadr	r6, [pc, #72]	; (e3c0 <bls_smp_param_loadByEdivRand+0x88>)
    e378:	a310      	tmovs	r3, #16
    e37a:	0699      	tmov	r9, r3
    e37c:	04d1      	tadd	r9, sl
    e37e:	8002      	tj.n	e386 <bls_smp_param_loadByEdivRand+0x4e>
    e380:	4afb      	tloadrb	r3, [r7, #11]
    e382:	02a3      	tcmp	r3, r4
    e384:	cd17      	tjle.n	e3b6 <bls_smp_param_loadByEdivRand+0x7e>
    e386:	b401      	tadds	r4, #1
    e388:	f0a3      	tshftls	r3, r4, #2
    e38a:	e8fb      	tadds	r3, r7, r3
    e38c:	589d      	tloadr	r5, [r3, #8]
    e38e:	5833      	tloadr	r3, [r6, #0]
    e390:	ec28      	tadds	r0, r5, #0
    e392:	a140      	tmovs	r1, #64	; 0x40
    e394:	0652      	tmov	r2, sl
    e396:	9000 9815 	tjl	e3c4 <bls_smp_param_loadByEdivRand+0x8c>
    e39a:	0668      	tmov	r0, sp
    e39c:	0649      	tmov	r1, r9
    e39e:	a20a      	tmovs	r2, #10
    e3a0:	97fa 9a96 	tjl	88d0 <memcmp>
    e3a4:	a800      	tcmp	r0, #0
    e3a6:	c1eb      	tjne.n	e380 <bls_smp_param_loadByEdivRand+0x48>
    e3a8:	ec28      	tadds	r0, r5, #0
    e3aa:	6003      	tadd	sp, #12
    e3ac:	6c1c      	tpop	{r2, r3, r4}
    e3ae:	0690      	tmov	r8, r2
    e3b0:	0699      	tmov	r9, r3
    e3b2:	06a2      	tmov	sl, r4
    e3b4:	6df0      	tpop	{r4, r5, r6, r7, pc}
    e3b6:	a500      	tmovs	r5, #0
    e3b8:	87f6      	tj.n	e3a8 <bls_smp_param_loadByEdivRand+0x70>
    e3ba:	46c0      	tnop			; (mov r8, r8)
    e3bc:	008437b4 	undefined instruction 0x008437b4
    e3c0:	00843134 	taddeq	r3, r4, r4, lsr r1
    e3c4:	0718      	tjex	r3
    e3c6:	46c0      	tnop			; (mov r8, r8)

0000e3c8 <bls_smp_param_saveBondingInfo>:
bls_smp_param_saveBondingInfo():
    e3c8:	65f0      	tpush	{r4, r5, r6, r7, lr}
    e3ca:	0657      	tmov	r7, sl
    e3cc:	064e      	tmov	r6, r9
    e3ce:	0645      	tmov	r5, r8
    e3d0:	64e0      	tpush	{r5, r6, r7}
    e3d2:	6085      	tsub	sp, #20
    e3d4:	ec04      	tadds	r4, r0, #0
    e3d6:	0d43      	tloadr	r5, [pc, #268]	; (e4e4 <bls_smp_param_saveBondingInfo+0x11c>)
    e3d8:	5aee      	tloadr	r6, [r5, #44]	; 0x2c
    e3da:	a700      	tmovs	r7, #0
    e3dc:	0b42      	tloadr	r3, [pc, #264]	; (e4e8 <bls_smp_param_saveBondingInfo+0x120>)
    e3de:	029e      	tcmp	r6, r3
    e3e0:	cc48      	tjgt.n	e474 <bls_smp_param_saveBondingInfo+0xac>
    e3e2:	4aea      	tloadrb	r2, [r5, #11]
    e3e4:	0b41      	tloadr	r3, [pc, #260]	; (e4ec <bls_smp_param_saveBondingInfo+0x124>)
    e3e6:	485b      	tloadrb	r3, [r3, #1]
    e3e8:	029a      	tcmp	r2, r3
    e3ea:	c263      	tjcs.n	e4b4 <bls_smp_param_saveBondingInfo+0xec>
    e3ec:	b640      	tadds	r6, #64	; 0x40
    e3ee:	52ee      	tstorer	r6, [r5, #44]	; 0x2c
    e3f0:	5aab      	tloadr	r3, [r5, #40]	; 0x28
    e3f2:	e8f6      	tadds	r6, r6, r3
    e3f4:	066a      	tmov	r2, sp
    e3f6:	b213      	tadds	r2, #19
    e3f8:	a3bf      	tmovs	r3, #191	; 0xbf
    e3fa:	4013      	tstorerb	r3, [r2, #0]
    e3fc:	ec30      	tadds	r0, r6, #0
    e3fe:	a101      	tmovs	r1, #1
    e400:	97ff 9d80 	tjl	df04 <smp_write_flash_page>
    e404:	ec07      	tadds	r7, r0, #0
    e406:	ec70      	tadds	r0, r6, #1
    e408:	ec62      	tadds	r2, r4, #1
    e40a:	a108      	tmovs	r1, #8
    e40c:	97ff 9d7a 	tjl	df04 <smp_write_flash_page>
    e410:	e9c7      	tadds	r7, r0, r7
    e412:	4a63      	tloadrb	r3, [r4, #9]
    e414:	abff      	tcmp	r3, #255	; 0xff
    e416:	c007      	tjeq.n	e428 <bls_smp_param_saveBondingInfo+0x60>
    e418:	ec30      	tadds	r0, r6, #0
    e41a:	b009      	tadds	r0, #9
    e41c:	ec22      	tadds	r2, r4, #0
    e41e:	b209      	tadds	r2, #9
    e420:	a107      	tmovs	r1, #7
    e422:	97ff 9d6f 	tjl	df04 <smp_write_flash_page>
    e426:	e83f      	tadds	r7, r7, r0
    e428:	ec30      	tadds	r0, r6, #0
    e42a:	b010      	tadds	r0, #16
    e42c:	ec22      	tadds	r2, r4, #0
    e42e:	b210      	tadds	r2, #16
    e430:	a110      	tmovs	r1, #16
    e432:	97ff 9d67 	tjl	df04 <smp_write_flash_page>
    e436:	e9c0      	tadds	r0, r0, r7
    e438:	0680      	tmov	r8, r0
    e43a:	0b2d      	tloadr	r3, [pc, #180]	; (e4f0 <bls_smp_param_saveBondingInfo+0x128>)
    e43c:	066a      	tmov	r2, sp
    e43e:	db83      	tloadm	r3!, {r0, r1, r7}
    e440:	d283      	tstorem	r2!, {r0, r1, r7}
    e442:	581b      	tloadr	r3, [r3, #0]
    e444:	5013      	tstorer	r3, [r2, #0]
    e446:	a120      	tmovs	r1, #32
    e448:	e909      	tadds	r1, r1, r4
    e44a:	068a      	tmov	sl, r1
    e44c:	ec08      	tadds	r0, r1, #0
    e44e:	0669      	tmov	r1, sp
    e450:	a210      	tmovs	r2, #16
    e452:	97fa 9a3d 	tjl	88d0 <memcmp>
    e456:	a800      	tcmp	r0, #0
    e458:	c131      	tjne.n	e4be <bls_smp_param_saveBondingInfo+0xf6>
    e45a:	a230      	tmovs	r2, #48	; 0x30
    e45c:	e912      	tadds	r2, r2, r4
    e45e:	0692      	tmov	sl, r2
    e460:	ec10      	tadds	r0, r2, #0
    e462:	0669      	tmov	r1, sp
    e464:	a210      	tmovs	r2, #16
    e466:	97fa 9a33 	tjl	88d0 <memcmp>
    e46a:	a800      	tcmp	r0, #0
    e46c:	c12f      	tjne.n	e4ce <bls_smp_param_saveBondingInfo+0x106>
    e46e:	a700      	tmovs	r7, #0
    e470:	05b8      	tcmp	r8, r7
    e472:	c006      	tjeq.n	e482 <bls_smp_param_saveBondingInfo+0xba>
    e474:	ec38      	tadds	r0, r7, #0
    e476:	6005      	tadd	sp, #20
    e478:	6c1c      	tpop	{r2, r3, r4}
    e47a:	0690      	tmov	r8, r2
    e47c:	0699      	tmov	r9, r3
    e47e:	06a2      	tmov	sl, r4
    e480:	6df0      	tpop	{r4, r5, r6, r7, pc}
    e482:	a312      	tmovs	r3, #18
    e484:	046b      	tadd	r3, sp
    e486:	0698      	tmov	r8, r3
    e488:	4823      	tloadrb	r3, [r4, #0]
    e48a:	0640      	tmov	r0, r8
    e48c:	4003      	tstorerb	r3, [r0, #0]
    e48e:	ec30      	tadds	r0, r6, #0
    e490:	a101      	tmovs	r1, #1
    e492:	0642      	tmov	r2, r8
    e494:	97ff 9d36 	tjl	df04 <smp_write_flash_page>
    e498:	a800      	tcmp	r0, #0
    e49a:	c1eb      	tjne.n	e474 <bls_smp_param_saveBondingInfo+0xac>
    e49c:	4aea      	tloadrb	r2, [r5, #11]
    e49e:	ec53      	tadds	r3, r2, #1
    e4a0:	f099      	tshftls	r1, r3, #2
    e4a2:	e869      	tadds	r1, r5, r1
    e4a4:	508e      	tstorer	r6, [r1, #8]
    e4a6:	e8aa      	tadds	r2, r5, r2
    e4a8:	0647      	tmov	r7, r8
    e4aa:	4839      	tloadrb	r1, [r7, #0]
    e4ac:	4711      	tstorerb	r1, [r2, #28]
    e4ae:	42eb      	tstorerb	r3, [r5, #11]
    e4b0:	ec37      	tadds	r7, r6, #0
    e4b2:	87df      	tj.n	e474 <bls_smp_param_saveBondingInfo+0xac>
    e4b4:	a000      	tmovs	r0, #0
    e4b6:	97ff 9f11 	tjl	e2dc <bls_smp_param_deleteByIndex>
    e4ba:	5aee      	tloadr	r6, [r5, #44]	; 0x2c
    e4bc:	8796      	tj.n	e3ec <bls_smp_param_saveBondingInfo+0x24>
    e4be:	ec30      	tadds	r0, r6, #0
    e4c0:	b020      	tadds	r0, #32
    e4c2:	a110      	tmovs	r1, #16
    e4c4:	0652      	tmov	r2, sl
    e4c6:	97ff 9d1d 	tjl	df04 <smp_write_flash_page>
    e4ca:	0480      	tadd	r8, r0
    e4cc:	87c5      	tj.n	e45a <bls_smp_param_saveBondingInfo+0x92>
    e4ce:	ec30      	tadds	r0, r6, #0
    e4d0:	b030      	tadds	r0, #48	; 0x30
    e4d2:	a110      	tmovs	r1, #16
    e4d4:	0652      	tmov	r2, sl
    e4d6:	97ff 9d15 	tjl	df04 <smp_write_flash_page>
    e4da:	0480      	tadd	r8, r0
    e4dc:	a700      	tmovs	r7, #0
    e4de:	05b8      	tcmp	r8, r7
    e4e0:	c1c8      	tjne.n	e474 <bls_smp_param_saveBondingInfo+0xac>
    e4e2:	87ce      	tj.n	e482 <bls_smp_param_saveBondingInfo+0xba>
    e4e4:	008437b4 	undefined instruction 0x008437b4
    e4e8:	00000fef 	tandeq	r0, r0, pc, ror #31
    e4ec:	0084367c 	taddeq	r3, r4, ip, ror r6
    e4f0:	000100d4 	undefined instruction 0x000100d4

0000e4f4 <bls_smp_param_loadByAddr>:
bls_smp_param_loadByAddr():
    e4f4:	65f0      	tpush	{r4, r5, r6, r7, lr}
    e4f6:	065f      	tmov	r7, fp
    e4f8:	0656      	tmov	r6, sl
    e4fa:	064d      	tmov	r5, r9
    e4fc:	0644      	tmov	r4, r8
    e4fe:	64f0      	tpush	{r4, r5, r6, r7}
    e500:	6091      	tsub	sp, #68	; 0x44
    e502:	068b      	tmov	fp, r1
    e504:	3200      	tstorer	r2, [sp, #0]
    e506:	f600      	tshftls	r0, r0, #24
    e508:	fe00      	tshftrs	r0, r0, #24
    e50a:	0682      	tmov	sl, r0
    e50c:	0c27      	tloadr	r4, [pc, #156]	; (e5ac <bls_smp_param_loadByAddr+0xb8>)
    e50e:	4ae3      	tloadrb	r3, [r4, #11]
    e510:	a200      	tmovs	r2, #0
    e512:	0690      	tmov	r8, r2
    e514:	ab00      	tcmp	r3, #0
    e516:	c02f      	tjeq.n	e578 <bls_smp_param_loadByAddr+0x84>
    e518:	a500      	tmovs	r5, #0
    e51a:	0e25      	tloadr	r6, [pc, #148]	; (e5b0 <bls_smp_param_loadByAddr+0xbc>)
    e51c:	7f01      	tadd	r7, sp, #4
    e51e:	a307      	tmovs	r3, #7
    e520:	0699      	tmov	r9, r3
    e522:	8008      	tj.n	e536 <bls_smp_param_loadByAddr+0x42>
    e524:	483a      	tloadrb	r2, [r7, #0]
    e526:	064b      	tmov	r3, r9
    e528:	001a      	tands	r2, r3
    e52a:	48a3      	tloadrb	r3, [r4, #2]
    e52c:	029a      	tcmp	r2, r3
    e52e:	c010      	tjeq.n	e552 <bls_smp_param_loadByAddr+0x5e>
    e530:	4ae3      	tloadrb	r3, [r4, #11]
    e532:	02ab      	tcmp	r3, r5
    e534:	cd37      	tjle.n	e5a6 <bls_smp_param_loadByAddr+0xb2>
    e536:	b501      	tadds	r5, #1
    e538:	f0ab      	tshftls	r3, r5, #2
    e53a:	e8e3      	tadds	r3, r4, r3
    e53c:	589b      	tloadr	r3, [r3, #8]
    e53e:	0698      	tmov	r8, r3
    e540:	5833      	tloadr	r3, [r6, #0]
    e542:	0640      	tmov	r0, r8
    e544:	a140      	tmovs	r1, #64	; 0x40
    e546:	ec3a      	tadds	r2, r7, #0
    e548:	9000 9834 	tjl	e5b4 <bls_smp_param_loadByAddr+0xc0>
    e54c:	4823      	tloadrb	r3, [r4, #0]
    e54e:	ab00      	tcmp	r3, #0
    e550:	c1e8      	tjne.n	e524 <bls_smp_param_loadByAddr+0x30>
    e552:	a201      	tmovs	r2, #1
    e554:	0592      	tcmp	sl, r2
    e556:	c017      	tjeq.n	e588 <bls_smp_param_loadByAddr+0x94>
    e558:	487b      	tloadrb	r3, [r7, #1]
    e55a:	0553      	tcmp	r3, sl
    e55c:	c1e8      	tjne.n	e530 <bls_smp_param_loadByAddr+0x3c>
    e55e:	0658      	tmov	r0, fp
    e560:	0669      	tmov	r1, sp
    e562:	b106      	tadds	r1, #6
    e564:	a206      	tmovs	r2, #6
    e566:	97fa 99b3 	tjl	88d0 <memcmp>
    e56a:	a800      	tcmp	r0, #0
    e56c:	c1e0      	tjne.n	e530 <bls_smp_param_loadByAddr+0x3c>
    e56e:	3800      	tloadr	r0, [sp, #0]
    e570:	ec39      	tadds	r1, r7, #0
    e572:	a240      	tmovs	r2, #64	; 0x40
    e574:	97fa 99e8 	tjl	8948 <memcpy>
    e578:	0640      	tmov	r0, r8
    e57a:	6011      	tadd	sp, #68	; 0x44
    e57c:	6c3c      	tpop	{r2, r3, r4, r5}
    e57e:	0690      	tmov	r8, r2
    e580:	0699      	tmov	r9, r3
    e582:	06a2      	tmov	sl, r4
    e584:	06ab      	tmov	fp, r5
    e586:	6df0      	tpop	{r4, r5, r6, r7, pc}
    e588:	065a      	tmov	r2, fp
    e58a:	4953      	tloadrb	r3, [r2, #5]
    e58c:	a2c0      	tmovs	r2, #192	; 0xc0
    e58e:	0013      	tands	r3, r2
    e590:	ab40      	tcmp	r3, #64	; 0x40
    e592:	c1e1      	tjne.n	e558 <bls_smp_param_loadByAddr+0x64>
    e594:	7809      	tadd	r0, sp, #36	; 0x24
    e596:	0659      	tmov	r1, fp
    e598:	97f4 9acc 	tjl	2b34 <smp_quickResolvPrivateAddr>
    e59c:	a800      	tcmp	r0, #0
    e59e:	c1e6      	tjne.n	e56e <bls_smp_param_loadByAddr+0x7a>
    e5a0:	4ae3      	tloadrb	r3, [r4, #11]
    e5a2:	02ab      	tcmp	r3, r5
    e5a4:	ccc7      	tjgt.n	e536 <bls_smp_param_loadByAddr+0x42>
    e5a6:	a300      	tmovs	r3, #0
    e5a8:	0698      	tmov	r8, r3
    e5aa:	87e5      	tj.n	e578 <bls_smp_param_loadByAddr+0x84>
    e5ac:	008437b4 	undefined instruction 0x008437b4
    e5b0:	00843134 	taddeq	r3, r4, r4, lsr r1
    e5b4:	0718      	tjex	r3
    e5b6:	46c0      	tnop			; (mov r8, r8)

0000e5b8 <bls_smp_loadParamVsRand>:
bls_smp_loadParamVsRand():
    e5b8:	65f0      	tpush	{r4, r5, r6, r7, lr}
    e5ba:	6090      	tsub	sp, #64	; 0x40
    e5bc:	f400      	tshftls	r0, r0, #16
    e5be:	fc00      	tshftrs	r0, r0, #16
    e5c0:	066c      	tmov	r4, sp
    e5c2:	066a      	tmov	r2, sp
    e5c4:	97ff 9eb8 	tjl	e338 <bls_smp_param_loadByEdivRand>
    e5c8:	a800      	tcmp	r0, #0
    e5ca:	c01b      	tjeq.n	e604 <bls_smp_loadParamVsRand+0x4c>
    e5cc:	090e      	tloadr	r1, [pc, #56]	; (e608 <bls_smp_loadParamVsRand+0x50>)
    e5ce:	068c      	tmov	ip, r1
    e5d0:	a338      	tmovs	r3, #56	; 0x38
    e5d2:	ec1a      	tadds	r2, r3, #0
    e5d4:	0462      	tadd	r2, ip
    e5d6:	790c      	tadd	r1, sp, #48	; 0x30
    e5d8:	d9e0      	tloadm	r1!, {r5, r6, r7}
    e5da:	d2e0      	tstorem	r2!, {r5, r6, r7}
    e5dc:	5809      	tloadr	r1, [r1, #0]
    e5de:	5011      	tstorer	r1, [r2, #0]
    e5e0:	0d0a      	tloadr	r5, [pc, #40]	; (e60c <bls_smp_loadParamVsRand+0x54>)
    e5e2:	ec2a      	tadds	r2, r5, #0
    e5e4:	b240      	tadds	r2, #64	; 0x40
    e5e6:	7908      	tadd	r1, sp, #32
    e5e8:	d9c8      	tloadm	r1!, {r3, r6, r7}
    e5ea:	d2c8      	tstorem	r2!, {r3, r6, r7}
    e5ec:	5809      	tloadr	r1, [r1, #0]
    e5ee:	5011      	tstorer	r1, [r2, #0]
    e5f0:	a110      	tmovs	r1, #16
    e5f2:	ec0b      	tadds	r3, r1, #0
    e5f4:	0463      	tadd	r3, ip
    e5f6:	7a04      	tadd	r2, sp, #16
    e5f8:	dac2      	tloadm	r2!, {r1, r6, r7}
    e5fa:	d3c2      	tstorem	r3!, {r1, r6, r7}
    e5fc:	5812      	tloadr	r2, [r2, #0]
    e5fe:	501a      	tstorer	r2, [r3, #0]
    e600:	4a23      	tloadrb	r3, [r4, #8]
    e602:	422b      	tstorerb	r3, [r5, #8]
    e604:	6010      	tadd	sp, #64	; 0x40
    e606:	6df0      	tpop	{r4, r5, r6, r7, pc}
    e608:	00843690 	umulleq	r3, r4, r0, r6
    e60c:	00843744 	taddeq	r3, r4, r4, asr #14

0000e610 <bls_smp_loadParamVsAddr>:
bls_smp_loadParamVsAddr():
    e610:	65f0      	tpush	{r4, r5, r6, r7, lr}
    e612:	6090      	tsub	sp, #64	; 0x40
    e614:	f600      	tshftls	r0, r0, #24
    e616:	fe00      	tshftrs	r0, r0, #24
    e618:	066c      	tmov	r4, sp
    e61a:	066a      	tmov	r2, sp
    e61c:	97ff 9f6a 	tjl	e4f4 <bls_smp_param_loadByAddr>
    e620:	a800      	tcmp	r0, #0
    e622:	c01b      	tjeq.n	e65c <bls_smp_loadParamVsAddr+0x4c>
    e624:	090e      	tloadr	r1, [pc, #56]	; (e660 <bls_smp_loadParamVsAddr+0x50>)
    e626:	068c      	tmov	ip, r1
    e628:	a338      	tmovs	r3, #56	; 0x38
    e62a:	ec1a      	tadds	r2, r3, #0
    e62c:	0462      	tadd	r2, ip
    e62e:	790c      	tadd	r1, sp, #48	; 0x30
    e630:	d9e0      	tloadm	r1!, {r5, r6, r7}
    e632:	d2e0      	tstorem	r2!, {r5, r6, r7}
    e634:	5809      	tloadr	r1, [r1, #0]
    e636:	5011      	tstorer	r1, [r2, #0]
    e638:	0d0a      	tloadr	r5, [pc, #40]	; (e664 <bls_smp_loadParamVsAddr+0x54>)
    e63a:	ec2a      	tadds	r2, r5, #0
    e63c:	b240      	tadds	r2, #64	; 0x40
    e63e:	7908      	tadd	r1, sp, #32
    e640:	d9c8      	tloadm	r1!, {r3, r6, r7}
    e642:	d2c8      	tstorem	r2!, {r3, r6, r7}
    e644:	5809      	tloadr	r1, [r1, #0]
    e646:	5011      	tstorer	r1, [r2, #0]
    e648:	a110      	tmovs	r1, #16
    e64a:	ec0b      	tadds	r3, r1, #0
    e64c:	0463      	tadd	r3, ip
    e64e:	7a04      	tadd	r2, sp, #16
    e650:	dac2      	tloadm	r2!, {r1, r6, r7}
    e652:	d3c2      	tstorem	r3!, {r1, r6, r7}
    e654:	5812      	tloadr	r2, [r2, #0]
    e656:	501a      	tstorer	r2, [r3, #0]
    e658:	4a23      	tloadrb	r3, [r4, #8]
    e65a:	422b      	tstorerb	r3, [r5, #8]
    e65c:	6010      	tadd	sp, #64	; 0x40
    e65e:	6df0      	tpop	{r4, r5, r6, r7, pc}
    e660:	00843690 	umulleq	r3, r4, r0, r6
    e664:	00843744 	taddeq	r3, r4, r4, asr #14

0000e668 <blc_smp_param_updateToNearestByIndex>:
blc_smp_param_updateToNearestByIndex():
    e668:	6530      	tpush	{r4, r5, lr}
    e66a:	6090      	tsub	sp, #64	; 0x40
    e66c:	f605      	tshftls	r5, r0, #24
    e66e:	fe2d      	tshftrs	r5, r5, #24
    e670:	ec28      	tadds	r0, r5, #0
    e672:	0669      	tmov	r1, sp
    e674:	97ff 9dd2 	tjl	e21c <bls_smp_param_loadByIndex>
    e678:	ec28      	tadds	r0, r5, #0
    e67a:	97ff 9e2f 	tjl	e2dc <bls_smp_param_deleteByIndex>
    e67e:	0668      	tmov	r0, sp
    e680:	97ff 9ea2 	tjl	e3c8 <bls_smp_param_saveBondingInfo>
    e684:	6010      	tadd	sp, #64	; 0x40
    e686:	6d30      	tpop	{r4, r5, pc}

0000e688 <crc16>:
crc16():
    e688:	65f0      	tpush	{r4, r5, r6, r7, lr}
    e68a:	ec03      	tadds	r3, r0, #0
    e68c:	a900      	tcmp	r1, #0
    e68e:	cd13      	tjle.n	e6b8 <crc16+0x30>
    e690:	e847      	tadds	r7, r0, r1
    e692:	080a      	tloadr	r0, [pc, #40]	; (e6bc <crc16+0x34>)
    e694:	0e0a      	tloadr	r6, [pc, #40]	; (e6c0 <crc16+0x38>)
    e696:	a501      	tmovs	r5, #1
    e698:	4819      	tloadrb	r1, [r3, #0]
    e69a:	b301      	tadds	r3, #1
    e69c:	a200      	tmovs	r2, #0
    e69e:	f844      	tshftrs	r4, r0, #1
    e6a0:	0048      	txors	r0, r1
    e6a2:	0028      	tands	r0, r5
    e6a4:	f040      	tshftls	r0, r0, #1
    e6a6:	1a30      	tloadrh	r0, [r6, r0]
    e6a8:	0060      	txors	r0, r4
    e6aa:	f849      	tshftrs	r1, r1, #1
    e6ac:	b201      	tadds	r2, #1
    e6ae:	aa08      	tcmp	r2, #8
    e6b0:	c1f5      	tjne.n	e69e <crc16+0x16>
    e6b2:	02bb      	tcmp	r3, r7
    e6b4:	c1f0      	tjne.n	e698 <crc16+0x10>
    e6b6:	6df0      	tpop	{r4, r5, r6, r7, pc}
    e6b8:	0800      	tloadr	r0, [pc, #0]	; (e6bc <crc16+0x34>)
    e6ba:	87fc      	tj.n	e6b6 <crc16+0x2e>
    e6bc:	0000ffff 	undefined instruction 0x0000ffff
    e6c0:	008437e8 	taddeq	r3, r4, r8, ror #15

0000e6c4 <crc32_half_cal>:
crc32_half_cal():
    e6c4:	65f0      	tpush	{r4, r5, r6, r7, lr}
    e6c6:	ab00      	tcmp	r3, #0
    e6c8:	cd0b      	tjle.n	e6e2 <crc32_half_cal+0x1e>
    e6ca:	a400      	tmovs	r4, #0
    e6cc:	a70f      	tmovs	r7, #15
    e6ce:	f905      	tshftrs	r5, r0, #4
    e6d0:	1d0e      	tloadrb	r6, [r1, r4]
    e6d2:	0070      	txors	r0, r6
    e6d4:	0038      	tands	r0, r7
    e6d6:	f080      	tshftls	r0, r0, #2
    e6d8:	1880      	tloadr	r0, [r0, r2]
    e6da:	0068      	txors	r0, r5
    e6dc:	b401      	tadds	r4, #1
    e6de:	029c      	tcmp	r4, r3
    e6e0:	c1f5      	tjne.n	e6ce <crc32_half_cal+0xa>
    e6e2:	6df0      	tpop	{r4, r5, r6, r7, pc}

0000e6e4 <blt_ota_reset>:
blt_ota_reset():
    e6e4:	0b0e      	tloadr	r3, [pc, #56]	; (e720 <blt_ota_reset+0x3c>)
    e6e6:	a200      	tmovs	r2, #0
    e6e8:	401a      	tstorerb	r2, [r3, #0]
    e6ea:	411a      	tstorerb	r2, [r3, #4]
    e6ec:	a110      	tmovs	r1, #16
    e6ee:	4219      	tstorerb	r1, [r3, #8]
    e6f0:	409a      	tstorerb	r2, [r3, #2]
    e6f2:	5dd9      	tloadr	r1, [r3, #92]	; 0x5c
    e6f4:	e7c8      	tasrs	r0, r1, #31
    e6f6:	ff00      	tshftrs	r0, r0, #28
    e6f8:	e841      	tadds	r1, r0, r1
    e6fa:	e109      	tasrs	r1, r1, #4
    e6fc:	2319      	tstorerh	r1, [r3, #24]
    e6fe:	41da      	tstorerb	r2, [r3, #7]
    e700:	431a      	tstorerb	r2, [r3, #12]
    e702:	a101      	tmovs	r1, #1
    e704:	0249      	tnegs	r1, r1
    e706:	5399      	tstorer	r1, [r3, #56]	; 0x38
    e708:	5359      	tstorer	r1, [r3, #52]	; 0x34
    e70a:	419a      	tstorerb	r2, [r3, #6]
    e70c:	541a      	tstorer	r2, [r3, #64]	; 0x40
    e70e:	545a      	tstorer	r2, [r3, #68]	; 0x44
    e710:	22da      	tstorerh	r2, [r3, #22]
    e712:	225a      	tstorerh	r2, [r3, #18]
    e714:	a100      	tmovs	r1, #0
    e716:	4059      	tstorerb	r1, [r3, #1]
    e718:	23da      	tstorerh	r2, [r3, #30]
    e71a:	241a      	tstorerh	r2, [r3, #32]
    e71c:	0770      	tjex	lr
    e71e:	46c0      	tnop			; (mov r8, r8)
    e720:	008437ec 	taddeq	r3, r4, ip, ror #15

0000e724 <blt_ota_writeBootMark>:
blt_ota_writeBootMark():
    e724:	6570      	tpush	{r4, r5, r6, lr}
    e726:	6081      	tsub	sp, #4
    e728:	a34b      	tmovs	r3, #75	; 0x4b
    e72a:	3300      	tstorer	r3, [sp, #0]
    e72c:	066d      	tmov	r5, sp
    e72e:	0e0c      	tloadr	r6, [pc, #48]	; (e760 <blt_ota_writeBootMark+0x3c>)
    e730:	0c0c      	tloadr	r4, [pc, #48]	; (e764 <blt_ota_writeBootMark+0x40>)
    e732:	5f60      	tloadr	r0, [r4, #116]	; 0x74
    e734:	b008      	tadds	r0, #8
    e736:	5833      	tloadr	r3, [r6, #0]
    e738:	a101      	tmovs	r1, #1
    e73a:	066a      	tmov	r2, sp
    e73c:	9000 9814 	tjl	e768 <blt_ota_writeBootMark+0x44>
    e740:	a300      	tmovs	r3, #0
    e742:	3300      	tstorer	r3, [sp, #0]
    e744:	5833      	tloadr	r3, [r6, #0]
    e746:	5f62      	tloadr	r2, [r4, #116]	; 0x74
    e748:	a008      	tmovs	r0, #8
    e74a:	aa00      	tcmp	r2, #0
    e74c:	c101      	tjne.n	e752 <blt_ota_writeBootMark+0x2e>
    e74e:	5e20      	tloadr	r0, [r4, #96]	; 0x60
    e750:	b008      	tadds	r0, #8
    e752:	a101      	tmovs	r1, #1
    e754:	ec2a      	tadds	r2, r5, #0
    e756:	9000 9807 	tjl	e768 <blt_ota_writeBootMark+0x44>
    e75a:	6001      	tadd	sp, #4
    e75c:	6d70      	tpop	{r4, r5, r6, pc}
    e75e:	46c0      	tnop			; (mov r8, r8)
    e760:	0084313c 	taddeq	r3, r4, ip, lsr r1
    e764:	008437ec 	taddeq	r3, r4, ip, ror #15
    e768:	0718      	tjex	r3
    e76a:	46c0      	tnop			; (mov r8, r8)

0000e76c <ota_save_data>:
ota_save_data():
    e76c:	65f0      	tpush	{r4, r5, r6, r7, lr}
    e76e:	065f      	tmov	r7, fp
    e770:	0656      	tmov	r6, sl
    e772:	064d      	tmov	r5, r9
    e774:	0644      	tmov	r4, r8
    e776:	64f0      	tpush	{r4, r5, r6, r7}
    e778:	6085      	tsub	sp, #20
    e77a:	ec04      	tadds	r4, r0, #0
    e77c:	0689      	tmov	r9, r1
    e77e:	0693      	tmov	fp, r2
    e780:	a808      	tcmp	r0, #8
    e782:	c818      	tjhi.n	e7b6 <ota_save_data+0x4a>
    e784:	ec03      	tadds	r3, r0, #0
    e786:	044b      	tadd	r3, r9
    e788:	ab08      	tcmp	r3, #8
    e78a:	c914      	tjls.n	e7b6 <ota_save_data+0x4a>
    e78c:	7b01      	tadd	r3, sp, #4
    e78e:	069a      	tmov	sl, r3
    e790:	0b20      	tloadr	r3, [pc, #128]	; (e814 <ota_save_data+0xa8>)
    e792:	581b      	tloadr	r3, [r3, #0]
    e794:	3301      	tstorer	r3, [sp, #4]
    e796:	a508      	tmovs	r5, #8
    e798:	ea2d      	tsubs	r5, r5, r0
    e79a:	f62d      	tshftls	r5, r5, #24
    e79c:	fe2d      	tshftrs	r5, r5, #24
    e79e:	045d      	tadd	r5, fp
    e7a0:	ec28      	tadds	r0, r5, #0
    e7a2:	0651      	tmov	r1, sl
    e7a4:	a204      	tmovs	r2, #4
    e7a6:	97fa 9893 	tjl	88d0 <memcmp>
    e7aa:	ec03      	tadds	r3, r0, #0
    e7ac:	a00a      	tmovs	r0, #10
    e7ae:	ab00      	tcmp	r3, #0
    e7b0:	c129      	tjne.n	e806 <ota_save_data+0x9a>
    e7b2:	a3ff      	tmovs	r3, #255	; 0xff
    e7b4:	402b      	tstorerb	r3, [r5, #0]
    e7b6:	0b18      	tloadr	r3, [pc, #96]	; (e818 <ota_save_data+0xac>)
    e7b8:	5f5b      	tloadr	r3, [r3, #116]	; 0x74
    e7ba:	e8e3      	tadds	r3, r4, r3
    e7bc:	3300      	tstorer	r3, [sp, #0]
    e7be:	a000      	tmovs	r0, #0
    e7c0:	0581      	tcmp	r9, r0
    e7c2:	cd20      	tjle.n	e806 <ota_save_data+0x9a>
    e7c4:	a400      	tmovs	r4, #0
    e7c6:	7b01      	tadd	r3, sp, #4
    e7c8:	069a      	tmov	sl, r3
    e7ca:	0e14      	tloadr	r6, [pc, #80]	; (e81c <ota_save_data+0xb0>)
    e7cc:	0d14      	tloadr	r5, [pc, #80]	; (e820 <ota_save_data+0xb4>)
    e7ce:	8002      	tj.n	e7d6 <ota_save_data+0x6a>
    e7d0:	b410      	tadds	r4, #16
    e7d2:	05a1      	tcmp	r9, r4
    e7d4:	cd17      	tjle.n	e806 <ota_save_data+0x9a>
    e7d6:	3b00      	tloadr	r3, [sp, #0]
    e7d8:	e8e7      	tadds	r7, r4, r3
    e7da:	06a0      	tmov	r8, r4
    e7dc:	04d8      	tadd	r8, fp
    e7de:	5833      	tloadr	r3, [r6, #0]
    e7e0:	ec38      	tadds	r0, r7, #0
    e7e2:	a110      	tmovs	r1, #16
    e7e4:	0642      	tmov	r2, r8
    e7e6:	9000 981d 	tjl	e824 <ota_save_data+0xb8>
    e7ea:	582b      	tloadr	r3, [r5, #0]
    e7ec:	ec38      	tadds	r0, r7, #0
    e7ee:	a110      	tmovs	r1, #16
    e7f0:	0652      	tmov	r2, sl
    e7f2:	9000 9817 	tjl	e824 <ota_save_data+0xb8>
    e7f6:	0650      	tmov	r0, sl
    e7f8:	0641      	tmov	r1, r8
    e7fa:	a210      	tmovs	r2, #16
    e7fc:	97fa 9868 	tjl	88d0 <memcmp>
    e800:	a800      	tcmp	r0, #0
    e802:	c0e5      	tjeq.n	e7d0 <ota_save_data+0x64>
    e804:	a004      	tmovs	r0, #4
    e806:	6005      	tadd	sp, #20
    e808:	6c3c      	tpop	{r2, r3, r4, r5}
    e80a:	0690      	tmov	r8, r2
    e80c:	0699      	tmov	r9, r3
    e80e:	06a2      	tmov	sl, r4
    e810:	06ab      	tmov	fp, r5
    e812:	6df0      	tpop	{r4, r5, r6, r7, pc}
    e814:	000100e4 	tandeq	r0, r1, r4, ror #1
    e818:	008437ec 	taddeq	r3, r4, ip, ror #15
    e81c:	0084313c 	taddeq	r3, r4, ip, lsr r1
    e820:	00843134 	taddeq	r3, r4, r4, lsr r1
    e824:	0718      	tjex	r3
    e826:	46c0      	tnop			; (mov r8, r8)

0000e828 <blt_ota_setResult>:
blt_ota_setResult():
    e828:	0b09      	tloadr	r3, [pc, #36]	; (e850 <blt_ota_setResult+0x28>)
    e82a:	4059      	tstorerb	r1, [r3, #1]
    e82c:	4018      	tstorerb	r0, [r3, #0]
    e82e:	a200      	tmovs	r2, #0
    e830:	541a      	tstorer	r2, [r3, #64]	; 0x40
    e832:	545a      	tstorer	r2, [r3, #68]	; 0x44
    e834:	a804      	tcmp	r0, #4
    e836:	c005      	tjeq.n	e844 <blt_ota_setResult+0x1c>
    e838:	a808      	tcmp	r0, #8
    e83a:	c000      	tjeq.n	e83e <blt_ota_setResult+0x16>
    e83c:	0770      	tjex	lr
    e83e:	53da      	tstorer	r2, [r3, #60]	; 0x3c
    e840:	431a      	tstorerb	r2, [r3, #12]
    e842:	87fb      	tj.n	e83c <blt_ota_setResult+0x14>
    e844:	0a03      	tloadr	r2, [pc, #12]	; (e854 <blt_ota_setResult+0x2c>)
    e846:	5812      	tloadr	r2, [r2, #0]
    e848:	53da      	tstorer	r2, [r3, #60]	; 0x3c
    e84a:	a202      	tmovs	r2, #2
    e84c:	431a      	tstorerb	r2, [r3, #12]
    e84e:	87f5      	tj.n	e83c <blt_ota_setResult+0x14>
    e850:	008437ec 	taddeq	r3, r4, ip, ror #15
    e854:	00800740 	taddeq	r0, r0, r0, asr #14

0000e858 <blt_ota_procTimeout>:
blt_ota_procTimeout():
    e858:	6500      	tpush	{lr}
    e85a:	0b10      	tloadr	r3, [pc, #64]	; (e89c <blt_ota_procTimeout+0x44>)
    e85c:	5c1a      	tloadr	r2, [r3, #64]	; 0x40
    e85e:	aa00      	tcmp	r2, #0
    e860:	c006      	tjeq.n	e870 <blt_ota_procTimeout+0x18>
    e862:	090f      	tloadr	r1, [pc, #60]	; (e8a0 <blt_ota_procTimeout+0x48>)
    e864:	5809      	tloadr	r1, [r1, #0]
    e866:	ea8a      	tsubs	r2, r1, r2
    e868:	5c99      	tloadr	r1, [r3, #72]	; 0x48
    e86a:	f109      	tshftls	r1, r1, #4
    e86c:	028a      	tcmp	r2, r1
    e86e:	c80f      	tjhi.n	e890 <blt_ota_procTimeout+0x38>
    e870:	5c5a      	tloadr	r2, [r3, #68]	; 0x44
    e872:	aa00      	tcmp	r2, #0
    e874:	c006      	tjeq.n	e884 <blt_ota_procTimeout+0x2c>
    e876:	090a      	tloadr	r1, [pc, #40]	; (e8a0 <blt_ota_procTimeout+0x48>)
    e878:	5809      	tloadr	r1, [r1, #0]
    e87a:	ea8a      	tsubs	r2, r1, r2
    e87c:	5cdb      	tloadr	r3, [r3, #76]	; 0x4c
    e87e:	f11b      	tshftls	r3, r3, #4
    e880:	029a      	tcmp	r2, r3
    e882:	c800      	tjhi.n	e886 <blt_ota_procTimeout+0x2e>
    e884:	6d00      	tpop	{pc}
    e886:	a004      	tmovs	r0, #4
    e888:	a10c      	tmovs	r1, #12
    e88a:	97ff 9fcd 	tjl	e828 <blt_ota_setResult>
    e88e:	87f9      	tj.n	e884 <blt_ota_procTimeout+0x2c>
    e890:	a004      	tmovs	r0, #4
    e892:	a10d      	tmovs	r1, #13
    e894:	97ff 9fc8 	tjl	e828 <blt_ota_setResult>
    e898:	87f4      	tj.n	e884 <blt_ota_procTimeout+0x2c>
    e89a:	46c0      	tnop			; (mov r8, r8)
    e89c:	008437ec 	taddeq	r3, r4, ip, ror #15
    e8a0:	00800740 	taddeq	r0, r0, r0, asr #14

0000e8a4 <blt_ota_pushVersionRsp>:
blt_ota_pushVersionRsp():
    e8a4:	6510      	tpush	{r4, lr}
    e8a6:	6082      	tsub	sp, #8
    e8a8:	066a      	tmov	r2, sp
    e8aa:	a305      	tmovs	r3, #5
    e8ac:	4013      	tstorerb	r3, [r2, #0]
    e8ae:	a301      	tmovs	r3, #1
    e8b0:	025b      	tnegs	r3, r3
    e8b2:	4053      	tstorerb	r3, [r2, #1]
    e8b4:	0c08      	tloadr	r4, [pc, #32]	; (e8d8 <blt_ota_pushVersionRsp+0x34>)
    e8b6:	4c23      	tloadrb	r3, [r4, #16]
    e8b8:	4093      	tstorerb	r3, [r2, #2]
    e8ba:	4c63      	tloadrb	r3, [r4, #17]
    e8bc:	40d3      	tstorerb	r3, [r2, #3]
    e8be:	48a3      	tloadrb	r3, [r4, #2]
    e8c0:	4113      	tstorerb	r3, [r2, #4]
    e8c2:	2ae0      	tloadrh	r0, [r4, #22]
    e8c4:	2aa1      	tloadrh	r1, [r4, #20]
    e8c6:	a305      	tmovs	r3, #5
    e8c8:	97fd 9f2c 	tjl	c724 <blc_gatt_pushHandleValueNotify>
    e8cc:	a800      	tcmp	r0, #0
    e8ce:	c100      	tjne.n	e8d2 <blt_ota_pushVersionRsp+0x2e>
    e8d0:	4320      	tstorerb	r0, [r4, #12]
    e8d2:	6002      	tadd	sp, #8
    e8d4:	6d10      	tpop	{r4, pc}
    e8d6:	46c0      	tnop			; (mov r8, r8)
    e8d8:	008437ec 	taddeq	r3, r4, ip, ror #15

0000e8dc <otaWrite>:
otaWrite():
    e8dc:	65f0      	tpush	{r4, r5, r6, r7, lr}
    e8de:	0647      	tmov	r7, r8
    e8e0:	6480      	tpush	{r7}
    e8e2:	60fa      	tsub	sp, #488	; 0x1e8
    e8e4:	ec05      	tadds	r5, r0, #0
    e8e6:	0cbe      	tloadr	r4, [pc, #760]	; (ebe0 <otaWrite+0x304>)
    e8e8:	4b63      	tloadrb	r3, [r4, #13]
    e8ea:	a601      	tmovs	r6, #1
    e8ec:	ab00      	tcmp	r3, #0
    e8ee:	c058      	tjeq.n	e9a2 <otaWrite+0xc6>
    e8f0:	4126      	tstorerb	r6, [r4, #4]
    e8f2:	4863      	tloadrb	r3, [r4, #1]
    e8f4:	ab00      	tcmp	r3, #0
    e8f6:	c154      	tjne.n	e9a2 <otaWrite+0xc6>
    e8f8:	4823      	tloadrb	r3, [r4, #0]
    e8fa:	ab08      	tcmp	r3, #8
    e8fc:	c051      	tjeq.n	e9a2 <otaWrite+0xc6>
    e8fe:	a340      	tmovs	r3, #64	; 0x40
    e900:	22e3      	tstorerh	r3, [r4, #22]
    e902:	4a83      	tloadrb	r3, [r0, #10]
    e904:	f21b      	tshftls	r3, r3, #8
    e906:	4a42      	tloadrb	r2, [r0, #9]
    e908:	0313      	tors	r3, r2
    e90a:	2363      	tstorerh	r3, [r4, #26]
    e90c:	2a62      	tloadrh	r2, [r4, #18]
    e90e:	aa00      	tcmp	r2, #0
    e910:	c108      	tjne.n	e924 <otaWrite+0x48>
    e912:	49c1      	tloadrb	r1, [r0, #7]
    e914:	4a02      	tloadrb	r2, [r0, #8]
    e916:	f212      	tshftls	r2, r2, #8
    e918:	030a      	tors	r2, r1
    e91a:	2262      	tstorerh	r2, [r4, #18]
    e91c:	a10f      	tmovs	r1, #15
    e91e:	1661      	tloadrsb	r1, [r4, r1]
    e920:	e852      	tadds	r2, r2, r1
    e922:	22a2      	tstorerh	r2, [r4, #20]
    e924:	0aaf      	tloadr	r2, [pc, #700]	; (ebe4 <otaWrite+0x308>)
    e926:	0293      	tcmp	r3, r2
    e928:	c940      	tjls.n	e9ac <otaWrite+0xd0>
    e92a:	a2ff      	tmovs	r2, #255	; 0xff
    e92c:	f212      	tshftls	r2, r2, #8
    e92e:	0293      	tcmp	r3, r2
    e930:	c100      	tjne.n	e934 <otaWrite+0x58>
    e932:	8130      	tj.n	eb96 <otaWrite+0x2ba>
    e934:	0aac      	tloadr	r2, [pc, #688]	; (ebe8 <otaWrite+0x30c>)
    e936:	0293      	tcmp	r3, r2
    e938:	c100      	tjne.n	e93c <otaWrite+0x60>
    e93a:	8132      	tj.n	eba2 <otaWrite+0x2c6>
    e93c:	08ab      	tloadr	r0, [pc, #684]	; (ebec <otaWrite+0x310>)
    e93e:	e81a      	tadds	r2, r3, r0
    e940:	aa00      	tcmp	r2, #0
    e942:	c004      	tjeq.n	e94e <otaWrite+0x72>
    e944:	09aa      	tloadr	r1, [pc, #680]	; (ebf0 <otaWrite+0x314>)
    e946:	e85a      	tadds	r2, r3, r1
    e948:	aa00      	tcmp	r2, #0
    e94a:	c000      	tjeq.n	e94e <otaWrite+0x72>
    e94c:	80fe      	tj.n	eb4c <otaWrite+0x270>
    e94e:	0ba9      	tloadr	r3, [pc, #676]	; (ebf4 <otaWrite+0x318>)
    e950:	581a      	tloadr	r2, [r3, #0]
    e952:	0ba9      	tloadr	r3, [pc, #676]	; (ebf8 <otaWrite+0x31c>)
    e954:	029a      	tcmp	r2, r3
    e956:	c100      	tjne.n	e95a <otaWrite+0x7e>
    e958:	816c      	tj.n	ec34 <otaWrite+0x358>
    e95a:	49e3      	tloadrb	r3, [r4, #7]
    e95c:	a106      	tmovs	r1, #6
    e95e:	ab00      	tcmp	r3, #0
    e960:	c000      	tjeq.n	e964 <otaWrite+0x88>
    e962:	8111      	tj.n	eb88 <otaWrite+0x2ac>
    e964:	2b62      	tloadrh	r2, [r4, #26]
    e966:	0ba5      	tloadr	r3, [pc, #660]	; (ebfc <otaWrite+0x320>)
    e968:	029a      	tcmp	r2, r3
    e96a:	c100      	tjne.n	e96e <otaWrite+0x92>
    e96c:	8152      	tj.n	ec14 <otaWrite+0x338>
    e96e:	a302      	tmovs	r3, #2
    e970:	41e3      	tstorerb	r3, [r4, #7]
    e972:	0ba3      	tloadr	r3, [pc, #652]	; (ec00 <otaWrite+0x324>)
    e974:	581a      	tloadr	r2, [r3, #0]
    e976:	a301      	tmovs	r3, #1
    e978:	0313      	tors	r3, r2
    e97a:	5423      	tstorer	r3, [r4, #64]	; 0x40
    e97c:	a301      	tmovs	r3, #1
    e97e:	025b      	tnegs	r3, r3
    e980:	53a3      	tstorer	r3, [r4, #56]	; 0x38
    e982:	a300      	tmovs	r3, #0
    e984:	41a3      	tstorerb	r3, [r4, #6]
    e986:	2ba3      	tloadrh	r3, [r4, #28]
    e988:	ab00      	tcmp	r3, #0
    e98a:	c000      	tjeq.n	e98e <otaWrite+0xb2>
    e98c:	23e3      	tstorerh	r3, [r4, #30]
    e98e:	a300      	tmovs	r3, #0
    e990:	a258      	tmovs	r2, #88	; 0x58
    e992:	12a3      	tstorerh	r3, [r4, r2]
    e994:	5563      	tstorer	r3, [r4, #84]	; 0x54
    e996:	5ea3      	tloadr	r3, [r4, #104]	; 0x68
    e998:	a600      	tmovs	r6, #0
    e99a:	ab00      	tcmp	r3, #0
    e99c:	c001      	tjeq.n	e9a2 <otaWrite+0xc6>
    e99e:	9000 9975 	tjl	ec8c <otaWrite+0x3b0>
    e9a2:	ec30      	tadds	r0, r6, #0
    e9a4:	607a      	tadd	sp, #488	; 0x1e8
    e9a6:	6c04      	tpop	{r2}
    e9a8:	0690      	tmov	r8, r2
    e9aa:	6df0      	tpop	{r4, r5, r6, r7, pc}
    e9ac:	2b22      	tloadrh	r2, [r4, #24]
    e9ae:	a102      	tmovs	r1, #2
    e9b0:	0293      	tcmp	r3, r2
    e9b2:	c900      	tjls.n	e9b6 <otaWrite+0xda>
    e9b4:	80e8      	tj.n	eb88 <otaWrite+0x2ac>
    e9b6:	0293      	tcmp	r3, r2
    e9b8:	c200      	tjcs.n	e9bc <otaWrite+0xe0>
    e9ba:	80ea      	tj.n	eb92 <otaWrite+0x2b6>
    e9bc:	4aa6      	tloadrb	r6, [r4, #10]
    e9be:	49e2      	tloadrb	r2, [r4, #7]
    e9c0:	a106      	tmovs	r1, #6
    e9c2:	f790      	tshftls	r0, r2, #30
    e9c4:	c400      	tjmi.n	e9c8 <otaWrite+0xec>
    e9c6:	80df      	tj.n	eb88 <otaWrite+0x2ac>
    e9c8:	ab02      	tcmp	r3, #2
    e9ca:	c100      	tjne.n	e9ce <otaWrite+0xf2>
    e9cc:	8104      	tj.n	ebd8 <otaWrite+0x2fc>
    e9ce:	48aa      	tloadrb	r2, [r5, #2]
    e9d0:	48e8      	tloadrb	r0, [r5, #3]
    e9d2:	f200      	tshftls	r0, r0, #8
    e9d4:	0310      	tors	r0, r2
    e9d6:	edf2      	tadds	r2, r6, #7
    e9d8:	a109      	tmovs	r1, #9
    e9da:	0290      	tcmp	r0, r2
    e9dc:	c000      	tjeq.n	e9e0 <otaWrite+0x104>
    e9de:	80d3      	tj.n	eb88 <otaWrite+0x2ac>
    e9e0:	5ba2      	tloadr	r2, [r4, #56]	; 0x38
    e9e2:	b201      	tadds	r2, #1
    e9e4:	a101      	tmovs	r1, #1
    e9e6:	0293      	tcmp	r3, r2
    e9e8:	c000      	tjeq.n	e9ec <otaWrite+0x110>
    e9ea:	80cd      	tj.n	eb88 <otaWrite+0x2ac>
    e9ec:	ecb7      	tadds	r7, r6, #2
    e9ee:	ec28      	tadds	r0, r5, #0
    e9f0:	b009      	tadds	r0, #9
    e9f2:	ec39      	tadds	r1, r7, #0
    e9f4:	97ff 9e48 	tjl	e688 <crc16>
    e9f8:	e9ab      	tadds	r3, r5, r6
    e9fa:	4b1a      	tloadrb	r2, [r3, #12]
    e9fc:	f212      	tshftls	r2, r2, #8
    e9fe:	e9ef      	tadds	r7, r5, r7
    ea00:	4a7b      	tloadrb	r3, [r7, #9]
    ea02:	0313      	tors	r3, r2
    ea04:	a103      	tmovs	r1, #3
    ea06:	0298      	tcmp	r0, r3
    ea08:	c000      	tjeq.n	ea0c <otaWrite+0x130>
    ea0a:	80bd      	tj.n	eb88 <otaWrite+0x2ac>
    ea0c:	4a21      	tloadrb	r1, [r4, #8]
    ea0e:	3101      	tstorer	r1, [sp, #4]
    ea10:	2b67      	tloadrh	r7, [r4, #26]
    ea12:	034f      	tmuls	r7, r1
    ea14:	b50b      	tadds	r5, #11
    ea16:	af18      	tcmp	r7, #24
    ea18:	cc3b      	tjgt.n	ea92 <otaWrite+0x1b6>
    ea1a:	e87b      	tadds	r3, r7, r1
    ea1c:	ab18      	tcmp	r3, #24
    ea1e:	cd38      	tjle.n	ea92 <otaWrite+0x1b6>
    ea20:	a218      	tmovs	r2, #24
    ea22:	ebd2      	tsubs	r2, r2, r7
    ea24:	f612      	tshftls	r2, r2, #24
    ea26:	fe12      	tshftrs	r2, r2, #24
    ea28:	e8ab      	tadds	r3, r5, r2
    ea2a:	4858      	tloadrb	r0, [r3, #1]
    ea2c:	f200      	tshftls	r0, r0, #8
    ea2e:	4899      	tloadrb	r1, [r3, #2]
    ea30:	f409      	tshftls	r1, r1, #16
    ea32:	0301      	tors	r1, r0
    ea34:	1caa      	tloadrb	r2, [r5, r2]
    ea36:	030a      	tors	r2, r1
    ea38:	48db      	tloadrb	r3, [r3, #3]
    ea3a:	f61b      	tshftls	r3, r3, #24
    ea3c:	031a      	tors	r2, r3
    ea3e:	3200      	tstorer	r2, [sp, #0]
    ea40:	a10b      	tmovs	r1, #11
    ea42:	0b70      	tloadr	r3, [pc, #448]	; (ec04 <otaWrite+0x328>)
    ea44:	029a      	tcmp	r2, r3
    ea46:	c800      	tjhi.n	ea4a <otaWrite+0x16e>
    ea48:	809e      	tj.n	eb88 <otaWrite+0x2ac>
    ea4a:	5de3      	tloadr	r3, [r4, #92]	; 0x5c
    ea4c:	029a      	tcmp	r2, r3
    ea4e:	c900      	tjls.n	ea52 <otaWrite+0x176>
    ea50:	809a      	tj.n	eb88 <otaWrite+0x2ac>
    ea52:	4963      	tloadrb	r3, [r4, #5]
    ea54:	ab00      	tcmp	r3, #0
    ea56:	c004      	tjeq.n	ea62 <otaWrite+0x186>
    ea58:	a30f      	tmovs	r3, #15
    ea5a:	0013      	tands	r3, r2
    ea5c:	ab04      	tcmp	r3, #4
    ea5e:	c000      	tjeq.n	ea62 <otaWrite+0x186>
    ea60:	8092      	tj.n	eb88 <otaWrite+0x2ac>
    ea62:	3800      	tloadr	r0, [sp, #0]
    ea64:	b801      	tsubs	r0, #1
    ea66:	3901      	tloadr	r1, [sp, #4]
    ea68:	97f1 9bb8 	tjl	1dc <__udivsi3>
    ea6c:	2320      	tstorerh	r0, [r4, #24]
    ea6e:	3800      	tloadr	r0, [sp, #0]
    ea70:	3901      	tloadr	r1, [sp, #4]
    ea72:	97f1 9bb1 	tjl	1d8 <__umodsi3>
    ea76:	f603      	tshftls	r3, r0, #24
    ea78:	fe1b      	tshftrs	r3, r3, #24
    ea7a:	42e3      	tstorerb	r3, [r4, #11]
    ea7c:	a20f      	tmovs	r2, #15
    ea7e:	ec19      	tadds	r1, r3, #0
    ea80:	0391      	tbclrs	r1, r2
    ea82:	b110      	tadds	r1, #16
    ea84:	42a1      	tstorerb	r1, [r4, #10]
    ea86:	0393      	tbclrs	r3, r2
    ea88:	4263      	tstorerb	r3, [r4, #9]
    ea8a:	49e2      	tloadrb	r2, [r4, #7]
    ea8c:	a320      	tmovs	r3, #32
    ea8e:	0313      	tors	r3, r2
    ea90:	41e3      	tstorerb	r3, [r4, #7]
    ea92:	4963      	tloadrb	r3, [r4, #5]
    ea94:	ab00      	tcmp	r3, #0
    ea96:	c02f      	tjeq.n	eaf8 <otaWrite+0x21c>
    ea98:	2b62      	tloadrh	r2, [r4, #26]
    ea9a:	aa00      	tcmp	r2, #0
    ea9c:	c101      	tjne.n	eaa2 <otaWrite+0x1c6>
    ea9e:	5a63      	tloadr	r3, [r4, #36]	; 0x24
    eaa0:	52a3      	tstorer	r3, [r4, #40]	; 0x28
    eaa2:	4a23      	tloadrb	r3, [r4, #8]
    eaa4:	2b21      	tloadrh	r1, [r4, #24]
    eaa6:	0291      	tcmp	r1, r2
    eaa8:	c100      	tjne.n	eaac <otaWrite+0x1d0>
    eaaa:	80d7      	tj.n	ec5c <otaWrite+0x380>
    eaac:	069c      	tmov	ip, r3
    eaae:	a200      	tmovs	r2, #0
    eab0:	3200      	tstorer	r2, [sp, #0]
    eab2:	a100      	tmovs	r1, #0
    eab4:	058c      	tcmp	ip, r1
    eab6:	c014      	tjeq.n	eae2 <otaWrite+0x206>
    eab8:	7802      	tadd	r0, sp, #8
    eaba:	a200      	tmovs	r2, #0
    eabc:	1cab      	tloadrb	r3, [r5, r2]
    eabe:	a10f      	tmovs	r1, #15
    eac0:	0019      	tands	r1, r3
    eac2:	4001      	tstorerb	r1, [r0, #0]
    eac4:	f91b      	tshftrs	r3, r3, #4
    eac6:	4043      	tstorerb	r3, [r0, #1]
    eac8:	b201      	tadds	r2, #1
    eaca:	b002      	tadds	r0, #2
    eacc:	0594      	tcmp	ip, r2
    eace:	ccf5      	tjgt.n	eabc <otaWrite+0x1e0>
    ead0:	5aa0      	tloadr	r0, [r4, #40]	; 0x28
    ead2:	ec22      	tadds	r2, r4, #0
    ead4:	b278      	tadds	r2, #120	; 0x78
    ead6:	0661      	tmov	r1, ip
    ead8:	f04b      	tshftls	r3, r1, #1
    eada:	7902      	tadd	r1, sp, #8
    eadc:	97ff 9df2 	tjl	e6c4 <crc32_half_cal>
    eae0:	52a0      	tstorer	r0, [r4, #40]	; 0x28
    eae2:	2b62      	tloadrh	r2, [r4, #26]
    eae4:	2b23      	tloadrh	r3, [r4, #24]
    eae6:	029a      	tcmp	r2, r3
    eae8:	c106      	tjne.n	eaf8 <otaWrite+0x21c>
    eaea:	5aa3      	tloadr	r3, [r4, #40]	; 0x28
    eaec:	a107      	tmovs	r1, #7
    eaee:	3a00      	tloadr	r2, [sp, #0]
    eaf0:	0293      	tcmp	r3, r2
    eaf2:	c149      	tjne.n	eb88 <otaWrite+0x2ac>
    eaf4:	a301      	tmovs	r3, #1
    eaf6:	41a3      	tstorerb	r3, [r4, #6]
    eaf8:	e9f3      	tadds	r3, r6, r7
    eafa:	5363      	tstorer	r3, [r4, #52]	; 0x34
    eafc:	0b42      	tloadr	r3, [pc, #264]	; (ec08 <otaWrite+0x32c>)
    eafe:	5b9b      	tloadr	r3, [r3, #56]	; 0x38
    eb00:	ab00      	tcmp	r3, #0
    eb02:	c100      	tjne.n	eb06 <otaWrite+0x22a>
    eb04:	80bb      	tj.n	ec7e <otaWrite+0x3a2>
    eb06:	ec38      	tadds	r0, r7, #0
    eb08:	ec31      	tadds	r1, r6, #0
    eb0a:	ec2a      	tadds	r2, r5, #0
    eb0c:	9000 98be 	tjl	ec8c <otaWrite+0x3b0>
    eb10:	ec01      	tadds	r1, r0, #0
    eb12:	a900      	tcmp	r1, #0
    eb14:	c138      	tjne.n	eb88 <otaWrite+0x2ac>
    eb16:	2b61      	tloadrh	r1, [r4, #26]
    eb18:	53a1      	tstorer	r1, [r4, #56]	; 0x38
    eb1a:	49e2      	tloadrb	r2, [r4, #7]
    eb1c:	a308      	tmovs	r3, #8
    eb1e:	0313      	tors	r3, r2
    eb20:	41e3      	tstorerb	r3, [r4, #7]
    eb22:	0b37      	tloadr	r3, [pc, #220]	; (ec00 <otaWrite+0x324>)
    eb24:	581a      	tloadr	r2, [r3, #0]
    eb26:	a301      	tmovs	r3, #1
    eb28:	0313      	tors	r3, r2
    eb2a:	5463      	tstorer	r3, [r4, #68]	; 0x44
    eb2c:	2ba2      	tloadrh	r2, [r4, #28]
    eb2e:	a600      	tmovs	r6, #0
    eb30:	aa00      	tcmp	r2, #0
    eb32:	c100      	tjne.n	eb36 <otaWrite+0x25a>
    eb34:	8735      	tj.n	e9a2 <otaWrite+0xc6>
    eb36:	2be3      	tloadrh	r3, [r4, #30]
    eb38:	b101      	tadds	r1, #1
    eb3a:	f409      	tshftls	r1, r1, #16
    eb3c:	fc09      	tshftrs	r1, r1, #16
    eb3e:	028b      	tcmp	r3, r1
    eb40:	c000      	tjeq.n	eb44 <otaWrite+0x268>
    eb42:	872e      	tj.n	e9a2 <otaWrite+0xc6>
    eb44:	2423      	tstorerh	r3, [r4, #32]
    eb46:	e89b      	tadds	r3, r3, r2
    eb48:	23e3      	tstorerh	r3, [r4, #30]
    eb4a:	872a      	tj.n	e9a2 <otaWrite+0xc6>
    eb4c:	a102      	tmovs	r1, #2
    eb4e:	0a2f      	tloadr	r2, [pc, #188]	; (ec0c <otaWrite+0x330>)
    eb50:	0293      	tcmp	r3, r2
    eb52:	c119      	tjne.n	eb88 <otaWrite+0x2ac>
    eb54:	49e3      	tloadrb	r3, [r4, #7]
    eb56:	a106      	tmovs	r1, #6
    eb58:	a20a      	tmovs	r2, #10
    eb5a:	021a      	tnand	r2, r3
    eb5c:	c014      	tjeq.n	eb88 <otaWrite+0x2ac>
    eb5e:	b509      	tadds	r5, #9
    eb60:	48aa      	tloadrb	r2, [r5, #2]
    eb62:	48eb      	tloadrb	r3, [r5, #3]
    eb64:	f21b      	tshftls	r3, r3, #8
    eb66:	0313      	tors	r3, r2
    eb68:	492a      	tloadrb	r2, [r5, #4]
    eb6a:	4968      	tloadrb	r0, [r5, #5]
    eb6c:	f200      	tshftls	r0, r0, #8
    eb6e:	0310      	tors	r0, r2
    eb70:	0058      	txors	r0, r3
    eb72:	a100      	tmovs	r1, #0
    eb74:	0a26      	tloadr	r2, [pc, #152]	; (ec10 <otaWrite+0x334>)
    eb76:	0290      	tcmp	r0, r2
    eb78:	c068      	tjeq.n	ec4c <otaWrite+0x370>
    eb7a:	4963      	tloadrb	r3, [r4, #5]
    eb7c:	ab00      	tcmp	r3, #0
    eb7e:	c003      	tjeq.n	eb88 <otaWrite+0x2ac>
    eb80:	49a3      	tloadrb	r3, [r4, #6]
    eb82:	ab00      	tcmp	r3, #0
    eb84:	c100      	tjne.n	eb88 <otaWrite+0x2ac>
    eb86:	a107      	tmovs	r1, #7
    eb88:	a004      	tmovs	r0, #4
    eb8a:	97ff 9e4d 	tjl	e828 <blt_ota_setResult>
    eb8e:	a600      	tmovs	r6, #0
    eb90:	8707      	tj.n	e9a2 <otaWrite+0xc6>
    eb92:	4a26      	tloadrb	r6, [r4, #8]
    eb94:	8713      	tj.n	e9be <otaWrite+0xe2>
    eb96:	5ee3      	tloadr	r3, [r4, #108]	; 0x6c
    eb98:	a600      	tmovs	r6, #0
    eb9a:	ab00      	tcmp	r3, #0
    eb9c:	c000      	tjeq.n	eba0 <otaWrite+0x2c4>
    eb9e:	86fe      	tj.n	e99e <otaWrite+0xc2>
    eba0:	86ff      	tj.n	e9a2 <otaWrite+0xc6>
    eba2:	49e3      	tloadrb	r3, [r4, #7]
    eba4:	a106      	tmovs	r1, #6
    eba6:	ab00      	tcmp	r3, #0
    eba8:	c1ee      	tjne.n	eb88 <otaWrite+0x2ac>
    ebaa:	b509      	tadds	r5, #9
    ebac:	a201      	tmovs	r2, #1
    ebae:	40a2      	tstorerb	r2, [r4, #2]
    ebb0:	492a      	tloadrb	r2, [r5, #4]
    ebb2:	aa00      	tcmp	r2, #0
    ebb4:	c007      	tjeq.n	ebc6 <otaWrite+0x2ea>
    ebb6:	48a8      	tloadrb	r0, [r5, #2]
    ebb8:	48ea      	tloadrb	r2, [r5, #3]
    ebba:	f212      	tshftls	r2, r2, #8
    ebbc:	2a21      	tloadrh	r1, [r4, #16]
    ebbe:	0302      	tors	r2, r0
    ebc0:	0291      	tcmp	r1, r2
    ebc2:	c300      	tjcc.n	ebc6 <otaWrite+0x2ea>
    ebc4:	40a3      	tstorerb	r3, [r4, #2]
    ebc6:	97ff 9e6d 	tjl	e8a4 <blt_ota_pushVersionRsp>
    ebca:	a600      	tmovs	r6, #0
    ebcc:	a800      	tcmp	r0, #0
    ebce:	c100      	tjne.n	ebd2 <otaWrite+0x2f6>
    ebd0:	86e7      	tj.n	e9a2 <otaWrite+0xc6>
    ebd2:	a301      	tmovs	r3, #1
    ebd4:	4323      	tstorerb	r3, [r4, #12]
    ebd6:	86e4      	tj.n	e9a2 <otaWrite+0xc6>
    ebd8:	a10b      	tmovs	r1, #11
    ebda:	f690      	tshftls	r0, r2, #26
    ebdc:	c5d4      	tjpl.n	eb88 <otaWrite+0x2ac>
    ebde:	86f6      	tj.n	e9ce <otaWrite+0xf2>
    ebe0:	008437ec 	taddeq	r3, r4, ip, ror #15
    ebe4:	0000feff 	undefined instruction 0x0000feff
    ebe8:	0000ff04 	tandeq	pc, r0, r4, lsl #30
    ebec:	ffff00fd 	undefined instruction 0xffff00fd
    ebf0:	ffff00ff 	undefined instruction 0xffff00ff
    ebf4:	00843140 	taddeq	r3, r4, r0, asr #2
    ebf8:	0100325e 	tnandeq	r0, lr, asr r2
    ebfc:	0000ff03 	tandeq	pc, r0, r3, lsl #30
    ec00:	00800740 	taddeq	r0, r0, r0, asr #14
    ec04:	00003fff 	undefined instruction 0x00003fff
    ec08:	0084386c 	taddeq	r3, r4, ip, ror #16
    ec0c:	0000ff02 	tandeq	pc, r0, r2, lsl #30
    ec10:	0000ffff 	undefined instruction 0x0000ffff
    ec14:	b509      	tadds	r5, #9
    ec16:	48eb      	tloadrb	r3, [r5, #3]
    ec18:	ab00      	tcmp	r3, #0
    ec1a:	c003      	tjeq.n	ec24 <otaWrite+0x348>
    ec1c:	48a3      	tloadrb	r3, [r4, #2]
    ec1e:	a108      	tmovs	r1, #8
    ec20:	ab00      	tcmp	r3, #0
    ec22:	c0b1      	tjeq.n	eb88 <otaWrite+0x2ac>
    ec24:	48ab      	tloadrb	r3, [r5, #2]
    ec26:	a109      	tmovs	r1, #9
    ec28:	f71a      	tshftls	r2, r3, #28
    ec2a:	c1ad      	tjne.n	eb88 <otaWrite+0x2ac>
    ec2c:	ab00      	tcmp	r3, #0
    ec2e:	c0ab      	tjeq.n	eb88 <otaWrite+0x2ac>
    ec30:	4223      	tstorerb	r3, [r4, #8]
    ec32:	869c      	tj.n	e96e <otaWrite+0x92>
    ec34:	a00c      	tmovs	r0, #12
    ec36:	97f1 9cad 	tjl	594 <analog_read>
    ec3a:	a307      	tmovs	r3, #7
    ec3c:	ec01      	tadds	r1, r0, #0
    ec3e:	0319      	tors	r1, r3
    ec40:	f609      	tshftls	r1, r1, #24
    ec42:	fe09      	tshftrs	r1, r1, #24
    ec44:	a00c      	tmovs	r0, #12
    ec46:	97f1 9cc5 	tjl	5d4 <analog_write>
    ec4a:	8686      	tj.n	e95a <otaWrite+0x7e>
    ec4c:	5ba2      	tloadr	r2, [r4, #56]	; 0x38
    ec4e:	a105      	tmovs	r1, #5
    ec50:	ea9b      	tsubs	r3, r3, r2
    ec52:	ee5a      	tsubs	r2, r3, #1
    ec54:	0193      	tsubcs	r3, r2
    ec56:	025b      	tnegs	r3, r3
    ec58:	0019      	tands	r1, r3
    ec5a:	878e      	tj.n	eb7a <otaWrite+0x29e>
    ec5c:	4a63      	tloadrb	r3, [r4, #9]
    ec5e:	069c      	tmov	ip, r3
    ec60:	ec2b      	tadds	r3, r5, #0
    ec62:	0463      	tadd	r3, ip
    ec64:	4859      	tloadrb	r1, [r3, #1]
    ec66:	f209      	tshftls	r1, r1, #8
    ec68:	489a      	tloadrb	r2, [r3, #2]
    ec6a:	f412      	tshftls	r2, r2, #16
    ec6c:	0311      	tors	r1, r2
    ec6e:	0660      	tmov	r0, ip
    ec70:	1c2a      	tloadrb	r2, [r5, r0]
    ec72:	030a      	tors	r2, r1
    ec74:	48db      	tloadrb	r3, [r3, #3]
    ec76:	f61b      	tshftls	r3, r3, #24
    ec78:	031a      	tors	r2, r3
    ec7a:	3200      	tstorer	r2, [sp, #0]
    ec7c:	8719      	tj.n	eab2 <otaWrite+0x1d6>
    ec7e:	ec38      	tadds	r0, r7, #0
    ec80:	ec31      	tadds	r1, r6, #0
    ec82:	ec2a      	tadds	r2, r5, #0
    ec84:	97ff 9d72 	tjl	e76c <ota_save_data>
    ec88:	ec01      	tadds	r1, r0, #0
    ec8a:	8742      	tj.n	eb12 <otaWrite+0x236>
    ec8c:	0718      	tjex	r3
    ec8e:	46c0      	tnop			; (mov r8, r8)

0000ec90 <blt_ota_procOtaResultFeedback>:
blt_ota_procOtaResultFeedback():
    ec90:	6510      	tpush	{r4, lr}
    ec92:	6081      	tsub	sp, #4
    ec94:	0b19      	tloadr	r3, [pc, #100]	; (ecfc <blt_ota_procOtaResultFeedback+0x6c>)
    ec96:	581a      	tloadr	r2, [r3, #0]
    ec98:	0c19      	tloadr	r4, [pc, #100]	; (ed00 <blt_ota_procOtaResultFeedback+0x70>)
    ec9a:	5be3      	tloadr	r3, [r4, #60]	; 0x3c
    ec9c:	ead2      	tsubs	r2, r2, r3
    ec9e:	0b19      	tloadr	r3, [pc, #100]	; (ed04 <blt_ota_procOtaResultFeedback+0x74>)
    eca0:	029a      	tcmp	r2, r3
    eca2:	c806      	tjhi.n	ecb2 <blt_ota_procOtaResultFeedback+0x22>
    eca4:	4b23      	tloadrb	r3, [r4, #12]
    eca6:	ab02      	tcmp	r3, #2
    eca8:	c008      	tjeq.n	ecbc <blt_ota_procOtaResultFeedback+0x2c>
    ecaa:	ab03      	tcmp	r3, #3
    ecac:	c019      	tjeq.n	ece2 <blt_ota_procOtaResultFeedback+0x52>
    ecae:	6001      	tadd	sp, #4
    ecb0:	6d10      	tpop	{r4, pc}
    ecb2:	a308      	tmovs	r3, #8
    ecb4:	4023      	tstorerb	r3, [r4, #0]
    ecb6:	a300      	tmovs	r3, #0
    ecb8:	4323      	tstorerb	r3, [r4, #12]
    ecba:	87f8      	tj.n	ecae <blt_ota_procOtaResultFeedback+0x1e>
    ecbc:	066a      	tmov	r2, sp
    ecbe:	a306      	tmovs	r3, #6
    ecc0:	4013      	tstorerb	r3, [r2, #0]
    ecc2:	a301      	tmovs	r3, #1
    ecc4:	025b      	tnegs	r3, r3
    ecc6:	4053      	tstorerb	r3, [r2, #1]
    ecc8:	4863      	tloadrb	r3, [r4, #1]
    ecca:	4093      	tstorerb	r3, [r2, #2]
    eccc:	a300      	tmovs	r3, #0
    ecce:	40d3      	tstorerb	r3, [r2, #3]
    ecd0:	2ae0      	tloadrh	r0, [r4, #22]
    ecd2:	2aa1      	tloadrh	r1, [r4, #20]
    ecd4:	a304      	tmovs	r3, #4
    ecd6:	97fd 9d25 	tjl	c724 <blc_gatt_pushHandleValueNotify>
    ecda:	a800      	tcmp	r0, #0
    ecdc:	c109      	tjne.n	ecf2 <blt_ota_procOtaResultFeedback+0x62>
    ecde:	a303      	tmovs	r3, #3
    ece0:	4323      	tstorerb	r3, [r4, #12]
    ece2:	a013      	tmovs	r0, #19
    ece4:	97fb 9bca 	tjl	a47c <bls_ll_terminateConnection>
    ece8:	a802      	tcmp	r0, #2
    ecea:	c104      	tjne.n	ecf6 <blt_ota_procOtaResultFeedback+0x66>
    ecec:	a300      	tmovs	r3, #0
    ecee:	4323      	tstorerb	r3, [r4, #12]
    ecf0:	87dd      	tj.n	ecae <blt_ota_procOtaResultFeedback+0x1e>
    ecf2:	4b23      	tloadrb	r3, [r4, #12]
    ecf4:	87d9      	tj.n	ecaa <blt_ota_procOtaResultFeedback+0x1a>
    ecf6:	a800      	tcmp	r0, #0
    ecf8:	c0f8      	tjeq.n	ecec <blt_ota_procOtaResultFeedback+0x5c>
    ecfa:	87d8      	tj.n	ecae <blt_ota_procOtaResultFeedback+0x1e>
    ecfc:	00800740 	taddeq	r0, r0, r0, asr #14
    ed00:	008437ec 	taddeq	r3, r4, ip, ror #15
    ed04:	03d09000 	tbclrseq	r9, r0, #0

0000ed08 <blt_ota_procOtaFinish>:
blt_ota_procOtaFinish():
    ed08:	6530      	tpush	{r4, r5, lr}
    ed0a:	0d11      	tloadr	r5, [pc, #68]	; (ed50 <blt_ota_procOtaFinish+0x48>)
    ed0c:	5f2b      	tloadr	r3, [r5, #112]	; 0x70
    ed0e:	ab00      	tcmp	r3, #0
    ed10:	c002      	tjeq.n	ed18 <blt_ota_procOtaFinish+0x10>
    ed12:	4868      	tloadrb	r0, [r5, #1]
    ed14:	9000 9822 	tjl	ed5c <blt_ota_procOtaFinish+0x54>
    ed18:	486b      	tloadrb	r3, [r5, #1]
    ed1a:	ab00      	tcmp	r3, #0
    ed1c:	c012      	tjeq.n	ed44 <blt_ota_procOtaFinish+0x3c>
    ed1e:	5b6c      	tloadr	r4, [r5, #52]	; 0x34
    ed20:	ac00      	tcmp	r4, #0
    ed22:	cb0c      	tjlt.n	ed3e <blt_ota_procOtaFinish+0x36>
    ed24:	0b0b      	tloadr	r3, [pc, #44]	; (ed54 <blt_ota_procOtaFinish+0x4c>)
    ed26:	481a      	tloadrb	r2, [r3, #0]
    ed28:	a200      	tmovs	r2, #0
    ed2a:	401a      	tstorerb	r2, [r3, #0]
    ed2c:	5f68      	tloadr	r0, [r5, #116]	; 0x74
    ed2e:	e820      	tadds	r0, r4, r0
    ed30:	97f9 9d4a 	tjl	87c8 <flash_erase_sector>
    ed34:	0b08      	tloadr	r3, [pc, #32]	; (ed58 <blt_ota_procOtaFinish+0x50>)
    ed36:	e8e4      	tadds	r4, r4, r3
    ed38:	c5f8      	tjpl.n	ed2c <blt_ota_procOtaFinish+0x24>
    ed3a:	97f1 9e45 	tjl	9c8 <start_reboot>
    ed3e:	97ff 9cd1 	tjl	e6e4 <blt_ota_reset>
    ed42:	6d30      	tpop	{r4, r5, pc}
    ed44:	97ff 9cee 	tjl	e724 <blt_ota_writeBootMark>
    ed48:	97f1 9e3e 	tjl	9c8 <start_reboot>
    ed4c:	87f9      	tj.n	ed42 <blt_ota_procOtaFinish+0x3a>
    ed4e:	46c0      	tnop			; (mov r8, r8)
    ed50:	008437ec 	taddeq	r3, r4, ip, ror #15
    ed54:	00800643 	taddeq	r0, r0, r3, asr #12
    ed58:	fffff000 	undefined instruction 0xfffff000
    ed5c:	0718      	tjex	r3
    ed5e:	46c0      	tnop			; (mov r8, r8)

0000ed60 <blt_ota_pushSchedulerIndication>:
blt_ota_pushSchedulerIndication():
    ed60:	6510      	tpush	{r4, lr}
    ed62:	6081      	tsub	sp, #4
    ed64:	066a      	tmov	r2, sp
    ed66:	a308      	tmovs	r3, #8
    ed68:	4013      	tstorerb	r3, [r2, #0]
    ed6a:	a301      	tmovs	r3, #1
    ed6c:	025b      	tnegs	r3, r3
    ed6e:	4053      	tstorerb	r3, [r2, #1]
    ed70:	0c08      	tloadr	r4, [pc, #32]	; (ed94 <blt_ota_pushSchedulerIndication+0x34>)
    ed72:	a320      	tmovs	r3, #32
    ed74:	1ce3      	tloadrb	r3, [r4, r3]
    ed76:	4093      	tstorerb	r3, [r2, #2]
    ed78:	a321      	tmovs	r3, #33	; 0x21
    ed7a:	1ce3      	tloadrb	r3, [r4, r3]
    ed7c:	40d3      	tstorerb	r3, [r2, #3]
    ed7e:	2ae0      	tloadrh	r0, [r4, #22]
    ed80:	2aa1      	tloadrh	r1, [r4, #20]
    ed82:	a304      	tmovs	r3, #4
    ed84:	97fd 9cce 	tjl	c724 <blc_gatt_pushHandleValueNotify>
    ed88:	a800      	tcmp	r0, #0
    ed8a:	c100      	tjne.n	ed8e <blt_ota_pushSchedulerIndication+0x2e>
    ed8c:	2420      	tstorerh	r0, [r4, #32]
    ed8e:	6001      	tadd	sp, #4
    ed90:	6d10      	tpop	{r4, pc}
    ed92:	46c0      	tnop			; (mov r8, r8)
    ed94:	008437ec 	taddeq	r3, r4, ip, ror #15

0000ed98 <blt_proc_ota_server>:
blt_proc_ota_server():
    ed98:	6510      	tpush	{r4, lr}
    ed9a:	0c15      	tloadr	r4, [pc, #84]	; (edf0 <blt_proc_ota_server+0x58>)
    ed9c:	4b23      	tloadrb	r3, [r4, #12]
    ed9e:	ab01      	tcmp	r3, #1
    eda0:	c01c      	tjeq.n	eddc <blt_proc_ota_server+0x44>
    eda2:	4823      	tloadrb	r3, [r4, #0]
    eda4:	ab04      	tcmp	r3, #4
    eda6:	c01e      	tjeq.n	ede6 <blt_proc_ota_server+0x4e>
    eda8:	ab08      	tcmp	r3, #8
    edaa:	c014      	tjeq.n	edd6 <blt_proc_ota_server+0x3e>
    edac:	5c23      	tloadr	r3, [r4, #64]	; 0x40
    edae:	ab00      	tcmp	r3, #0
    edb0:	c10e      	tjne.n	edd0 <blt_proc_ota_server+0x38>
    edb2:	5c63      	tloadr	r3, [r4, #68]	; 0x44
    edb4:	ab00      	tcmp	r3, #0
    edb6:	c10b      	tjne.n	edd0 <blt_proc_ota_server+0x38>
    edb8:	2c23      	tloadrh	r3, [r4, #32]
    edba:	ab00      	tcmp	r3, #0
    edbc:	c006      	tjeq.n	edcc <blt_proc_ota_server+0x34>
    edbe:	4823      	tloadrb	r3, [r4, #0]
    edc0:	ab04      	tcmp	r3, #4
    edc2:	c003      	tjeq.n	edcc <blt_proc_ota_server+0x34>
    edc4:	ab08      	tcmp	r3, #8
    edc6:	c001      	tjeq.n	edcc <blt_proc_ota_server+0x34>
    edc8:	97ff 9fca 	tjl	ed60 <blt_ota_pushSchedulerIndication>
    edcc:	a000      	tmovs	r0, #0
    edce:	6d10      	tpop	{r4, pc}
    edd0:	97ff 9d42 	tjl	e858 <blt_ota_procTimeout>
    edd4:	87f0      	tj.n	edb8 <blt_proc_ota_server+0x20>
    edd6:	97ff 9f97 	tjl	ed08 <blt_ota_procOtaFinish>
    edda:	87e7      	tj.n	edac <blt_proc_ota_server+0x14>
    eddc:	97ff 9d62 	tjl	e8a4 <blt_ota_pushVersionRsp>
    ede0:	4823      	tloadrb	r3, [r4, #0]
    ede2:	ab04      	tcmp	r3, #4
    ede4:	c1e0      	tjne.n	eda8 <blt_proc_ota_server+0x10>
    ede6:	97ff 9f53 	tjl	ec90 <blt_ota_procOtaResultFeedback>
    edea:	4823      	tloadrb	r3, [r4, #0]
    edec:	87dc      	tj.n	eda8 <blt_proc_ota_server+0x10>
    edee:	46c0      	tnop			; (mov r8, r8)
    edf0:	008437ec 	taddeq	r3, r4, ip, ror #15

0000edf4 <bls_ota_clearNewFwDataArea>:
bls_ota_clearNewFwDataArea():
    edf4:	65f0      	tpush	{r4, r5, r6, r7, lr}
    edf6:	0657      	tmov	r7, sl
    edf8:	0646      	tmov	r6, r8
    edfa:	64c0      	tpush	{r6, r7}
    edfc:	6082      	tsub	sp, #8
    edfe:	0d1c      	tloadr	r5, [pc, #112]	; (ee70 <bls_ota_clearNewFwDataArea+0x7c>)
    ee00:	4b6b      	tloadrb	r3, [r5, #13]
    ee02:	ab00      	tcmp	r3, #0
    ee04:	c031      	tjeq.n	ee6a <bls_ota_clearNewFwDataArea+0x76>
    ee06:	a301      	tmovs	r3, #1
    ee08:	43ab      	tstorerb	r3, [r5, #14]
    ee0a:	a300      	tmovs	r3, #0
    ee0c:	3301      	tstorer	r3, [sp, #4]
    ee0e:	3300      	tstorer	r3, [sp, #0]
    ee10:	5e6b      	tloadr	r3, [r5, #100]	; 0x64
    ee12:	e09b      	tasrs	r3, r3, #2
    ee14:	ab00      	tcmp	r3, #0
    ee16:	cd23      	tjle.n	ee60 <bls_ota_clearNewFwDataArea+0x6c>
    ee18:	7b01      	tadd	r3, sp, #4
    ee1a:	0698      	tmov	r8, r3
    ee1c:	06ea      	tmov	sl, sp
    ee1e:	a400      	tmovs	r4, #0
    ee20:	0e14      	tloadr	r6, [pc, #80]	; (ee74 <bls_ota_clearNewFwDataArea+0x80>)
    ee22:	f327      	tshftls	r7, r4, #12
    ee24:	5f6b      	tloadr	r3, [r5, #116]	; 0x74
    ee26:	e8ff      	tadds	r7, r7, r3
    ee28:	5833      	tloadr	r3, [r6, #0]
    ee2a:	ec38      	tadds	r0, r7, #0
    ee2c:	a104      	tmovs	r1, #4
    ee2e:	0642      	tmov	r2, r8
    ee30:	9000 9822 	tjl	ee78 <bls_ota_clearNewFwDataArea+0x84>
    ee34:	a380      	tmovs	r3, #128	; 0x80
    ee36:	f11b      	tshftls	r3, r3, #4
    ee38:	e8f8      	tadds	r0, r7, r3
    ee3a:	5833      	tloadr	r3, [r6, #0]
    ee3c:	a104      	tmovs	r1, #4
    ee3e:	0652      	tmov	r2, sl
    ee40:	9000 981a 	tjl	ee78 <bls_ota_clearNewFwDataArea+0x84>
    ee44:	3b01      	tloadr	r3, [sp, #4]
    ee46:	b301      	tadds	r3, #1
    ee48:	c102      	tjne.n	ee50 <bls_ota_clearNewFwDataArea+0x5c>
    ee4a:	3b00      	tloadr	r3, [sp, #0]
    ee4c:	b301      	tadds	r3, #1
    ee4e:	c002      	tjeq.n	ee56 <bls_ota_clearNewFwDataArea+0x62>
    ee50:	ec38      	tadds	r0, r7, #0
    ee52:	97f9 9cb9 	tjl	87c8 <flash_erase_sector>
    ee56:	b401      	tadds	r4, #1
    ee58:	5e6b      	tloadr	r3, [r5, #100]	; 0x64
    ee5a:	e09b      	tasrs	r3, r3, #2
    ee5c:	02a3      	tcmp	r3, r4
    ee5e:	cce0      	tjgt.n	ee22 <bls_ota_clearNewFwDataArea+0x2e>
    ee60:	6002      	tadd	sp, #8
    ee62:	6c0c      	tpop	{r2, r3}
    ee64:	0690      	tmov	r8, r2
    ee66:	069a      	tmov	sl, r3
    ee68:	6df0      	tpop	{r4, r5, r6, r7, pc}
    ee6a:	9000 9807 	tjl	ee7c <blc_ota_initOtaServer_module>
    ee6e:	87ca      	tj.n	ee06 <bls_ota_clearNewFwDataArea+0x12>
    ee70:	008437ec 	taddeq	r3, r4, ip, ror #15
    ee74:	00843134 	taddeq	r3, r4, r4, lsr r1
    ee78:	0718      	tjex	r3
    ee7a:	46c0      	tnop			; (mov r8, r8)

0000ee7c <blc_ota_initOtaServer_module>:
blc_ota_initOtaServer_module():
    ee7c:	6510      	tpush	{r4, lr}
    ee7e:	0c10      	tloadr	r4, [pc, #64]	; (eec0 <blc_ota_initOtaServer_module+0x44>)
    ee80:	a301      	tmovs	r3, #1
    ee82:	4363      	tstorerb	r3, [r4, #13]
    ee84:	0a0f      	tloadr	r2, [pc, #60]	; (eec4 <blc_ota_initOtaServer_module+0x48>)
    ee86:	0b10      	tloadr	r3, [pc, #64]	; (eec8 <blc_ota_initOtaServer_module+0x4c>)
    ee88:	501a      	tstorer	r2, [r3, #0]
    ee8a:	0a10      	tloadr	r2, [pc, #64]	; (eecc <blc_ota_initOtaServer_module+0x50>)
    ee8c:	0b10      	tloadr	r3, [pc, #64]	; (eed0 <blc_ota_initOtaServer_module+0x54>)
    ee8e:	501a      	tstorer	r2, [r3, #0]
    ee90:	0b10      	tloadr	r3, [pc, #64]	; (eed4 <blc_ota_initOtaServer_module+0x58>)
    ee92:	581b      	tloadr	r3, [r3, #0]
    ee94:	f19a      	tshftls	r2, r3, #6
    ee96:	c40f      	tjmi.n	eeb8 <blc_ota_initOtaServer_module+0x3c>
    ee98:	a301      	tmovs	r3, #1
    ee9a:	4163      	tstorerb	r3, [r4, #5]
    ee9c:	025b      	tnegs	r3, r3
    ee9e:	5263      	tstorer	r3, [r4, #36]	; 0x24
    eea0:	0b0d      	tloadr	r3, [pc, #52]	; (eed8 <blc_ota_initOtaServer_module+0x5c>)
    eea2:	54a3      	tstorer	r3, [r4, #72]	; 0x48
    eea4:	0b0d      	tloadr	r3, [pc, #52]	; (eedc <blc_ota_initOtaServer_module+0x60>)
    eea6:	54e3      	tstorer	r3, [r4, #76]	; 0x4c
    eea8:	97ff 9c1c 	tjl	e6e4 <blt_ota_reset>
    eeac:	4ba3      	tloadrb	r3, [r4, #14]
    eeae:	ab00      	tcmp	r3, #0
    eeb0:	c101      	tjne.n	eeb6 <blc_ota_initOtaServer_module+0x3a>
    eeb2:	97ff 9f9f 	tjl	edf4 <bls_ota_clearNewFwDataArea>
    eeb6:	6d10      	tpop	{r4, pc}
    eeb8:	9000 9910 	tjl	f0dc <ota_sonos_flash_init>
    eebc:	87ec      	tj.n	ee98 <blc_ota_initOtaServer_module+0x1c>
    eebe:	46c0      	tnop			; (mov r8, r8)
    eec0:	008437ec 	taddeq	r3, r4, ip, ror #15
    eec4:	00002bf5 	undefined instruction 0x00002bf5
    eec8:	0084362c 	taddeq	r3, r4, ip, lsr #12
    eecc:	00002bc1 	tandeq	r2, r0, r1, asr #23
    eed0:	00843628 	taddeq	r3, r4, r8, lsr #12
    eed4:	00843140 	taddeq	r3, r4, r0, asr #2
    eed8:	01c9c380 	tbclreq	ip, r9, r0, lsl #7
    eedc:	004c4b40 	tsubeq	r4, ip, r0, asr #22

0000eee0 <blt_ota_registerOtaWriteFwCallback>:
blt_ota_registerOtaWriteFwCallback():
    eee0:	0b01      	tloadr	r3, [pc, #4]	; (eee8 <blt_ota_registerOtaWriteFwCallback+0x8>)
    eee2:	5398      	tstorer	r0, [r3, #56]	; 0x38
    eee4:	0770      	tjex	lr
    eee6:	46c0      	tnop			; (mov r8, r8)
    eee8:	0084386c 	taddeq	r3, r4, ip, ror #16

0000eeec <ota_sonos_flash_save_data>:
ota_sonos_flash_save_data():
    eeec:	65f0      	tpush	{r4, r5, r6, r7, lr}
    eeee:	60c1      	tsub	sp, #260	; 0x104
    eef0:	ec06      	tadds	r6, r0, #0
    eef2:	ec0c      	tadds	r4, r1, #0
    eef4:	ec15      	tadds	r5, r2, #0
    eef6:	a808      	tcmp	r0, #8
    eef8:	c802      	tjhi.n	ef00 <ota_sonos_flash_save_data+0x14>
    eefa:	e80b      	tadds	r3, r1, r0
    eefc:	ab08      	tcmp	r3, #8
    eefe:	c81a      	tjhi.n	ef36 <ota_sonos_flash_save_data+0x4a>
    ef00:	0b17      	tloadr	r3, [pc, #92]	; (ef60 <ota_sonos_flash_save_data+0x74>)
    ef02:	581b      	tloadr	r3, [r3, #0]
    ef04:	e8f6      	tadds	r6, r6, r3
    ef06:	0b17      	tloadr	r3, [pc, #92]	; (ef64 <ota_sonos_flash_save_data+0x78>)
    ef08:	581b      	tloadr	r3, [r3, #0]
    ef0a:	ec30      	tadds	r0, r6, #0
    ef0c:	ec21      	tadds	r1, r4, #0
    ef0e:	ec2a      	tadds	r2, r5, #0
    ef10:	9000 982e 	tjl	ef70 <ota_sonos_flash_save_data+0x84>
    ef14:	0b14      	tloadr	r3, [pc, #80]	; (ef68 <ota_sonos_flash_save_data+0x7c>)
    ef16:	581b      	tloadr	r3, [r3, #0]
    ef18:	ec30      	tadds	r0, r6, #0
    ef1a:	ec21      	tadds	r1, r4, #0
    ef1c:	066a      	tmov	r2, sp
    ef1e:	9000 9827 	tjl	ef70 <ota_sonos_flash_save_data+0x84>
    ef22:	0668      	tmov	r0, sp
    ef24:	ec29      	tadds	r1, r5, #0
    ef26:	ec22      	tadds	r2, r4, #0
    ef28:	97f9 9cd2 	tjl	88d0 <memcmp>
    ef2c:	ee43      	tsubs	r3, r0, #1
    ef2e:	0198      	tsubcs	r0, r3
    ef30:	f080      	tshftls	r0, r0, #2
    ef32:	6041      	tadd	sp, #260	; 0x104
    ef34:	6df0      	tpop	{r4, r5, r6, r7, pc}
    ef36:	0b0d      	tloadr	r3, [pc, #52]	; (ef6c <ota_sonos_flash_save_data+0x80>)
    ef38:	581b      	tloadr	r3, [r3, #0]
    ef3a:	3340      	tstorer	r3, [sp, #256]	; 0x100
    ef3c:	a708      	tmovs	r7, #8
    ef3e:	ec3b      	tadds	r3, r7, #0
    ef40:	ea1f      	tsubs	r7, r3, r0
    ef42:	f63f      	tshftls	r7, r7, #24
    ef44:	fe3f      	tshftrs	r7, r7, #24
    ef46:	e9d7      	tadds	r7, r2, r7
    ef48:	ec38      	tadds	r0, r7, #0
    ef4a:	7940      	tadd	r1, sp, #256	; 0x100
    ef4c:	a204      	tmovs	r2, #4
    ef4e:	97f9 9cbf 	tjl	88d0 <memcmp>
    ef52:	ec03      	tadds	r3, r0, #0
    ef54:	a00a      	tmovs	r0, #10
    ef56:	ab00      	tcmp	r3, #0
    ef58:	c1eb      	tjne.n	ef32 <ota_sonos_flash_save_data+0x46>
    ef5a:	a3ff      	tmovs	r3, #255	; 0xff
    ef5c:	403b      	tstorerb	r3, [r7, #0]
    ef5e:	87cf      	tj.n	ef00 <ota_sonos_flash_save_data+0x14>
    ef60:	00843860 	taddeq	r3, r4, r0, ror #16
    ef64:	0084313c 	taddeq	r3, r4, ip, lsr r1
    ef68:	00843134 	taddeq	r3, r4, r4, lsr r1
    ef6c:	000100e8 	tandeq	r0, r1, r8, ror #1
    ef70:	0718      	tjex	r3
    ef72:	46c0      	tnop			; (mov r8, r8)

0000ef74 <ota_sonos_flash_write_fw>:
ota_sonos_flash_write_fw():
    ef74:	65f0      	tpush	{r4, r5, r6, r7, lr}
    ef76:	0657      	tmov	r7, sl
    ef78:	0646      	tmov	r6, r8
    ef7a:	64c0      	tpush	{r6, r7}
    ef7c:	60c0      	tsub	sp, #256	; 0x100
    ef7e:	ec0b      	tadds	r3, r1, #0
    ef80:	ec16      	tadds	r6, r2, #0
    ef82:	a800      	tcmp	r0, #0
    ef84:	c000      	tjeq.n	ef88 <ota_sonos_flash_write_fw+0x14>
    ef86:	8070      	tj.n	f06a <ota_sonos_flash_write_fw+0xf6>
    ef88:	0c52      	tloadr	r4, [pc, #328]	; (f0d4 <ota_sonos_flash_write_fw+0x160>)
    ef8a:	a254      	tmovs	r2, #84	; 0x54
    ef8c:	1ca1      	tloadrb	r1, [r4, r2]
    ef8e:	a255      	tmovs	r2, #85	; 0x55
    ef90:	1ca2      	tloadrb	r2, [r4, r2]
    ef92:	f212      	tshftls	r2, r2, #8
    ef94:	030a      	tors	r2, r1
    ef96:	a156      	tmovs	r1, #86	; 0x56
    ef98:	1c61      	tloadrb	r1, [r4, r1]
    ef9a:	f409      	tshftls	r1, r1, #16
    ef9c:	030a      	tors	r2, r1
    ef9e:	a157      	tmovs	r1, #87	; 0x57
    efa0:	1c61      	tloadrb	r1, [r4, r1]
    efa2:	f609      	tshftls	r1, r1, #24
    efa4:	a00f      	tmovs	r0, #15
    efa6:	0311      	tors	r1, r2
    efa8:	c15a      	tjne.n	f060 <ota_sonos_flash_write_fw+0xec>
    efaa:	a758      	tmovs	r7, #88	; 0x58
    efac:	1de1      	tloadrb	r1, [r4, r7]
    efae:	a059      	tmovs	r0, #89	; 0x59
    efb0:	0680      	tmov	r8, r0
    efb2:	1c22      	tloadrb	r2, [r4, r0]
    efb4:	f212      	tshftls	r2, r2, #8
    efb6:	030a      	tors	r2, r1
    efb8:	e89d      	tadds	r5, r3, r2
    efba:	adff      	tcmp	r5, #255	; 0xff
    efbc:	cd57      	tjle.n	f06e <ota_sonos_flash_write_fw+0xfa>
    efbe:	bd01      	tsubs	r5, #1
    efc0:	bdff      	tsubs	r5, #255	; 0xff
    efc2:	eb5b      	tsubs	r3, r3, r5
    efc4:	0698      	tmov	r8, r3
    efc6:	aa00      	tcmp	r2, #0
    efc8:	c15c      	tjne.n	f084 <ota_sonos_flash_write_fw+0x110>
    efca:	a700      	tmovs	r7, #0
    efcc:	06ea      	tmov	sl, sp
    efce:	ec38      	tadds	r0, r7, #0
    efd0:	0450      	tadd	r0, sl
    efd2:	ec31      	tadds	r1, r6, #0
    efd4:	0642      	tmov	r2, r8
    efd6:	97f9 9cb7 	tjl	8948 <memcpy>
    efda:	ad00      	tcmp	r5, #0
    efdc:	c160      	tjne.n	f0a0 <ota_sonos_flash_write_fw+0x12c>
    efde:	a358      	tmovs	r3, #88	; 0x58
    efe0:	14e5      	tstorerb	r5, [r4, r3]
    efe2:	fa2d      	tshftrs	r5, r5, #8
    efe4:	a359      	tmovs	r3, #89	; 0x59
    efe6:	14e5      	tstorerb	r5, [r4, r3]
    efe8:	a654      	tmovs	r6, #84	; 0x54
    efea:	1da3      	tloadrb	r3, [r4, r6]
    efec:	a555      	tmovs	r5, #85	; 0x55
    efee:	1d60      	tloadrb	r0, [r4, r5]
    eff0:	f200      	tshftls	r0, r0, #8
    eff2:	0318      	tors	r0, r3
    eff4:	a756      	tmovs	r7, #86	; 0x56
    eff6:	1de3      	tloadrb	r3, [r4, r7]
    eff8:	f41b      	tshftls	r3, r3, #16
    effa:	0318      	tors	r0, r3
    effc:	a357      	tmovs	r3, #87	; 0x57
    effe:	0698      	tmov	r8, r3
    f000:	1ce3      	tloadrb	r3, [r4, r3]
    f002:	f61b      	tshftls	r3, r3, #24
    f004:	0318      	tors	r0, r3
    f006:	a180      	tmovs	r1, #128	; 0x80
    f008:	f049      	tshftls	r1, r1, #1
    f00a:	066a      	tmov	r2, sp
    f00c:	97ff 9f6e 	tjl	eeec <ota_sonos_flash_save_data>
    f010:	1da2      	tloadrb	r2, [r4, r6]
    f012:	1d63      	tloadrb	r3, [r4, r5]
    f014:	f21b      	tshftls	r3, r3, #8
    f016:	0313      	tors	r3, r2
    f018:	1de2      	tloadrb	r2, [r4, r7]
    f01a:	f412      	tshftls	r2, r2, #16
    f01c:	0313      	tors	r3, r2
    f01e:	0641      	tmov	r1, r8
    f020:	1c62      	tloadrb	r2, [r4, r1]
    f022:	f612      	tshftls	r2, r2, #24
    f024:	0313      	tors	r3, r2
    f026:	b301      	tadds	r3, #1
    f028:	b3ff      	tadds	r3, #255	; 0xff
    f02a:	15a3      	tstorerb	r3, [r4, r6]
    f02c:	fa1a      	tshftrs	r2, r3, #8
    f02e:	1562      	tstorerb	r2, [r4, r5]
    f030:	fc1a      	tshftrs	r2, r3, #16
    f032:	15e2      	tstorerb	r2, [r4, r7]
    f034:	fe1b      	tshftrs	r3, r3, #24
    f036:	1463      	tstorerb	r3, [r4, r1]
    f038:	a800      	tcmp	r0, #0
    f03a:	c111      	tjne.n	f060 <ota_sonos_flash_write_fw+0xec>
    f03c:	4ea0      	tloadrb	r0, [r4, #26]
    f03e:	4ee2      	tloadrb	r2, [r4, #27]
    f040:	f212      	tshftls	r2, r2, #8
    f042:	4e21      	tloadrb	r1, [r4, #24]
    f044:	4e63      	tloadrb	r3, [r4, #25]
    f046:	f21b      	tshftls	r3, r3, #8
    f048:	0302      	tors	r2, r0
    f04a:	030b      	tors	r3, r1
    f04c:	a000      	tmovs	r0, #0
    f04e:	029a      	tcmp	r2, r3
    f050:	c106      	tjne.n	f060 <ota_sonos_flash_write_fw+0xec>
    f052:	a358      	tmovs	r3, #88	; 0x58
    f054:	1ce3      	tloadrb	r3, [r4, r3]
    f056:	a259      	tmovs	r2, #89	; 0x59
    f058:	1ca1      	tloadrb	r1, [r4, r2]
    f05a:	f209      	tshftls	r1, r1, #8
    f05c:	0319      	tors	r1, r3
    f05e:	c126      	tjne.n	f0ae <ota_sonos_flash_write_fw+0x13a>
    f060:	6040      	tadd	sp, #256	; 0x100
    f062:	6c0c      	tpop	{r2, r3}
    f064:	0690      	tmov	r8, r2
    f066:	069a      	tmov	sl, r3
    f068:	6df0      	tpop	{r4, r5, r6, r7, pc}
    f06a:	0c1a      	tloadr	r4, [pc, #104]	; (f0d4 <ota_sonos_flash_write_fw+0x160>)
    f06c:	879d      	tj.n	efaa <ota_sonos_flash_write_fw+0x36>
    f06e:	081a      	tloadr	r0, [pc, #104]	; (f0d8 <ota_sonos_flash_write_fw+0x164>)
    f070:	e880      	tadds	r0, r0, r2
    f072:	ec31      	tadds	r1, r6, #0
    f074:	ec1a      	tadds	r2, r3, #0
    f076:	97f9 9c67 	tjl	8948 <memcpy>
    f07a:	15e5      	tstorerb	r5, [r4, r7]
    f07c:	fa2d      	tshftrs	r5, r5, #8
    f07e:	0642      	tmov	r2, r8
    f080:	14a5      	tstorerb	r5, [r4, r2]
    f082:	87db      	tj.n	f03c <ota_sonos_flash_write_fw+0xc8>
    f084:	ec17      	tadds	r7, r2, #0
    f086:	06ea      	tmov	sl, sp
    f088:	0668      	tmov	r0, sp
    f08a:	0913      	tloadr	r1, [pc, #76]	; (f0d8 <ota_sonos_flash_write_fw+0x164>)
    f08c:	97f9 9c5c 	tjl	8948 <memcpy>
    f090:	ec38      	tadds	r0, r7, #0
    f092:	0450      	tadd	r0, sl
    f094:	ec31      	tadds	r1, r6, #0
    f096:	0642      	tmov	r2, r8
    f098:	97f9 9c56 	tjl	8948 <memcpy>
    f09c:	ad00      	tcmp	r5, #0
    f09e:	c09e      	tjeq.n	efde <ota_sonos_flash_write_fw+0x6a>
    f0a0:	ec31      	tadds	r1, r6, #0
    f0a2:	0441      	tadd	r1, r8
    f0a4:	080c      	tloadr	r0, [pc, #48]	; (f0d8 <ota_sonos_flash_write_fw+0x164>)
    f0a6:	ec2a      	tadds	r2, r5, #0
    f0a8:	97f9 9c4e 	tjl	8948 <memcpy>
    f0ac:	8797      	tj.n	efde <ota_sonos_flash_write_fw+0x6a>
    f0ae:	a354      	tmovs	r3, #84	; 0x54
    f0b0:	1ce3      	tloadrb	r3, [r4, r3]
    f0b2:	a255      	tmovs	r2, #85	; 0x55
    f0b4:	1ca0      	tloadrb	r0, [r4, r2]
    f0b6:	f200      	tshftls	r0, r0, #8
    f0b8:	0318      	tors	r0, r3
    f0ba:	a356      	tmovs	r3, #86	; 0x56
    f0bc:	1ce3      	tloadrb	r3, [r4, r3]
    f0be:	f41b      	tshftls	r3, r3, #16
    f0c0:	0318      	tors	r0, r3
    f0c2:	a357      	tmovs	r3, #87	; 0x57
    f0c4:	1ce3      	tloadrb	r3, [r4, r3]
    f0c6:	f61b      	tshftls	r3, r3, #24
    f0c8:	0318      	tors	r0, r3
    f0ca:	0a03      	tloadr	r2, [pc, #12]	; (f0d8 <ota_sonos_flash_write_fw+0x164>)
    f0cc:	97ff 9f0e 	tjl	eeec <ota_sonos_flash_save_data>
    f0d0:	87c6      	tj.n	f060 <ota_sonos_flash_write_fw+0xec>
    f0d2:	46c0      	tnop			; (mov r8, r8)
    f0d4:	008437ec 	taddeq	r3, r4, ip, ror #15
    f0d8:	008438a8 	taddeq	r3, r4, r8, lsr #17

0000f0dc <ota_sonos_flash_init>:
ota_sonos_flash_init():
    f0dc:	6500      	tpush	{lr}
    f0de:	0802      	tloadr	r0, [pc, #8]	; (f0e8 <ota_sonos_flash_init+0xc>)
    f0e0:	97ff 9efe 	tjl	eee0 <blt_ota_registerOtaWriteFwCallback>
    f0e4:	6d00      	tpop	{pc}
    f0e6:	46c0      	tnop			; (mov r8, r8)
    f0e8:	0000ef75 	tandeq	lr, r0, r5, ror pc

0000f0ec <aes_ccmBaseTran.clone.0.clone.2>:
aes_ccmBaseTran.clone.0.clone.2():
    f0ec:	65f0      	tpush	{r4, r5, r6, r7, lr}
    f0ee:	065f      	tmov	r7, fp
    f0f0:	0656      	tmov	r6, sl
    f0f2:	064d      	tmov	r5, r9
    f0f4:	0644      	tmov	r4, r8
    f0f6:	64f0      	tpush	{r4, r5, r6, r7}
    f0f8:	608e      	tsub	sp, #56	; 0x38
    f0fa:	ec07      	tadds	r7, r0, #0
    f0fc:	ec0c      	tadds	r4, r1, #0
    f0fe:	ec1e      	tadds	r6, r3, #0
    f100:	3201      	tstorer	r2, [sp, #4]
    f102:	7d02      	tadd	r5, sp, #8
    f104:	a301      	tmovs	r3, #1
    f106:	402b      	tstorerb	r3, [r5, #0]
    f108:	0668      	tmov	r0, sp
    f10a:	b009      	tadds	r0, #9
    f10c:	ec39      	tadds	r1, r7, #0
    f10e:	a20d      	tmovs	r2, #13
    f110:	97f9 9c1a 	tjl	8948 <memcpy>
    f114:	a300      	tmovs	r3, #0
    f116:	43eb      	tstorerb	r3, [r5, #15]
    f118:	43ab      	tstorerb	r3, [r5, #14]
    f11a:	0845      	tloadr	r0, [pc, #276]	; (f230 <aes_ccmBaseTran.clone.0.clone.2+0x144>)
    f11c:	4003      	tstorerb	r3, [r0, #0]
    f11e:	4803      	tloadrb	r3, [r0, #0]
    f120:	f79a      	tshftls	r2, r3, #30
    f122:	c507      	tjpl.n	f134 <aes_ccmBaseTran.clone.0.clone.2+0x48>
    f124:	ec2b      	tadds	r3, r5, #0
    f126:	0f43      	tloadr	r7, [pc, #268]	; (f234 <aes_ccmBaseTran.clone.0.clone.2+0x148>)
    f128:	a102      	tmovs	r1, #2
    f12a:	db04      	tloadm	r3!, {r2}
    f12c:	503a      	tstorer	r2, [r7, #0]
    f12e:	4802      	tloadrb	r2, [r0, #0]
    f130:	0211      	tnand	r1, r2
    f132:	c1fa      	tjne.n	f12a <aes_ccmBaseTran.clone.0.clone.2+0x3e>
    f134:	093e      	tloadr	r1, [pc, #248]	; (f230 <aes_ccmBaseTran.clone.0.clone.2+0x144>)
    f136:	a204      	tmovs	r2, #4
    f138:	480b      	tloadrb	r3, [r1, #0]
    f13a:	021a      	tnand	r2, r3
    f13c:	c0fc      	tjeq.n	f138 <aes_ccmBaseTran.clone.0.clone.2+0x4c>
    f13e:	093c      	tloadr	r1, [pc, #240]	; (f230 <aes_ccmBaseTran.clone.0.clone.2+0x144>)
    f140:	a204      	tmovs	r2, #4
    f142:	480b      	tloadrb	r3, [r1, #0]
    f144:	021a      	tnand	r2, r3
    f146:	c0fc      	tjeq.n	f142 <aes_ccmBaseTran.clone.0.clone.2+0x56>
    f148:	0b3a      	tloadr	r3, [pc, #232]	; (f234 <aes_ccmBaseTran.clone.0.clone.2+0x148>)
    f14a:	581a      	tloadr	r2, [r3, #0]
    f14c:	3206      	tstorer	r2, [sp, #24]
    f14e:	581a      	tloadr	r2, [r3, #0]
    f150:	3207      	tstorer	r2, [sp, #28]
    f152:	581a      	tloadr	r2, [r3, #0]
    f154:	3208      	tstorer	r2, [sp, #32]
    f156:	581b      	tloadr	r3, [r3, #0]
    f158:	3309      	tstorer	r3, [sp, #36]	; 0x24
    f15a:	a300      	tmovs	r3, #0
    f15c:	e8ea      	tadds	r2, r5, r3
    f15e:	4c11      	tloadrb	r1, [r2, #16]
    f160:	1cf2      	tloadrb	r2, [r6, r3]
    f162:	004a      	txors	r2, r1
    f164:	14f2      	tstorerb	r2, [r6, r3]
    f166:	b301      	tadds	r3, #1
    f168:	ab04      	tcmp	r3, #4
    f16a:	c1f7      	tjne.n	f15c <aes_ccmBaseTran.clone.0.clone.2+0x70>
    f16c:	a300      	tmovs	r3, #0
    f16e:	43ab      	tstorerb	r3, [r5, #14]
    f170:	a301      	tmovs	r3, #1
    f172:	43eb      	tstorerb	r3, [r5, #15]
    f174:	3b01      	tloadr	r3, [sp, #4]
    f176:	069a      	tmov	sl, r3
    f178:	a30f      	tmovs	r3, #15
    f17a:	0650      	tmov	r0, sl
    f17c:	0203      	tnand	r3, r0
    f17e:	c005      	tjeq.n	f18c <aes_ccmBaseTran.clone.0.clone.2+0xa0>
    f180:	0398      	tbclrs	r0, r3
    f182:	ec03      	tadds	r3, r0, #0
    f184:	b310      	tadds	r3, #16
    f186:	f41b      	tshftls	r3, r3, #16
    f188:	fc1b      	tshftrs	r3, r3, #16
    f18a:	3301      	tstorer	r3, [sp, #4]
    f18c:	3a01      	tloadr	r2, [sp, #4]
    f18e:	aa00      	tcmp	r2, #0
    f190:	c045      	tjeq.n	f21e <aes_ccmBaseTran.clone.0.clone.2+0x132>
    f192:	a301      	tmovs	r3, #1
    f194:	3300      	tstorer	r3, [sp, #0]
    f196:	a000      	tmovs	r0, #0
    f198:	0683      	tmov	fp, r0
    f19a:	7a0a      	tadd	r2, sp, #40	; 0x28
    f19c:	0691      	tmov	r9, r2
    f19e:	0924      	tloadr	r1, [pc, #144]	; (f230 <aes_ccmBaseTran.clone.0.clone.2+0x144>)
    f1a0:	a302      	tmovs	r3, #2
    f1a2:	0698      	tmov	r8, r3
    f1a4:	0823      	tloadr	r0, [pc, #140]	; (f234 <aes_ccmBaseTran.clone.0.clone.2+0x148>)
    f1a6:	0684      	tmov	ip, r0
    f1a8:	a704      	tmovs	r7, #4
    f1aa:	a200      	tmovs	r2, #0
    f1ac:	400a      	tstorerb	r2, [r1, #0]
    f1ae:	480b      	tloadrb	r3, [r1, #0]
    f1b0:	0640      	tmov	r0, r8
    f1b2:	0218      	tnand	r0, r3
    f1b4:	c007      	tjeq.n	f1c6 <aes_ccmBaseTran.clone.0.clone.2+0xda>
    f1b6:	ec2b      	tadds	r3, r5, #0
    f1b8:	db04      	tloadm	r3!, {r2}
    f1ba:	0660      	tmov	r0, ip
    f1bc:	5002      	tstorer	r2, [r0, #0]
    f1be:	480a      	tloadrb	r2, [r1, #0]
    f1c0:	0640      	tmov	r0, r8
    f1c2:	0210      	tnand	r0, r2
    f1c4:	c1f8      	tjne.n	f1b8 <aes_ccmBaseTran.clone.0.clone.2+0xcc>
    f1c6:	480b      	tloadrb	r3, [r1, #0]
    f1c8:	021f      	tnand	r7, r3
    f1ca:	c0fc      	tjeq.n	f1c6 <aes_ccmBaseTran.clone.0.clone.2+0xda>
    f1cc:	480b      	tloadrb	r3, [r1, #0]
    f1ce:	021f      	tnand	r7, r3
    f1d0:	c0fc      	tjeq.n	f1cc <aes_ccmBaseTran.clone.0.clone.2+0xe0>
    f1d2:	0662      	tmov	r2, ip
    f1d4:	5813      	tloadr	r3, [r2, #0]
    f1d6:	3306      	tstorer	r3, [sp, #24]
    f1d8:	5813      	tloadr	r3, [r2, #0]
    f1da:	3307      	tstorer	r3, [sp, #28]
    f1dc:	5813      	tloadr	r3, [r2, #0]
    f1de:	3308      	tstorer	r3, [sp, #32]
    f1e0:	5813      	tloadr	r3, [r2, #0]
    f1e2:	3309      	tstorer	r3, [sp, #36]	; 0x24
    f1e4:	065b      	tmov	r3, fp
    f1e6:	7a06      	tadd	r2, sp, #24
    f1e8:	059a      	tcmp	sl, r3
    f1ea:	cd07      	tjle.n	f1fc <aes_ccmBaseTran.clone.0.clone.2+0x110>
    f1ec:	4816      	tloadrb	r6, [r2, #0]
    f1ee:	1ce0      	tloadrb	r0, [r4, r3]
    f1f0:	0070      	txors	r0, r6
    f1f2:	14e0      	tstorerb	r0, [r4, r3]
    f1f4:	b301      	tadds	r3, #1
    f1f6:	b201      	tadds	r2, #1
    f1f8:	0591      	tcmp	r9, r2
    f1fa:	c1f5      	tjne.n	f1e8 <aes_ccmBaseTran.clone.0.clone.2+0xfc>
    f1fc:	3b00      	tloadr	r3, [sp, #0]
    f1fe:	b301      	tadds	r3, #1
    f200:	f41b      	tshftls	r3, r3, #16
    f202:	fc18      	tshftrs	r0, r3, #16
    f204:	3000      	tstorer	r0, [sp, #0]
    f206:	fe1b      	tshftrs	r3, r3, #24
    f208:	43ab      	tstorerb	r3, [r5, #14]
    f20a:	43e8      	tstorerb	r0, [r5, #15]
    f20c:	a010      	tmovs	r0, #16
    f20e:	ec03      	tadds	r3, r0, #0
    f210:	045b      	tadd	r3, fp
    f212:	f41b      	tshftls	r3, r3, #16
    f214:	fc1b      	tshftrs	r3, r3, #16
    f216:	069b      	tmov	fp, r3
    f218:	3a01      	tloadr	r2, [sp, #4]
    f21a:	0593      	tcmp	fp, r2
    f21c:	c3c5      	tjcc.n	f1aa <aes_ccmBaseTran.clone.0.clone.2+0xbe>
    f21e:	a000      	tmovs	r0, #0
    f220:	600e      	tadd	sp, #56	; 0x38
    f222:	6c3c      	tpop	{r2, r3, r4, r5}
    f224:	0690      	tmov	r8, r2
    f226:	0699      	tmov	r9, r3
    f228:	06a2      	tmov	sl, r4
    f22a:	06ab      	tmov	fp, r5
    f22c:	6df0      	tpop	{r4, r5, r6, r7, pc}
    f22e:	46c0      	tnop			; (mov r8, r8)
    f230:	00800540 	taddeq	r0, r0, r0, asr #10
    f234:	00800548 	taddeq	r0, r0, r8, asr #10

0000f238 <aes_ccmAuthTran.clone.1>:
aes_ccmAuthTran.clone.1():
    f238:	65f0      	tpush	{r4, r5, r6, r7, lr}
    f23a:	065f      	tmov	r7, fp
    f23c:	0656      	tmov	r6, sl
    f23e:	064d      	tmov	r5, r9
    f240:	0644      	tmov	r4, r8
    f242:	64f0      	tpush	{r4, r5, r6, r7}
    f244:	6092      	tsub	sp, #72	; 0x48
    f246:	ec05      	tadds	r5, r0, #0
    f248:	3105      	tstorer	r1, [sp, #20]
    f24a:	3201      	tstorer	r2, [sp, #4]
    f24c:	7806      	tadd	r0, sp, #24
    f24e:	0680      	tmov	r8, r0
    f250:	a400      	tmovs	r4, #0
    f252:	a220      	tmovs	r2, #32
    f254:	1484      	tstorerb	r4, [r0, r2]
    f256:	a101      	tmovs	r1, #1
    f258:	a221      	tmovs	r2, #33	; 0x21
    f25a:	1481      	tstorerb	r1, [r0, r2]
    f25c:	a222      	tmovs	r2, #34	; 0x22
    f25e:	1483      	tstorerb	r3, [r0, r2]
    f260:	a349      	tmovs	r3, #73	; 0x49
    f262:	4403      	tstorerb	r3, [r0, #16]
    f264:	0668      	tmov	r0, sp
    f266:	b029      	tadds	r0, #41	; 0x29
    f268:	ec29      	tadds	r1, r5, #0
    f26a:	a20d      	tmovs	r2, #13
    f26c:	97f3 9cd8 	tjl	2c20 <smemcpy>
    f270:	0641      	tmov	r1, r8
    f272:	478c      	tstorerb	r4, [r1, #30]
    f274:	066a      	tmov	r2, sp
    f276:	ed13      	tadds	r3, r2, #4
    f278:	481a      	tloadrb	r2, [r3, #0]
    f27a:	47ca      	tstorerb	r2, [r1, #31]
    f27c:	3b01      	tloadr	r3, [sp, #4]
    f27e:	b310      	tadds	r3, #16
    f280:	f41b      	tshftls	r3, r3, #16
    f282:	fc1b      	tshftrs	r3, r3, #16
    f284:	3303      	tstorer	r3, [sp, #12]
    f286:	a30f      	tmovs	r3, #15
    f288:	3801      	tloadr	r0, [sp, #4]
    f28a:	0203      	tnand	r3, r0
    f28c:	c006      	tjeq.n	f29c <aes_ccmAuthTran.clone.1+0x64>
    f28e:	3903      	tloadr	r1, [sp, #12]
    f290:	0399      	tbclrs	r1, r3
    f292:	ec0b      	tadds	r3, r1, #0
    f294:	b310      	tadds	r3, #16
    f296:	f41b      	tshftls	r3, r3, #16
    f298:	fc1b      	tshftrs	r3, r3, #16
    f29a:	3303      	tstorer	r3, [sp, #12]
    f29c:	3a03      	tloadr	r2, [sp, #12]
    f29e:	b210      	tadds	r2, #16
    f2a0:	3204      	tstorer	r2, [sp, #16]
    f2a2:	a303      	tmovs	r3, #3
    f2a4:	3300      	tstorer	r3, [sp, #0]
    f2a6:	a000      	tmovs	r0, #0
    f2a8:	3002      	tstorer	r0, [sp, #8]
    f2aa:	0681      	tmov	r9, r0
    f2ac:	0c40      	tloadr	r4, [pc, #256]	; (f3b0 <aes_ccmAuthTran.clone.1+0x178>)
    f2ae:	a702      	tmovs	r7, #2
    f2b0:	0e40      	tloadr	r6, [pc, #256]	; (f3b4 <aes_ccmAuthTran.clone.1+0x17c>)
    f2b2:	a504      	tmovs	r5, #4
    f2b4:	790b      	tadd	r1, sp, #44	; 0x2c
    f2b6:	068b      	tmov	fp, r1
    f2b8:	a204      	tmovs	r2, #4
    f2ba:	0692      	tmov	sl, r2
    f2bc:	04c2      	tadd	sl, r8
    f2be:	a000      	tmovs	r0, #0
    f2c0:	4020      	tstorerb	r0, [r4, #0]
    f2c2:	4823      	tloadrb	r3, [r4, #0]
    f2c4:	021f      	tnand	r7, r3
    f2c6:	c005      	tjeq.n	f2d4 <aes_ccmAuthTran.clone.1+0x9c>
    f2c8:	7b0a      	tadd	r3, sp, #40	; 0x28
    f2ca:	db04      	tloadm	r3!, {r2}
    f2cc:	5032      	tstorer	r2, [r6, #0]
    f2ce:	4822      	tloadrb	r2, [r4, #0]
    f2d0:	0217      	tnand	r7, r2
    f2d2:	c1fa      	tjne.n	f2ca <aes_ccmAuthTran.clone.1+0x92>
    f2d4:	4823      	tloadrb	r3, [r4, #0]
    f2d6:	021d      	tnand	r5, r3
    f2d8:	c0fc      	tjeq.n	f2d4 <aes_ccmAuthTran.clone.1+0x9c>
    f2da:	3b00      	tloadr	r3, [sp, #0]
    f2dc:	bb01      	tsubs	r3, #1
    f2de:	f41b      	tshftls	r3, r3, #16
    f2e0:	fc1b      	tshftrs	r3, r3, #16
    f2e2:	ab0e      	tcmp	r3, #14
    f2e4:	c940      	tjls.n	f368 <aes_ccmAuthTran.clone.1+0x130>
    f2e6:	3b01      	tloadr	r3, [sp, #4]
    f2e8:	ab0f      	tcmp	r3, #15
    f2ea:	c92f      	tjls.n	f34c <aes_ccmAuthTran.clone.1+0x114>
    f2ec:	0640      	tmov	r0, r8
    f2ee:	3902      	tloadr	r1, [sp, #8]
    f2f0:	a210      	tmovs	r2, #16
    f2f2:	97f3 9c95 	tjl	2c20 <smemcpy>
    f2f6:	3802      	tloadr	r0, [sp, #8]
    f2f8:	b010      	tadds	r0, #16
    f2fa:	3002      	tstorer	r0, [sp, #8]
    f2fc:	3b01      	tloadr	r3, [sp, #4]
    f2fe:	bb10      	tsubs	r3, #16
    f300:	f41b      	tshftls	r3, r3, #16
    f302:	fc1b      	tshftrs	r3, r3, #16
    f304:	3301      	tstorer	r3, [sp, #4]
    f306:	4823      	tloadrb	r3, [r4, #0]
    f308:	021d      	tnand	r5, r3
    f30a:	c0fc      	tjeq.n	f306 <aes_ccmAuthTran.clone.1+0xce>
    f30c:	3803      	tloadr	r0, [sp, #12]
    f30e:	0581      	tcmp	r9, r0
    f310:	c23c      	tjcs.n	f38c <aes_ccmAuthTran.clone.1+0x154>
    f312:	5833      	tloadr	r3, [r6, #0]
    f314:	0641      	tmov	r1, r8
    f316:	580a      	tloadr	r2, [r1, #0]
    f318:	0053      	txors	r3, r2
    f31a:	330a      	tstorer	r3, [sp, #40]	; 0x28
    f31c:	5833      	tloadr	r3, [r6, #0]
    f31e:	0652      	tmov	r2, sl
    f320:	da02      	tloadm	r2!, {r1}
    f322:	0059      	txors	r1, r3
    f324:	065b      	tmov	r3, fp
    f326:	d302      	tstorem	r3!, {r1}
    f328:	5831      	tloadr	r1, [r6, #0]
    f32a:	0650      	tmov	r0, sl
    f32c:	5840      	tloadr	r0, [r0, #4]
    f32e:	0041      	txors	r1, r0
    f330:	0658      	tmov	r0, fp
    f332:	5041      	tstorer	r1, [r0, #4]
    f334:	5831      	tloadr	r1, [r6, #0]
    f336:	5852      	tloadr	r2, [r2, #4]
    f338:	0051      	txors	r1, r2
    f33a:	5059      	tstorer	r1, [r3, #4]
    f33c:	a110      	tmovs	r1, #16
    f33e:	0489      	tadd	r9, r1
    f340:	3a04      	tloadr	r2, [sp, #16]
    f342:	0591      	tcmp	r9, r2
    f344:	c222      	tjcs.n	f38c <aes_ccmAuthTran.clone.1+0x154>
    f346:	a300      	tmovs	r3, #0
    f348:	3300      	tstorer	r3, [sp, #0]
    f34a:	87b8      	tj.n	f2be <aes_ccmAuthTran.clone.1+0x86>
    f34c:	0640      	tmov	r0, r8
    f34e:	3902      	tloadr	r1, [sp, #8]
    f350:	a210      	tmovs	r2, #16
    f352:	97f3 9c65 	tjl	2c20 <smemcpy>
    f356:	3901      	tloadr	r1, [sp, #4]
    f358:	ec08      	tadds	r0, r1, #0
    f35a:	0440      	tadd	r0, r8
    f35c:	a210      	tmovs	r2, #16
    f35e:	ea52      	tsubs	r2, r2, r1
    f360:	a100      	tmovs	r1, #0
    f362:	97f3 9c53 	tjl	2c0c <smemset>
    f366:	87ce      	tj.n	f306 <aes_ccmAuthTran.clone.1+0xce>
    f368:	7a0e      	tadd	r2, sp, #56	; 0x38
    f36a:	ec11      	tadds	r1, r2, #0
    f36c:	0449      	tadd	r1, r9
    f36e:	0640      	tmov	r0, r8
    f370:	3a00      	tloadr	r2, [sp, #0]
    f372:	97f9 9ae9 	tjl	8948 <memcpy>
    f376:	a210      	tmovs	r2, #16
    f378:	3b00      	tloadr	r3, [sp, #0]
    f37a:	ead2      	tsubs	r2, r2, r3
    f37c:	ec18      	tadds	r0, r3, #0
    f37e:	0440      	tadd	r0, r8
    f380:	a100      	tmovs	r1, #0
    f382:	97f9 9ad7 	tjl	8934 <memset>
    f386:	3a05      	tloadr	r2, [sp, #20]
    f388:	3202      	tstorer	r2, [sp, #8]
    f38a:	87bc      	tj.n	f306 <aes_ccmAuthTran.clone.1+0xce>
    f38c:	0b09      	tloadr	r3, [pc, #36]	; (f3b4 <aes_ccmAuthTran.clone.1+0x17c>)
    f38e:	5819      	tloadr	r1, [r3, #0]
    f390:	3a1b      	tloadr	r2, [sp, #108]	; 0x6c
    f392:	5011      	tstorer	r1, [r2, #0]
    f394:	581a      	tloadr	r2, [r3, #0]
    f396:	320a      	tstorer	r2, [sp, #40]	; 0x28
    f398:	581a      	tloadr	r2, [r3, #0]
    f39a:	320a      	tstorer	r2, [sp, #40]	; 0x28
    f39c:	581b      	tloadr	r3, [r3, #0]
    f39e:	a000      	tmovs	r0, #0
    f3a0:	6012      	tadd	sp, #72	; 0x48
    f3a2:	6c3c      	tpop	{r2, r3, r4, r5}
    f3a4:	0690      	tmov	r8, r2
    f3a6:	0699      	tmov	r9, r3
    f3a8:	06a2      	tmov	sl, r4
    f3aa:	06ab      	tmov	fp, r5
    f3ac:	6df0      	tpop	{r4, r5, r6, r7, pc}
    f3ae:	46c0      	tnop			; (mov r8, r8)
    f3b0:	00800540 	taddeq	r0, r0, r0, asr #10
    f3b4:	00800548 	taddeq	r0, r0, r8, asr #10

0000f3b8 <aes_ll_encryption>:
aes_ll_encryption():
    f3b8:	65f0      	tpush	{r4, r5, r6, r7, lr}
    f3ba:	ec03      	tadds	r3, r0, #0
    f3bc:	a400      	tmovs	r4, #0
    f3be:	0816      	tloadr	r0, [pc, #88]	; (f418 <aes_ll_encryption+0x60>)
    f3c0:	4004      	tstorerb	r4, [r0, #0]
    f3c2:	a40f      	tmovs	r4, #15
    f3c4:	0f15      	tloadr	r7, [pc, #84]	; (f41c <aes_ll_encryption+0x64>)
    f3c6:	eb3d      	tsubs	r5, r7, r4
    f3c8:	1d1e      	tloadrb	r6, [r3, r4]
    f3ca:	402e      	tstorerb	r6, [r5, #0]
    f3cc:	bc01      	tsubs	r4, #1
    f3ce:	c2fa      	tjcs.n	f3c6 <aes_ll_encryption+0xe>
    f3d0:	ec0b      	tadds	r3, r1, #0
    f3d2:	b30c      	tadds	r3, #12
    f3d4:	b904      	tsubs	r1, #4
    f3d6:	0d12      	tloadr	r5, [pc, #72]	; (f420 <aes_ll_encryption+0x68>)
    f3d8:	489c      	tloadrb	r4, [r3, #2]
    f3da:	f224      	tshftls	r4, r4, #8
    f3dc:	4858      	tloadrb	r0, [r3, #1]
    f3de:	f400      	tshftls	r0, r0, #16
    f3e0:	0320      	tors	r0, r4
    f3e2:	48dc      	tloadrb	r4, [r3, #3]
    f3e4:	0320      	tors	r0, r4
    f3e6:	481c      	tloadrb	r4, [r3, #0]
    f3e8:	f624      	tshftls	r4, r4, #24
    f3ea:	0320      	tors	r0, r4
    f3ec:	5028      	tstorer	r0, [r5, #0]
    f3ee:	bb04      	tsubs	r3, #4
    f3f0:	028b      	tcmp	r3, r1
    f3f2:	c1f1      	tjne.n	f3d8 <aes_ll_encryption+0x20>
    f3f4:	0c08      	tloadr	r4, [pc, #32]	; (f418 <aes_ll_encryption+0x60>)
    f3f6:	a104      	tmovs	r1, #4
    f3f8:	4823      	tloadrb	r3, [r4, #0]
    f3fa:	0219      	tnand	r1, r3
    f3fc:	c0fc      	tjeq.n	f3f8 <aes_ll_encryption+0x40>
    f3fe:	ec14      	tadds	r4, r2, #0
    f400:	b410      	tadds	r4, #16
    f402:	ec13      	tadds	r3, r2, #0
    f404:	0806      	tloadr	r0, [pc, #24]	; (f420 <aes_ll_encryption+0x68>)
    f406:	5801      	tloadr	r1, [r0, #0]
    f408:	d302      	tstorem	r3!, {r1}
    f40a:	02a3      	tcmp	r3, r4
    f40c:	c1fb      	tjne.n	f406 <aes_ll_encryption+0x4e>
    f40e:	ec10      	tadds	r0, r2, #0
    f410:	a110      	tmovs	r1, #16
    f412:	97f9 9aa1 	tjl	8958 <swapN>
    f416:	6df0      	tpop	{r4, r5, r6, r7, pc}
    f418:	00800540 	taddeq	r0, r0, r0, asr #10
    f41c:	0080055f 	taddeq	r0, r0, pc, asr r5
    f420:	00800548 	taddeq	r0, r0, r8, asr #10

0000f424 <aes_ll_ccm_encryption_init>:
aes_ll_ccm_encryption_init():
    f424:	65f0      	tpush	{r4, r5, r6, r7, lr}
    f426:	0647      	tmov	r7, r8
    f428:	6480      	tpush	{r7}
    f42a:	6084      	tsub	sp, #16
    f42c:	ec07      	tadds	r7, r0, #0
    f42e:	ec16      	tadds	r6, r2, #0
    f430:	0698      	tmov	r8, r3
    f432:	3d0b      	tloadr	r5, [sp, #44]	; 0x2c
    f434:	066c      	tmov	r4, sp
    f436:	0668      	tmov	r0, sp
    f438:	a208      	tmovs	r2, #8
    f43a:	97f9 9a85 	tjl	8948 <memcpy>
    f43e:	7802      	tadd	r0, sp, #8
    f440:	ec31      	tadds	r1, r6, #0
    f442:	a208      	tmovs	r2, #8
    f444:	97f9 9a80 	tjl	8948 <memcpy>
    f448:	ec38      	tadds	r0, r7, #0
    f44a:	0669      	tmov	r1, sp
    f44c:	066a      	tmov	r2, sp
    f44e:	97ff 9fb3 	tjl	f3b8 <aes_ll_encryption>
    f452:	0668      	tmov	r0, sp
    f454:	a110      	tmovs	r1, #16
    f456:	97f9 9a7f 	tjl	8958 <swapN>
    f45a:	0b14      	tloadr	r3, [pc, #80]	; (f4ac <aes_ll_ccm_encryption_init+0x88>)
    f45c:	0914      	tloadr	r1, [pc, #80]	; (f4b0 <aes_ll_ccm_encryption_init+0x8c>)
    f45e:	e8e2      	tadds	r2, r4, r3
    f460:	0814      	tloadr	r0, [pc, #80]	; (f4b4 <aes_ll_ccm_encryption_init+0x90>)
    f462:	e812      	tadds	r2, r2, r0
    f464:	4812      	tloadrb	r2, [r2, #0]
    f466:	401a      	tstorerb	r2, [r3, #0]
    f468:	b301      	tadds	r3, #1
    f46a:	028b      	tcmp	r3, r1
    f46c:	c1f7      	tjne.n	f45e <aes_ll_ccm_encryption_init+0x3a>
    f46e:	ec28      	tadds	r0, r5, #0
    f470:	b008      	tadds	r0, #8
    f472:	0669      	tmov	r1, sp
    f474:	a210      	tmovs	r2, #16
    f476:	97f9 9a67 	tjl	8948 <memcpy>
    f47a:	ec28      	tadds	r0, r5, #0
    f47c:	b01d      	tadds	r0, #29
    f47e:	0641      	tmov	r1, r8
    f480:	a204      	tmovs	r2, #4
    f482:	97f9 9a61 	tjl	8948 <memcpy>
    f486:	ec28      	tadds	r0, r5, #0
    f488:	b021      	tadds	r0, #33	; 0x21
    f48a:	390a      	tloadr	r1, [sp, #40]	; 0x28
    f48c:	a204      	tmovs	r2, #4
    f48e:	97f9 9a5b 	tjl	8948 <memcpy>
    f492:	a300      	tmovs	r3, #0
    f494:	402b      	tstorerb	r3, [r5, #0]
    f496:	406b      	tstorerb	r3, [r5, #1]
    f498:	40ab      	tstorerb	r3, [r5, #2]
    f49a:	40eb      	tstorerb	r3, [r5, #3]
    f49c:	412b      	tstorerb	r3, [r5, #4]
    f49e:	416b      	tstorerb	r3, [r5, #5]
    f4a0:	41ab      	tstorerb	r3, [r5, #6]
    f4a2:	41eb      	tstorerb	r3, [r5, #7]
    f4a4:	6004      	tadd	sp, #16
    f4a6:	6c04      	tpop	{r2}
    f4a8:	0690      	tmov	r8, r2
    f4aa:	6df0      	tpop	{r4, r5, r6, r7, pc}
    f4ac:	00800550 	taddeq	r0, r0, r0, asr r5
    f4b0:	00800560 	taddeq	r0, r0, r0, ror #10
    f4b4:	ff7ffab0 	undefined instruction 0xff7ffab0

0000f4b8 <aes_ll_ccm_encryption>:
aes_ll_ccm_encryption():
    f4b8:	65f0      	tpush	{r4, r5, r6, r7, lr}
    f4ba:	6082      	tsub	sp, #8
    f4bc:	4803      	tloadrb	r3, [r0, #0]
    f4be:	a403      	tmovs	r4, #3
    f4c0:	0023      	tands	r3, r4
    f4c2:	4844      	tloadrb	r4, [r0, #1]
    f4c4:	ed25      	tadds	r5, r4, #4
    f4c6:	4045      	tstorerb	r5, [r0, #1]
    f4c8:	ec86      	tadds	r6, r0, #2
    f4ca:	4815      	tloadrb	r5, [r2, #0]
    f4cc:	4850      	tloadrb	r0, [r2, #1]
    f4ce:	f200      	tshftls	r0, r0, #8
    f4d0:	0328      	tors	r0, r5
    f4d2:	4895      	tloadrb	r5, [r2, #2]
    f4d4:	f42d      	tshftls	r5, r5, #16
    f4d6:	0328      	tors	r0, r5
    f4d8:	48d5      	tloadrb	r5, [r2, #3]
    f4da:	f62d      	tshftls	r5, r5, #24
    f4dc:	0328      	tors	r0, r5
    f4de:	4610      	tstorerb	r0, [r2, #24]
    f4e0:	fa05      	tshftrs	r5, r0, #8
    f4e2:	4655      	tstorerb	r5, [r2, #25]
    f4e4:	fc05      	tshftrs	r5, r0, #16
    f4e6:	4695      	tstorerb	r5, [r2, #26]
    f4e8:	fe05      	tshftrs	r5, r0, #24
    f4ea:	46d5      	tstorerb	r5, [r2, #27]
    f4ec:	b001      	tadds	r0, #1
    f4ee:	4010      	tstorerb	r0, [r2, #0]
    f4f0:	fa05      	tshftrs	r5, r0, #8
    f4f2:	4055      	tstorerb	r5, [r2, #1]
    f4f4:	fc05      	tshftrs	r5, r0, #16
    f4f6:	4095      	tstorerb	r5, [r2, #2]
    f4f8:	fe00      	tshftrs	r0, r0, #24
    f4fa:	40d0      	tstorerb	r0, [r2, #3]
    f4fc:	ee48      	tsubs	r0, r1, #1
    f4fe:	0181      	tsubcs	r1, r0
    f500:	f1c9      	tshftls	r1, r1, #7
    f502:	4711      	tstorerb	r1, [r2, #28]
    f504:	090f      	tloadr	r1, [pc, #60]	; (f544 <aes_ll_ccm_encryption+0x8c>)
    f506:	0d10      	tloadr	r5, [pc, #64]	; (f548 <aes_ll_ccm_encryption+0x90>)
    f508:	e850      	tadds	r0, r2, r1
    f50a:	0f10      	tloadr	r7, [pc, #64]	; (f54c <aes_ll_ccm_encryption+0x94>)
    f50c:	e9c0      	tadds	r0, r0, r7
    f50e:	4800      	tloadrb	r0, [r0, #0]
    f510:	4008      	tstorerb	r0, [r1, #0]
    f512:	b101      	tadds	r1, #1
    f514:	02a9      	tcmp	r1, r5
    f516:	c1f7      	tjne.n	f508 <aes_ll_ccm_encryption+0x50>
    f518:	ec17      	tadds	r7, r2, #0
    f51a:	b718      	tadds	r7, #24
    f51c:	7d01      	tadd	r5, sp, #4
    f51e:	3500      	tstorer	r5, [sp, #0]
    f520:	ec38      	tadds	r0, r7, #0
    f522:	ec31      	tadds	r1, r6, #0
    f524:	ec22      	tadds	r2, r4, #0
    f526:	97ff 9e87 	tjl	f238 <aes_ccmAuthTran.clone.1>
    f52a:	ec38      	tadds	r0, r7, #0
    f52c:	ec31      	tadds	r1, r6, #0
    f52e:	ec22      	tadds	r2, r4, #0
    f530:	ec2b      	tadds	r3, r5, #0
    f532:	97ff 9ddb 	tjl	f0ec <aes_ccmBaseTran.clone.0.clone.2>
    f536:	e930      	tadds	r0, r6, r4
    f538:	ec29      	tadds	r1, r5, #0
    f53a:	a204      	tmovs	r2, #4
    f53c:	97f9 9a04 	tjl	8948 <memcpy>
    f540:	6002      	tadd	sp, #8
    f542:	6df0      	tpop	{r4, r5, r6, r7, pc}
    f544:	00800550 	taddeq	r0, r0, r0, asr r5
    f548:	00800560 	taddeq	r0, r0, r0, ror #10
    f54c:	ff7ffab8 	undefined instruction 0xff7ffab8

0000f550 <aes_ll_ccm_decryption>:
aes_ll_ccm_decryption():
    f550:	65f0      	tpush	{r4, r5, r6, r7, lr}
    f552:	0647      	tmov	r7, r8
    f554:	6480      	tpush	{r7}
    f556:	6083      	tsub	sp, #12
    f558:	ec05      	tadds	r5, r0, #0
    f55a:	4844      	tloadrb	r4, [r0, #1]
    f55c:	a001      	tmovs	r0, #1
    f55e:	ac04      	tcmp	r4, #4
    f560:	c94a      	tjls.n	f5f8 <aes_ll_ccm_decryption+0xa8>
    f562:	bc04      	tsubs	r4, #4
    f564:	f624      	tshftls	r4, r4, #24
    f566:	fe24      	tshftrs	r4, r4, #24
    f568:	406c      	tstorerb	r4, [r5, #1]
    f56a:	482b      	tloadrb	r3, [r5, #0]
    f56c:	a003      	tmovs	r0, #3
    f56e:	0018      	tands	r0, r3
    f570:	0680      	tmov	r8, r0
    f572:	b502      	tadds	r5, #2
    f574:	4910      	tloadrb	r0, [r2, #4]
    f576:	4953      	tloadrb	r3, [r2, #5]
    f578:	f21b      	tshftls	r3, r3, #8
    f57a:	0303      	tors	r3, r0
    f57c:	4990      	tloadrb	r0, [r2, #6]
    f57e:	f400      	tshftls	r0, r0, #16
    f580:	0303      	tors	r3, r0
    f582:	49d0      	tloadrb	r0, [r2, #7]
    f584:	f600      	tshftls	r0, r0, #24
    f586:	0303      	tors	r3, r0
    f588:	4613      	tstorerb	r3, [r2, #24]
    f58a:	fa18      	tshftrs	r0, r3, #8
    f58c:	4650      	tstorerb	r0, [r2, #25]
    f58e:	fc18      	tshftrs	r0, r3, #16
    f590:	4690      	tstorerb	r0, [r2, #26]
    f592:	fe18      	tshftrs	r0, r3, #24
    f594:	46d0      	tstorerb	r0, [r2, #27]
    f596:	b301      	tadds	r3, #1
    f598:	4113      	tstorerb	r3, [r2, #4]
    f59a:	fa18      	tshftrs	r0, r3, #8
    f59c:	4150      	tstorerb	r0, [r2, #5]
    f59e:	fc18      	tshftrs	r0, r3, #16
    f5a0:	4190      	tstorerb	r0, [r2, #6]
    f5a2:	fe1b      	tshftrs	r3, r3, #24
    f5a4:	41d3      	tstorerb	r3, [r2, #7]
    f5a6:	ee4b      	tsubs	r3, r1, #1
    f5a8:	0199      	tsubcs	r1, r3
    f5aa:	f1c9      	tshftls	r1, r1, #7
    f5ac:	4711      	tstorerb	r1, [r2, #28]
    f5ae:	0b14      	tloadr	r3, [pc, #80]	; (f600 <aes_ll_ccm_decryption+0xb0>)
    f5b0:	0814      	tloadr	r0, [pc, #80]	; (f604 <aes_ll_ccm_decryption+0xb4>)
    f5b2:	e8d1      	tadds	r1, r2, r3
    f5b4:	0e14      	tloadr	r6, [pc, #80]	; (f608 <aes_ll_ccm_decryption+0xb8>)
    f5b6:	e989      	tadds	r1, r1, r6
    f5b8:	4809      	tloadrb	r1, [r1, #0]
    f5ba:	4019      	tstorerb	r1, [r3, #0]
    f5bc:	b301      	tadds	r3, #1
    f5be:	0283      	tcmp	r3, r0
    f5c0:	c1f7      	tjne.n	f5b2 <aes_ll_ccm_decryption+0x62>
    f5c2:	ec16      	tadds	r6, r2, #0
    f5c4:	b618      	tadds	r6, #24
    f5c6:	e92f      	tadds	r7, r5, r4
    f5c8:	ec30      	tadds	r0, r6, #0
    f5ca:	ec29      	tadds	r1, r5, #0
    f5cc:	ec22      	tadds	r2, r4, #0
    f5ce:	ec3b      	tadds	r3, r7, #0
    f5d0:	97ff 9d8c 	tjl	f0ec <aes_ccmBaseTran.clone.0.clone.2>
    f5d4:	7b02      	tadd	r3, sp, #8
    f5d6:	3300      	tstorer	r3, [sp, #0]
    f5d8:	ec30      	tadds	r0, r6, #0
    f5da:	ec29      	tadds	r1, r5, #0
    f5dc:	ec22      	tadds	r2, r4, #0
    f5de:	0643      	tmov	r3, r8
    f5e0:	97ff 9e2a 	tjl	f238 <aes_ccmAuthTran.clone.1>
    f5e4:	7801      	tadd	r0, sp, #4
    f5e6:	ec39      	tadds	r1, r7, #0
    f5e8:	a204      	tmovs	r2, #4
    f5ea:	97f3 9b19 	tjl	2c20 <smemcpy>
    f5ee:	3b02      	tloadr	r3, [sp, #8]
    f5f0:	3801      	tloadr	r0, [sp, #4]
    f5f2:	eac0      	tsubs	r0, r0, r3
    f5f4:	ee43      	tsubs	r3, r0, #1
    f5f6:	0198      	tsubcs	r0, r3
    f5f8:	6003      	tadd	sp, #12
    f5fa:	6c04      	tpop	{r2}
    f5fc:	0690      	tmov	r8, r2
    f5fe:	6df0      	tpop	{r4, r5, r6, r7, pc}
    f600:	00800550 	taddeq	r0, r0, r0, asr r5
    f604:	00800560 	taddeq	r0, r0, r0, ror #10
    f608:	ff7ffab8 	undefined instruction 0xff7ffab8

0000f60c <blt_smp_alg_c1>:
blt_smp_alg_c1():
    f60c:	65f0      	tpush	{r4, r5, r6, r7, lr}
    f60e:	0647      	tmov	r7, r8
    f610:	6480      	tpush	{r7}
    f612:	6088      	tsub	sp, #32
    f614:	ec06      	tadds	r6, r0, #0
    f616:	ec0f      	tadds	r7, r1, #0
    f618:	ec15      	tadds	r5, r2, #0
    f61a:	0698      	tmov	r8, r3
    f61c:	7c04      	tadd	r4, sp, #16
    f61e:	a300      	tmovs	r3, #0
    f620:	3304      	tstorer	r3, [sp, #16]
    f622:	3305      	tstorer	r3, [sp, #20]
    f624:	3306      	tstorer	r3, [sp, #24]
    f626:	3307      	tstorer	r3, [sp, #28]
    f628:	3300      	tstorer	r3, [sp, #0]
    f62a:	3301      	tstorer	r3, [sp, #4]
    f62c:	3302      	tstorer	r3, [sp, #8]
    f62e:	3303      	tstorer	r3, [sp, #12]
    f630:	3b0f      	tloadr	r3, [sp, #60]	; 0x3c
    f632:	4023      	tstorerb	r3, [r4, #0]
    f634:	3b11      	tloadr	r3, [sp, #68]	; 0x44
    f636:	4063      	tstorerb	r3, [r4, #1]
    f638:	0668      	tmov	r0, sp
    f63a:	b012      	tadds	r0, #18
    f63c:	390e      	tloadr	r1, [sp, #56]	; 0x38
    f63e:	a207      	tmovs	r2, #7
    f640:	97f3 9aee 	tjl	2c20 <smemcpy>
    f644:	0668      	tmov	r0, sp
    f646:	b019      	tadds	r0, #25
    f648:	0641      	tmov	r1, r8
    f64a:	a207      	tmovs	r2, #7
    f64c:	97f3 9ae8 	tjl	2c20 <smemcpy>
    f650:	a300      	tmovs	r3, #0
    f652:	1ce1      	tloadrb	r1, [r4, r3]
    f654:	1cea      	tloadrb	r2, [r5, r3]
    f656:	004a      	txors	r2, r1
    f658:	14e2      	tstorerb	r2, [r4, r3]
    f65a:	b301      	tadds	r3, #1
    f65c:	ab10      	tcmp	r3, #16
    f65e:	c1f8      	tjne.n	f652 <blt_smp_alg_c1+0x46>
    f660:	066d      	tmov	r5, sp
    f662:	0668      	tmov	r0, sp
    f664:	3912      	tloadr	r1, [sp, #72]	; 0x48
    f666:	a206      	tmovs	r2, #6
    f668:	97f3 9ada 	tjl	2c20 <smemcpy>
    f66c:	0668      	tmov	r0, sp
    f66e:	b006      	tadds	r0, #6
    f670:	3910      	tloadr	r1, [sp, #64]	; 0x40
    f672:	a206      	tmovs	r2, #6
    f674:	97f3 9ad4 	tjl	2c20 <smemcpy>
    f678:	ec38      	tadds	r0, r7, #0
    f67a:	ec21      	tadds	r1, r4, #0
    f67c:	ec32      	tadds	r2, r6, #0
    f67e:	97ff 9e9b 	tjl	f3b8 <aes_ll_encryption>
    f682:	a300      	tmovs	r3, #0
    f684:	1ce9      	tloadrb	r1, [r5, r3]
    f686:	1cf2      	tloadrb	r2, [r6, r3]
    f688:	004a      	txors	r2, r1
    f68a:	14ea      	tstorerb	r2, [r5, r3]
    f68c:	b301      	tadds	r3, #1
    f68e:	ab10      	tcmp	r3, #16
    f690:	c1f8      	tjne.n	f684 <blt_smp_alg_c1+0x78>
    f692:	ec38      	tadds	r0, r7, #0
    f694:	0669      	tmov	r1, sp
    f696:	ec32      	tadds	r2, r6, #0
    f698:	97ff 9e8e 	tjl	f3b8 <aes_ll_encryption>
    f69c:	6008      	tadd	sp, #32
    f69e:	6c04      	tpop	{r2}
    f6a0:	0690      	tmov	r8, r2
    f6a2:	6df0      	tpop	{r4, r5, r6, r7, pc}

0000f6a4 <blt_smp_alg_s1>:
blt_smp_alg_s1():
    f6a4:	6570      	tpush	{r4, r5, r6, lr}
    f6a6:	ec04      	tadds	r4, r0, #0
    f6a8:	ec0d      	tadds	r5, r1, #0
    f6aa:	ec1e      	tadds	r6, r3, #0
    f6ac:	ec11      	tadds	r1, r2, #0
    f6ae:	a208      	tmovs	r2, #8
    f6b0:	97f9 994a 	tjl	8948 <memcpy>
    f6b4:	ec20      	tadds	r0, r4, #0
    f6b6:	b008      	tadds	r0, #8
    f6b8:	ec31      	tadds	r1, r6, #0
    f6ba:	a208      	tmovs	r2, #8
    f6bc:	97f9 9944 	tjl	8948 <memcpy>
    f6c0:	ec28      	tadds	r0, r5, #0
    f6c2:	ec21      	tadds	r1, r4, #0
    f6c4:	ec22      	tadds	r2, r4, #0
    f6c6:	97ff 9e77 	tjl	f3b8 <aes_ll_encryption>
    f6ca:	6d70      	tpop	{r4, r5, r6, pc}

Disassembly of section .rodata:

0000f6cc <C.3.8223-0x8>:
	...

0000f6d4 <C.3.8223>:
    f6d4:	ffffffff 	undefined instruction 0xffffffff
    f6d8:	0000ffff 	undefined instruction 0x0000ffff

0000f6dc <tbl_advData>:
    f6dc:	54420905 	tstorerbpl	r0, [r2], #-2309	; 0x905
    f6e0:	01025241 	tnandeq	r2, r1, asr #4
    f6e4:	80190305 	tandshi	r0, r9, r5, lsl #6
    f6e8:	12020501 	tandne	r0, r2, #4194304	; 0x400000
    f6ec:	00180f18 	tandseq	r0, r8, r8, lsl pc

0000f6f0 <tbl_scanRsp>:
    f6f0:	54420908 	tstorerbpl	r0, [r2], #-2312	; 0x908
    f6f4:	6174736e 	tcmpnvs	r4, lr, ror #6
    f6f8:	00000072 	tandeq	r0, r0, r2, ror r0

0000f6fc <clientCharacterCfgUUID>:
    f6fc:	180f2902 	tstormmdane	pc, {r1, r8, fp, sp}

0000f6fe <my_batServiceUUID>:
    f6fe:	170e180f 	tstorerne	r1, [lr, -pc, lsl #16]

0000f700 <my_hidbootKeyOutReporCharVal>:
    f700:	3200170e 	tandcc	r1, r0, #3670016	; 0x380000
    f704:	0000002a 	tandeq	r0, r0, sl, lsr #32

0000f708 <hidIncludeUUID>:
    f708:	2a052802 	tjcs	159718 <_bin_size_+0x1491f0>

0000f70a <serviceChangeUUID>:
    f70a:	07022a05 	tstorereq	r2, [r2, -r5, lsl #20]

0000f70c <my_periConnParamCharVal>:
    f70c:	04000702 	tstorereq	r0, [r0], #-1794	; 0x702
    f710:	0000002a 	tandeq	r0, r0, sl, lsr #32

0000f714 <my_PnPUUID>:
    f714:	2a4b2a50 	tjcs	12da05c <blt_buff_att_tx+0xa90df8>

0000f716 <hidReportMapUUID>:
    f716:	0a202a4b 	tjeq	81a04a <_bin_size_+0x809b22>

0000f718 <my_serviceChangeCharVal>:
    f718:	05000a20 	tstorereq	r0, [r0, #-2592]	; 0xa20
    f71c:	0000002a 	tandeq	r0, r0, sl, lsr #32

0000f720 <my_hidbootKeyInReporCharVal>:
    f720:	22001412 	tandcs	r1, r0, #301989888	; 0x12000000
    f724:	0000002a 	tandeq	r0, r0, sl, lsr #32

0000f728 <my_appearance>:
    f728:	00000000 	tandeq	r0, r0, r0

0000f72c <my_OtaCharVal>:
    f72c:	12003816 	tandne	r3, r0, #1441792	; 0x160000
    f730:	0b0c0d2b 	tjleq	312be4 <_bin_size_+0x3026bc>
    f734:	0708090a 	tstorereq	r0, [r8, -sl, lsl #18]
    f738:	03040506 	tnandeq	r4, #25165824	; 0x1800000
    f73c:	00000102 	tandeq	r0, r0, r2, lsl #2

0000f740 <TelinkSppServiceUUID>:
    f740:	24dcca9e 	tloadrbcs	ip, [ip], #2718	; 0xa9e
    f744:	e0a9e50e 	taddc	lr, r9, lr, lsl #10
    f748:	b5a3f393 	tstorerlt	pc, [r3, #915]!	; 0x393
    f74c:	6e400001 	undefined instruction 0x6e400001

0000f750 <my_appearanceUIID>:
    f750:	00002a01 	tandeq	r2, r0, r1, lsl #20

0000f754 <TelinkSppDataClient2ServerUUID>:
    f754:	24dcca9e 	tloadrbcs	ip, [ip], #2718	; 0xa9e
    f758:	e0a9e50e 	taddc	lr, r9, lr, lsl #10
    f75c:	b5a3f393 	tstorerlt	pc, [r3, #915]!	; 0x393
    f760:	6e400003 	undefined instruction 0x6e400003

0000f764 <my_devName>:
    f764:	6d615442 	undefined instruction 0x6d615442
    f768:	00656c70 	trsubeq	r6, r5, r0, ror ip

0000f76c <userdesc_UUID>:
    f76c:	00002901 	tandeq	r2, r0, r1, lsl #18

0000f770 <my_OtaUUID>:
    f770:	0c0d2b12 	undefined instruction 0x0c0d2b12
    f774:	08090a0b 	tstormmdaeq	r9, {r0, r1, r3, r9, fp}
    f778:	04050607 	tstorereq	r0, [r5], #-1543	; 0x607
    f77c:	00010203 	tandeq	r0, r1, r3, lsl #4

0000f780 <extReportRefUUID>:
    f780:	00002907 	tandeq	r2, r0, r7, lsl #18

0000f784 <my_PnCharVal>:
    f784:	50000e02 	tandpl	r0, r0, r2, lsl #28
    f788:	0000002a 	tandeq	r0, r0, sl, lsr #32

0000f78c <hidProtocolModeUUID>:
    f78c:	00002a4e 	tandeq	r2, r0, lr, asr #20

0000f790 <TelinkSppDataServer2ClientCharVal>:
    f790:	9e00300e 	undefined instruction 0x9e00300e
    f794:	0e24dcca 	undefined instruction 0x0e24dcca
    f798:	93e0a9e5 	tmovnls	sl, #3751936	; 0x394000
    f79c:	02b5a3f3 	taddcseq	sl, r5, #-872415229	; 0xcc000003
    f7a0:	006e4000 	trsubeq	r4, lr, r0

0000f7a4 <hidReportUUID>:
    f7a4:	00002a4d 	tandeq	r2, r0, sp, asr #20

0000f7a8 <my_hidReportKEYoutCharVal>:
    f7a8:	4d00210e 	undefined instruction 0x4d00210e
    f7ac:	0000002a 	tandeq	r0, r0, sl, lsr #32

0000f7b0 <my_hidReportMapCharVal>:
    f7b0:	4b002402 	tjlmi	187c0 <_bin_size_+0x8298>
    f7b4:	0000002a 	tandeq	r0, r0, sl, lsr #32

0000f7b8 <my_devNameUUID>:
    f7b8:	00002a00 	tandeq	r2, r0, r0, lsl #20

0000f7bc <my_hidinformationCharVal>:
    f7bc:	4a002702 	tjmi	193cc <_bin_size_+0x8ea4>
    f7c0:	0000002a 	tandeq	r0, r0, sl, lsr #32

0000f7c4 <reportMap>:
    f7c4:	06090105 	tstorereq	r0, [r9], -r5, lsl #2
    f7c8:	018501a1 	toreq	r0, r5, r1, lsr #3
    f7cc:	e0190705 	tands	r0, r9, r5, lsl #14
    f7d0:	0015e729 	tandseq	lr, r5, r9, lsr #14
    f7d4:	01750125 	tcmpneq	r5, r5, lsr #2
    f7d8:	02810895 	taddeq	r0, r1, #9764864	; 0x950000
    f7dc:	08750195 	tloadmdaeq	r5!, {r0, r2, r4, r7, r8}^
    f7e0:	05950181 	tloadreq	r0, [r5, #385]	; 0x181
    f7e4:	08050175 	tstormmdaeq	r5, {r0, r2, r4, r5, r6, r8}
    f7e8:	05290119 	tstorereq	r0, [r9, #-281]!	; 0x119
    f7ec:	01950291 	undefined instruction 0x01950291
    f7f0:	01910375 	torseq	r0, r1, r5, ror r3
    f7f4:	08750695 	tloadmdaeq	r5!, {r0, r2, r4, r7, r9, sl}^
    f7f8:	f1250015 	undefined instruction 0xf1250015
    f7fc:	00190705 	tandseq	r0, r9, r5, lsl #14
    f800:	0081f129 	taddeq	pc, r1, r9, lsr #2
    f804:	090c05c0 	tstormmdbeq	ip, {r6, r7, r8, sl}
    f808:	8501a101 	tstorerhi	sl, [r1, #-257]	; 0x101
    f80c:	95107502 	tloadrls	r7, [r0, #-1282]	; 0x502
    f810:	26011501 	tstorercs	r1, [r1], -r1, lsl #10
    f814:	0119028c 	tnandeq	r9, ip, lsl #5
    f818:	81028c2a 	tnandhi	r2, sl, lsr #24
    f81c:	0000c000 	tandeq	ip, r0, r0

0000f820 <my_PnPtrs>:
    f820:	66248a02 	tstorertvs	r8, [r4], -r2, lsl #20
    f824:	00000182 	tandeq	r0, r0, r2, lsl #3

0000f828 <my_periConnParamUUID>:
    f828:	00002a04 	tandeq	r2, r0, r4, lsl #20

0000f82c <my_periConnParameters>:
    f82c:	00280014 	txoreq	r0, r8, r4, lsl r0
    f830:	03e80000 	tmovneq	r0, #0

0000f834 <my_characterUUID>:
    f834:	00002803 	tandeq	r2, r0, r3, lsl #16

0000f838 <include>:
    f838:	002d002a 	txoreq	r0, sp, sl, lsr #32
    f83c:	0000180f 	tandeq	r1, r0, pc, lsl #16

0000f840 <my_gapServiceUUID>:
    f840:	00001800 	tandeq	r1, r0, r0, lsl #16

0000f844 <my_hidReportKEYinCharVal>:
    f844:	4d001d12 	undefined instruction 0x4d001d12
    f848:	0000002a 	tandeq	r0, r0, sl, lsr #32

0000f84c <my_hidCtrlPointCharVal>:
    f84c:	4c002904 	undefined instruction 0x4c002904
    f850:	0000002a 	tandeq	r0, r0, sl, lsr #32

0000f854 <my_batCharUUID>:
    f854:	00002a19 	tandeq	r2, r0, r9, lsl sl

0000f858 <TelinkSppDataClient2ServerCharVal>:
    f858:	9e003312 	undefined instruction 0x9e003312
    f85c:	0e24dcca 	undefined instruction 0x0e24dcca
    f860:	93e0a9e5 	tmovnls	sl, #3751936	; 0x394000
    f864:	03b5a3f3 	undefined instruction 0x03b5a3f3
    f868:	006e4000 	trsubeq	r4, lr, r0

0000f86c <hidInformation>:
    f86c:	01000111 	tnandeq	r0, r1, lsl r1

0000f870 <TelinkSPPS2CDescriptor>:
    f870:	696c6554 	tstormmdbvs	ip!, {r2, r4, r6, r8, sl, sp, lr}^
    f874:	53206b6e 	teqpl	r0, #112640	; 0x1b800
    f878:	203a5050 	txorscs	r5, sl, r0, asr r0
    f87c:	75646f4d 	tstorerbvc	r6, [r4, #-3917]!	; 0xf4d
    f880:	3e2d656c 	undefined instruction 0x3e2d656c
    f884:	6e6f6850 	undefined instruction 0x6e6f6850
    f888:	00000065 	tandeq	r0, r0, r5, rrx

0000f88c <my_hidServiceUUID>:
    f88c:	28001812 	tstormmdacs	r0, {r1, r4, fp, ip}

0000f88e <my_primaryServiceUUID>:
    f88e:	ca9e2800 	tjgt	fe799896 <blt_buff_att_tx+0xfdf50632>

0000f890 <TelinkSppDataServer2ClientUUID>:
    f890:	24dcca9e 	tloadrbcs	ip, [ip], #2718	; 0xa9e
    f894:	e0a9e50e 	taddc	lr, r9, lr, lsl #10
    f898:	b5a3f393 	tstorerlt	pc, [r3, #915]!	; 0x393
    f89c:	6e400002 	undefined instruction 0x6e400002

0000f8a0 <hidCtrlPointUUID>:
    f8a0:	180a2a4c 	tstormmdane	sl, {r2, r3, r6, r9, fp, sp}

0000f8a2 <my_devServiceUUID>:
    f8a2:	1912180a 	tloadmdbne	r2, {r1, r3, fp, ip}

0000f8a4 <my_OtaServiceUUID>:
    f8a4:	0c0d1912 	undefined instruction 0x0c0d1912
    f8a8:	08090a0b 	tstormmdaeq	r9, {r0, r1, r3, r9, fp}
    f8ac:	04050607 	tstorereq	r0, [r5], #-1543	; 0x607
    f8b0:	00010203 	tandeq	r0, r1, r3, lsl #4

0000f8b4 <my_hidReportCCinCharVal>:
    f8b4:	4d001912 	undefined instruction 0x4d001912
    f8b8:	0000002a 	tandeq	r0, r0, sl, lsr #32

0000f8bc <my_batCharVal>:
    f8bc:	19002c12 	tstormmdbne	r0, {r1, r4, sl, fp, sp}
    f8c0:	0000002a 	tandeq	r0, r0, sl, lsr #32

0000f8c4 <hidinformationUUID>:
    f8c4:	18012a4a 	tstormmdane	r1, {r1, r3, r6, r9, fp, sp}

0000f8c6 <my_gattServiceUUID>:
    f8c6:	05021801 	tstorereq	r1, [r2, #-2049]	; 0x801

0000f8c8 <my_appearanceCharVal>:
    f8c8:	01000502 	tnandeq	r0, r2, lsl #10
    f8cc:	0000002a 	tandeq	r0, r0, sl, lsr #32

0000f8d0 <hidbootKeyOutReportUUID>:
    f8d0:	2a222a32 	tjcs	89a1a0 <blt_buff_att_tx+0x50f3c>

0000f8d2 <hidbootKeyInReportUUID>:
    f8d2:	544f2a22 	tstorerbpl	r2, [pc], #2594	; f8da <my_devNameCharVal+0x2>

0000f8d4 <my_OtaName>:
    f8d4:	0041544f 	tsubeq	r5, r1, pc, asr #8

0000f8d8 <my_devNameCharVal>:
    f8d8:	00000312 	tandeq	r0, r0, r2, lsl r3
    f8dc:	0000002a 	tandeq	r0, r0, sl, lsr #32

0000f8e0 <TelinkSPPC2SDescriptor>:
    f8e0:	696c6554 	tstormmdbvs	ip!, {r2, r4, r6, r8, sl, sp, lr}^
    f8e4:	53206b6e 	teqpl	r0, #112640	; 0x1b800
    f8e8:	203a5050 	txorscs	r5, sl, r0, asr r0
    f8ec:	6e6f6850 	undefined instruction 0x6e6f6850
    f8f0:	4d3e2d65 	undefined instruction 0x4d3e2d65
    f8f4:	6c75646f 	undefined instruction 0x6c75646f
    f8f8:	00000065 	tandeq	r0, r0, r5, rrx

0000f8fc <my_hidProtocolModeCharVal>:
    f8fc:	4e001206 	undefined instruction 0x4e001206
    f900:	0000002a 	tandeq	r0, r0, sl, lsr #32

0000f904 <reportRefUUID>:
    f904:	00002908 	tandeq	r2, r0, r8, lsl #18

0000f908 <my_Attributes>:
    f908:	0000003a 	tandeq	r0, r0, sl, lsr r0
	...
    f920:	02010007 	tandeq	r0, r1, #7
    f924:	00000002 	tandeq	r0, r0, r2
    f928:	0000f88e 	tandeq	pc, r0, lr, lsl #17
    f92c:	0000f840 	tandeq	pc, r0, r0, asr #16
	...
    f938:	02010000 	tandeq	r0, r1, #0
    f93c:	00000005 	tandeq	r0, r0, r5
    f940:	0000f834 	tandeq	pc, r0, r4, lsr r8
    f944:	0000f8d8 	undefined instruction 0x0000f8d8
	...
    f950:	02010000 	tandeq	r0, r1, #0
    f954:	00000007 	tandeq	r0, r0, r7
    f958:	0000f7b8 	undefined instruction 0x0000f7b8
    f95c:	0000f764 	tandeq	pc, r0, r4, ror #14
	...
    f968:	02010000 	tandeq	r0, r1, #0
    f96c:	00000005 	tandeq	r0, r0, r5
    f970:	0000f834 	tandeq	pc, r0, r4, lsr r8
    f974:	0000f8c8 	tandeq	pc, r0, r8, asr #17
	...
    f980:	02010000 	tandeq	r0, r1, #0
    f984:	00000002 	tandeq	r0, r0, r2
    f988:	0000f750 	tandeq	pc, r0, r0, asr r7
    f98c:	0000f728 	tandeq	pc, r0, r8, lsr #14
	...
    f998:	02010000 	tandeq	r0, r1, #0
    f99c:	00000005 	tandeq	r0, r0, r5
    f9a0:	0000f834 	tandeq	pc, r0, r4, lsr r8
    f9a4:	0000f70c 	tandeq	pc, r0, ip, lsl #14
	...
    f9b0:	02010000 	tandeq	r0, r1, #0
    f9b4:	00000008 	tandeq	r0, r0, r8
    f9b8:	0000f828 	tandeq	pc, r0, r8, lsr #16
    f9bc:	0000f82c 	tandeq	pc, r0, ip, lsr #16
	...
    f9c8:	02010004 	tandeq	r0, r1, #4
    f9cc:	00000002 	tandeq	r0, r0, r2
    f9d0:	0000f88e 	tandeq	pc, r0, lr, lsl #17
    f9d4:	0000f8c6 	tandeq	pc, r0, r6, asr #17
	...
    f9e0:	02010000 	tandeq	r0, r1, #0
    f9e4:	00000005 	tandeq	r0, r0, r5
    f9e8:	0000f834 	tandeq	pc, r0, r4, lsr r8
    f9ec:	0000f718 	tandeq	pc, r0, r8, lsl r7
	...
    f9f8:	02010000 	tandeq	r0, r1, #0
    f9fc:	00000004 	tandeq	r0, r0, r4
    fa00:	0000f70a 	tandeq	pc, r0, sl, lsl #14
    fa04:	00848ec4 	taddeq	r8, r4, r4, asr #29
	...
    fa10:	02030000 	tandeq	r0, r3, #0
    fa14:	00000002 	tandeq	r0, r0, r2
    fa18:	0000f6fc 	undefined instruction 0x0000f6fc
    fa1c:	00848edc 	undefined instruction 0x00848edc
	...
    fa28:	02010003 	tandeq	r0, r1, #3
    fa2c:	00000002 	tandeq	r0, r0, r2
    fa30:	0000f88e 	tandeq	pc, r0, lr, lsl #17
    fa34:	0000f8a2 	tandeq	pc, r0, r2, lsr #17
	...
    fa40:	02010000 	tandeq	r0, r1, #0
    fa44:	00000005 	tandeq	r0, r0, r5
    fa48:	0000f834 	tandeq	pc, r0, r4, lsr r8
    fa4c:	0000f784 	tandeq	pc, r0, r4, lsl #15
	...
    fa58:	02010000 	tandeq	r0, r1, #0
    fa5c:	00000007 	tandeq	r0, r0, r7
    fa60:	0000f714 	tandeq	pc, r0, r4, lsl r7
    fa64:	0000f820 	tandeq	pc, r0, r0, lsr #16
	...
    fa70:	0201001b 	tandeq	r0, r1, #27
    fa74:	00000002 	tandeq	r0, r0, r2
    fa78:	0000f88e 	tandeq	pc, r0, lr, lsl #17
    fa7c:	0000f88c 	tandeq	pc, r0, ip, lsl #17
	...
    fa88:	02010000 	tandeq	r0, r1, #0
    fa8c:	00000006 	tandeq	r0, r0, r6
    fa90:	0000f708 	tandeq	pc, r0, r8, lsl #14
    fa94:	0000f838 	tandeq	pc, r0, r8, lsr r8
	...
    faa0:	02010000 	tandeq	r0, r1, #0
    faa4:	00000005 	tandeq	r0, r0, r5
    faa8:	0000f834 	tandeq	pc, r0, r4, lsr r8
    faac:	0000f8fc 	undefined instruction 0x0000f8fc
	...
    fab8:	02030000 	tandeq	r0, r3, #0
    fabc:	00000001 	tandeq	r0, r0, r1
    fac0:	0000f78c 	tandeq	pc, r0, ip, lsl #15
    fac4:	00848d04 	taddeq	r8, r4, r4, lsl #26
	...
    fad0:	02010000 	tandeq	r0, r1, #0
    fad4:	00000005 	tandeq	r0, r0, r5
    fad8:	0000f834 	tandeq	pc, r0, r4, lsr r8
    fadc:	0000f720 	tandeq	pc, r0, r0, lsr #14
	...
    fae8:	02010000 	tandeq	r0, r1, #0
    faec:	00000001 	tandeq	r0, r0, r1
    faf0:	0000f8d2 	undefined instruction 0x0000f8d2
    faf4:	00848ed8 	undefined instruction 0x00848ed8
	...
    fb00:	02030000 	tandeq	r0, r3, #0
    fb04:	00000002 	tandeq	r0, r0, r2
    fb08:	0000f6fc 	undefined instruction 0x0000f6fc
    fb0c:	00848eec 	taddeq	r8, r4, ip, ror #29
	...
    fb18:	02010000 	tandeq	r0, r1, #0
    fb1c:	00000005 	tandeq	r0, r0, r5
    fb20:	0000f834 	tandeq	pc, r0, r4, lsr r8
    fb24:	0000f700 	tandeq	pc, r0, r0, lsl #14
	...
    fb30:	02030000 	tandeq	r0, r3, #0
    fb34:	00000001 	tandeq	r0, r0, r1
    fb38:	0000f8d0 	undefined instruction 0x0000f8d0
    fb3c:	00848ec2 	taddeq	r8, r4, r2, asr #29
	...
    fb48:	02010000 	tandeq	r0, r1, #0
    fb4c:	00000005 	tandeq	r0, r0, r5
    fb50:	0000f834 	tandeq	pc, r0, r4, lsr r8
    fb54:	0000f8b4 	undefined instruction 0x0000f8b4
	...
    fb60:	02010000 	tandeq	r0, r1, #0
    fb64:	00000002 	tandeq	r0, r0, r2
    fb68:	0000f7a4 	tandeq	pc, r0, r4, lsr #15
    fb6c:	00848f00 	taddeq	r8, r4, r0, lsl #30
	...
    fb78:	02030000 	tandeq	r0, r3, #0
    fb7c:	00000002 	tandeq	r0, r0, r2
    fb80:	0000f6fc 	undefined instruction 0x0000f6fc
    fb84:	00848ef0 	undefined instruction 0x00848ef0
	...
    fb90:	02030000 	tandeq	r0, r3, #0
    fb94:	00000002 	tandeq	r0, r0, r2
    fb98:	0000f904 	tandeq	pc, r0, r4, lsl #18
    fb9c:	00848d0c 	taddeq	r8, r4, ip, lsl #26
	...
    fba8:	02010000 	tandeq	r0, r1, #0
    fbac:	00000005 	tandeq	r0, r0, r5
    fbb0:	0000f834 	tandeq	pc, r0, r4, lsr r8
    fbb4:	0000f844 	tandeq	pc, r0, r4, asr #16
	...
    fbc0:	02010000 	tandeq	r0, r1, #0
    fbc4:	00000008 	tandeq	r0, r0, r8
    fbc8:	0000f7a4 	tandeq	pc, r0, r4, lsr #15
    fbcc:	00848ed0 	undefined instruction 0x00848ed0
	...
    fbd8:	02030000 	tandeq	r0, r3, #0
    fbdc:	00000002 	tandeq	r0, r0, r2
    fbe0:	0000f6fc 	undefined instruction 0x0000f6fc
    fbe4:	00848ef4 	undefined instruction 0x00848ef4
	...
    fbf0:	02030000 	tandeq	r0, r3, #0
    fbf4:	00000002 	tandeq	r0, r0, r2
    fbf8:	0000f904 	tandeq	pc, r0, r4, lsl #18
    fbfc:	00848d08 	taddeq	r8, r4, r8, lsl #26
	...
    fc08:	02010000 	tandeq	r0, r1, #0
    fc0c:	00000005 	tandeq	r0, r0, r5
    fc10:	0000f834 	tandeq	pc, r0, r4, lsr r8
    fc14:	0000f7a8 	tandeq	pc, r0, r8, lsr #15
	...
    fc20:	02030000 	tandeq	r0, r3, #0
    fc24:	00000001 	tandeq	r0, r0, r1
    fc28:	0000f7a4 	tandeq	pc, r0, r4, lsr #15
    fc2c:	00848ee4 	taddeq	r8, r4, r4, ror #29
	...
    fc38:	02030000 	tandeq	r0, r3, #0
    fc3c:	00000002 	tandeq	r0, r0, r2
    fc40:	0000f904 	tandeq	pc, r0, r4, lsl #18
    fc44:	00848d10 	taddeq	r8, r4, r0, lsl sp
	...
    fc50:	02010000 	tandeq	r0, r1, #0
    fc54:	00000005 	tandeq	r0, r0, r5
    fc58:	0000f834 	tandeq	pc, r0, r4, lsr r8
    fc5c:	0000f7b0 	undefined instruction 0x0000f7b0
	...
    fc68:	02010000 	tandeq	r0, r1, #0
    fc6c:	0000005a 	tandeq	r0, r0, sl, asr r0
    fc70:	0000f716 	tandeq	pc, r0, r6, lsl r7
    fc74:	0000f7c4 	tandeq	pc, r0, r4, asr #15
	...
    fc80:	02030000 	tandeq	r0, r3, #0
    fc84:	00000002 	tandeq	r0, r0, r2
    fc88:	0000f780 	tandeq	pc, r0, r0, lsl #15
    fc8c:	00848ecc 	taddeq	r8, r4, ip, asr #29
	...
    fc98:	02010000 	tandeq	r0, r1, #0
    fc9c:	00000005 	tandeq	r0, r0, r5
    fca0:	0000f834 	tandeq	pc, r0, r4, lsr r8
    fca4:	0000f7bc 	undefined instruction 0x0000f7bc
	...
    fcb0:	02010000 	tandeq	r0, r1, #0
    fcb4:	00000004 	tandeq	r0, r0, r4
    fcb8:	0000f8c4 	tandeq	pc, r0, r4, asr #17
    fcbc:	0000f86c 	tandeq	pc, r0, ip, ror #16
	...
    fcc8:	02010000 	tandeq	r0, r1, #0
    fccc:	00000005 	tandeq	r0, r0, r5
    fcd0:	0000f834 	tandeq	pc, r0, r4, lsr r8
    fcd4:	0000f84c 	tandeq	pc, r0, ip, asr #16
	...
    fce0:	02020000 	tandeq	r0, r2, #0
    fce4:	00000001 	tandeq	r0, r0, r1
    fce8:	0000f8a0 	tandeq	pc, r0, r0, lsr #17
    fcec:	00848ece 	taddeq	r8, r4, lr, asr #29
	...
    fcf8:	02010004 	tandeq	r0, r1, #4
    fcfc:	00000002 	tandeq	r0, r0, r2
    fd00:	0000f88e 	tandeq	pc, r0, lr, lsl #17
    fd04:	0000f6fe 	undefined instruction 0x0000f6fe
	...
    fd10:	02010000 	tandeq	r0, r1, #0
    fd14:	00000005 	tandeq	r0, r0, r5
    fd18:	0000f834 	tandeq	pc, r0, r4, lsr r8
    fd1c:	0000f8bc 	undefined instruction 0x0000f8bc
	...
    fd28:	02010000 	tandeq	r0, r1, #0
    fd2c:	00000001 	tandeq	r0, r0, r1
    fd30:	0000f854 	tandeq	pc, r0, r4, asr r8
    fd34:	00848d00 	taddeq	r8, r4, r0, lsl #26
	...
    fd40:	02030000 	tandeq	r0, r3, #0
    fd44:	00000002 	tandeq	r0, r0, r2
    fd48:	0000f6fc 	undefined instruction 0x0000f6fc
    fd4c:	00848ee0 	taddeq	r8, r4, r0, ror #29
	...
    fd58:	02010008 	tandeq	r0, r1, #8
    fd5c:	00000010 	tandeq	r0, r0, r0, lsl r0
    fd60:	0000f88e 	tandeq	pc, r0, lr, lsl #17
    fd64:	0000f740 	tandeq	pc, r0, r0, asr #14
	...
    fd70:	02010000 	tandeq	r0, r1, #0
    fd74:	00000013 	tandeq	r0, r0, r3, lsl r0
    fd78:	0000f834 	tandeq	pc, r0, r4, lsr r8
    fd7c:	0000f790 	tmuleq	r0, r0, r7
	...
    fd88:	10030000 	tandne	r0, r3, r0
    fd8c:	00000001 	tandeq	r0, r0, r1
    fd90:	0000f890 	tmuleq	r0, r0, r8
    fd94:	00848efc 	undefined instruction 0x00848efc
    fd98:	000085b1 	undefined instruction 0x000085b1
    fd9c:	00000000 	tandeq	r0, r0, r0
    fda0:	02010000 	tandeq	r0, r1, #0
    fda4:	0000001a 	tandeq	r0, r0, sl, lsl r0
    fda8:	0000f76c 	tandeq	pc, r0, ip, ror #14
    fdac:	0000f870 	tandeq	pc, r0, r0, ror r8
	...
    fdb8:	02010000 	tandeq	r0, r1, #0
    fdbc:	00000013 	tandeq	r0, r0, r3, lsl r0
    fdc0:	0000f834 	tandeq	pc, r0, r4, lsr r8
    fdc4:	0000f858 	tandeq	pc, r0, r8, asr r8
	...
    fdd0:	10030000 	tandne	r0, r3, r0
    fdd4:	00000001 	tandeq	r0, r0, r1
    fdd8:	0000f754 	tandeq	pc, r0, r4, asr r7
    fddc:	00848ee8 	taddeq	r8, r4, r8, ror #29
	...
    fde8:	02030000 	tandeq	r0, r3, #0
    fdec:	00000002 	tandeq	r0, r0, r2
    fdf0:	0000f6fc 	undefined instruction 0x0000f6fc
    fdf4:	00848ec8 	taddeq	r8, r4, r8, asr #29
	...
    fe00:	02010000 	tandeq	r0, r1, #0
    fe04:	0000001a 	tandeq	r0, r0, sl, lsl r0
    fe08:	0000f76c 	tandeq	pc, r0, ip, ror #14
    fe0c:	0000f8e0 	tandeq	pc, r0, r0, ror #17
	...
    fe18:	02010005 	tandeq	r0, r1, #5
    fe1c:	00000010 	tandeq	r0, r0, r0, lsl r0
    fe20:	0000f88e 	tandeq	pc, r0, lr, lsl #17
    fe24:	0000f8a4 	tandeq	pc, r0, r4, lsr #17
	...
    fe30:	02010000 	tandeq	r0, r1, #0
    fe34:	00000013 	tandeq	r0, r0, r3, lsl r0
    fe38:	0000f834 	tandeq	pc, r0, r4, lsr r8
    fe3c:	0000f72c 	tandeq	pc, r0, ip, lsr #14
	...
    fe48:	10030000 	tandne	r0, r3, r0
    fe4c:	00000001 	tandeq	r0, r0, r1
    fe50:	0000f770 	tandeq	pc, r0, r0, ror r7
    fe54:	00848f04 	taddeq	r8, r4, r4, lsl #30
    fe58:	0000e8dd 	undefined instruction 0x0000e8dd
    fe5c:	00000000 	tandeq	r0, r0, r0
    fe60:	02030000 	tandeq	r0, r3, #0
    fe64:	00000002 	tandeq	r0, r0, r2
    fe68:	0000f6fc 	undefined instruction 0x0000f6fc
    fe6c:	00848ef8 	undefined instruction 0x00848ef8
	...
    fe78:	02010000 	tandeq	r0, r1, #0
    fe7c:	00000003 	tandeq	r0, r0, r3
    fe80:	0000f76c 	tandeq	pc, r0, ip, ror #14
    fe84:	0000f8d4 	undefined instruction 0x0000f8d4
	...

0000fe90 <kb_map_fn>:
    fe90:	1ff01ef1 	tservne	0x00f01ef1

0000fe94 <kb_map_num>:
    fe94:	1ff01ef1 	tservne	0x00f01ef1

0000fe98 <kb_map_normal>:
    fe98:	1ff01ef1 	tservne	0x00f01ef1

0000fe9c <cmd_length_array>:
    fe9c:	1702080c 	tstorerne	r0, [r2, -ip, lsl #16]
    fea0:	0201010d 	tandeq	r0, r1, #1073741827	; 0x40000003
    fea4:	01010909 	tnandeq	r1, r9, lsl #18
    fea8:	18090206 	tstormmdane	r9, {r1, r2, r9}
    feac:	01010318 	tnandeq	r1, r8, lsl r3
    feb0:	03030909 	tnandeq	r3, #147456	; 0x24000
    feb4:	00000305 	tandeq	r0, r0, r5, lsl #6
    feb8:	0000bb8a 	tandeq	fp, r0, sl, lsl #23
    febc:	0000bb8a 	tandeq	fp, r0, sl, lsl #23
    fec0:	0000bede 	undefined instruction 0x0000bede
    fec4:	0000bede 	undefined instruction 0x0000bede
    fec8:	0000bdee 	tandeq	fp, r0, lr, ror #27
    fecc:	0000bb8a 	tandeq	fp, r0, sl, lsl #23
    fed0:	0000bc6e 	tandeq	fp, r0, lr, ror #24
    fed4:	0000bb8a 	tandeq	fp, r0, sl, lsl #23
    fed8:	0000bc14 	tandeq	fp, r0, r4, lsl ip
    fedc:	0000bb8a 	tandeq	fp, r0, sl, lsl #23
    fee0:	0000bdbc 	undefined instruction 0x0000bdbc
    fee4:	0000bb8a 	tandeq	fp, r0, sl, lsl #23
    fee8:	0000bdbc 	undefined instruction 0x0000bdbc
    feec:	0000bb8a 	tandeq	fp, r0, sl, lsl #23
    fef0:	0000bb8a 	tandeq	fp, r0, sl, lsl #23
    fef4:	0000bb8a 	tandeq	fp, r0, sl, lsl #23
    fef8:	0000bd44 	tandeq	fp, r0, r4, asr #26
    fefc:	0000bb8a 	tandeq	fp, r0, sl, lsl #23
    ff00:	0000bf26 	tandeq	fp, r0, r6, lsr #30
    ff04:	0000bb8a 	tandeq	fp, r0, sl, lsl #23
    ff08:	0000bb8a 	tandeq	fp, r0, sl, lsl #23
    ff0c:	0000bb8a 	tandeq	fp, r0, sl, lsl #23
    ff10:	0000bbe2 	tandeq	fp, r0, r2, ror #23
    ff14:	0000bb8a 	tandeq	fp, r0, sl, lsl #23
    ff18:	0000bbb0 	undefined instruction 0x0000bbb0
    ff1c:	0000bb8a 	tandeq	fp, r0, sl, lsl #23
    ff20:	0000bb8a 	tandeq	fp, r0, sl, lsl #23
    ff24:	0000bb8a 	tandeq	fp, r0, sl, lsl #23
    ff28:	0000bb8a 	tandeq	fp, r0, sl, lsl #23
    ff2c:	0000bb8a 	tandeq	fp, r0, sl, lsl #23
    ff30:	0000bb96 	tmuleq	r0, r6, fp
    ff34:	0000bb8a 	tandeq	fp, r0, sl, lsl #23
    ff38:	0000bb8a 	tandeq	fp, r0, sl, lsl #23
    ff3c:	0000bb8a 	tandeq	fp, r0, sl, lsl #23
    ff40:	0000bb8a 	tandeq	fp, r0, sl, lsl #23
    ff44:	0000bb8a 	tandeq	fp, r0, sl, lsl #23
    ff48:	0000bb8a 	tandeq	fp, r0, sl, lsl #23
    ff4c:	0000bb8a 	tandeq	fp, r0, sl, lsl #23
    ff50:	0000bb8a 	tandeq	fp, r0, sl, lsl #23
    ff54:	0000bb8a 	tandeq	fp, r0, sl, lsl #23
    ff58:	0000bb8a 	tandeq	fp, r0, sl, lsl #23
    ff5c:	0000bb8a 	tandeq	fp, r0, sl, lsl #23
    ff60:	0000bb8a 	tandeq	fp, r0, sl, lsl #23
    ff64:	0000bb8a 	tandeq	fp, r0, sl, lsl #23
    ff68:	0000bb8a 	tandeq	fp, r0, sl, lsl #23
    ff6c:	0000bb8a 	tandeq	fp, r0, sl, lsl #23
    ff70:	0000bb8a 	tandeq	fp, r0, sl, lsl #23
    ff74:	0000bb8a 	tandeq	fp, r0, sl, lsl #23
    ff78:	0000bb8a 	tandeq	fp, r0, sl, lsl #23
    ff7c:	0000bb8a 	tandeq	fp, r0, sl, lsl #23
    ff80:	0000bb8a 	tandeq	fp, r0, sl, lsl #23
    ff84:	0000bb8a 	tandeq	fp, r0, sl, lsl #23
    ff88:	0000bb8a 	tandeq	fp, r0, sl, lsl #23
    ff8c:	0000bb8a 	tandeq	fp, r0, sl, lsl #23
    ff90:	0000bb8a 	tandeq	fp, r0, sl, lsl #23
    ff94:	0000bb8a 	tandeq	fp, r0, sl, lsl #23
    ff98:	0000bb8a 	tandeq	fp, r0, sl, lsl #23
    ff9c:	0000bb8a 	tandeq	fp, r0, sl, lsl #23
    ffa0:	0000bb8a 	tandeq	fp, r0, sl, lsl #23
    ffa4:	0000bb8a 	tandeq	fp, r0, sl, lsl #23
    ffa8:	0000bb8a 	tandeq	fp, r0, sl, lsl #23
    ffac:	0000bb8a 	tandeq	fp, r0, sl, lsl #23
    ffb0:	0000bb8a 	tandeq	fp, r0, sl, lsl #23
    ffb4:	0000bb8a 	tandeq	fp, r0, sl, lsl #23
    ffb8:	0000bb8a 	tandeq	fp, r0, sl, lsl #23
    ffbc:	0000bb8a 	tandeq	fp, r0, sl, lsl #23
    ffc0:	0000bb8a 	tandeq	fp, r0, sl, lsl #23
    ffc4:	0000bb8a 	tandeq	fp, r0, sl, lsl #23
    ffc8:	0000bb8a 	tandeq	fp, r0, sl, lsl #23
    ffcc:	0000bb8a 	tandeq	fp, r0, sl, lsl #23
    ffd0:	0000bb8a 	tandeq	fp, r0, sl, lsl #23
    ffd4:	0000bb8a 	tandeq	fp, r0, sl, lsl #23
    ffd8:	0000bb8a 	tandeq	fp, r0, sl, lsl #23
    ffdc:	0000bb8a 	tandeq	fp, r0, sl, lsl #23
    ffe0:	0000bb8a 	tandeq	fp, r0, sl, lsl #23
    ffe4:	0000bb8a 	tandeq	fp, r0, sl, lsl #23
    ffe8:	0000bb8a 	tandeq	fp, r0, sl, lsl #23
    ffec:	0000bb8a 	tandeq	fp, r0, sl, lsl #23
    fff0:	0000bb8a 	tandeq	fp, r0, sl, lsl #23
    fff4:	0000bb8a 	tandeq	fp, r0, sl, lsl #23
    fff8:	0000bb8a 	tandeq	fp, r0, sl, lsl #23
    fffc:	0000bb8a 	tandeq	fp, r0, sl, lsl #23
   10000:	0000bf26 	tandeq	fp, r0, r6, lsr #30

00010004 <att_access_err_no_enc>:
   10004:	00000000 	tandeq	r0, r0, r0
   10008:	0f0f0f05 	tserveq	0x000f0f05
   1000c:	0f0f0f05 	tserveq	0x000f0f05
   10010:	0f0f0f05 	tserveq	0x000f0f05

00010014 <att_access_err_enc>:
	...
   1001c:	00000500 	tandeq	r0, r0, r0, lsl #10
   10020:	00050500 	tandeq	r0, r5, r0, lsl #10

00010024 <gen_method_sc>:
   10024:	00020000 	tandeq	r0, r2, r0
   10028:	02050002 	tandeq	r0, r5, #2
   1002c:	01010500 	tnandeq	r1, r0, lsl #10
   10030:	00010003 	tandeq	r0, r1, r3
   10034:	00000000 	tandeq	r0, r0, r0
   10038:	00020501 	tandeq	r0, r2, r1, lsl #10
   1003c:	00000005 	tandeq	r0, r0, r5

00010040 <gen_method_legacy>:
   10040:	00020000 	tandeq	r0, r2, r0
   10044:	02000002 	tandeq	r0, r0, #2
   10048:	01010200 	tnandeq	r1, r0, lsl #4
   1004c:	00010003 	tandeq	r0, r1, r3
   10050:	00000000 	tandeq	r0, r0, r0
   10054:	00020101 	tandeq	r0, r2, r1, lsl #2
   10058:	00000001 	tandeq	r0, r0, r1
   1005c:	0000d3fe 	undefined instruction 0x0000d3fe
   10060:	0000d3fe 	undefined instruction 0x0000d3fe
   10064:	0000d426 	tandeq	sp, r0, r6, lsr #8
   10068:	0000d450 	tandeq	sp, r0, r0, asr r4
   1006c:	0000d4b0 	undefined instruction 0x0000d4b0
   10070:	0000d4f2 	undefined instruction 0x0000d4f2
   10074:	0000d510 	tandeq	sp, r0, r0, lsl r5
   10078:	0000d536 	tandeq	sp, r0, r6, lsr r5
   1007c:	0000d56a 	tandeq	sp, r0, sl, ror #10
   10080:	0000d5b8 	undefined instruction 0x0000d5b8
   10084:	0000d5fc 	undefined instruction 0x0000d5fc
   10088:	0000d620 	tandeq	sp, r0, r0, lsr #12
   1008c:	0000d642 	tandeq	sp, r0, r2, asr #12
   10090:	0000d662 	tandeq	sp, r0, r2, ror #12
   10094:	0000d662 	tandeq	sp, r0, r2, ror #12
   10098:	0000d7e0 	tandeq	sp, r0, r0, ror #15
   1009c:	0000d80e 	tandeq	sp, r0, lr, lsl #16
   100a0:	0000d7e0 	tandeq	sp, r0, r0, ror #15
   100a4:	0000d928 	tandeq	sp, r0, r8, lsr #18
   100a8:	0000d960 	tandeq	sp, r0, r0, ror #18
   100ac:	0000d9c6 	tandeq	sp, r0, r6, asr #19
   100b0:	0000d7e0 	tandeq	sp, r0, r0, ror #15
   100b4:	0000d9d0 	undefined instruction 0x0000d9d0
   100b8:	0000d9fc 	undefined instruction 0x0000d9fc
   100bc:	0000da1e 	tandeq	sp, r0, lr, lsl sl
   100c0:	0000da46 	tandeq	sp, r0, r6, asr #20
   100c4:	0000d7e0 	tandeq	sp, r0, r0, ror #15
   100c8:	0000d7f4 	undefined instruction 0x0000d7f4
   100cc:	0000d7f4 	undefined instruction 0x0000d7f4
   100d0:	0000d7f4 	undefined instruction 0x0000d7f4

000100d4 <C.12.9930>:
   100d4:	ffffffff 	undefined instruction 0xffffffff
   100d8:	ffffffff 	undefined instruction 0xffffffff
   100dc:	ffffffff 	undefined instruction 0xffffffff
   100e0:	ffffffff 	undefined instruction 0xffffffff

000100e4 <C.20.10458>:
   100e4:	544c4e4b 	tstorerbpl	r4, [ip], #-3659	; 0xe4b

000100e8 <C.5.9923>:
   100e8:	544c4e4b 	tstorerbpl	r4, [ip], #-3659	; 0xe4b

Disassembly of section .retention_data:

00842c68 <_retention_data_start_>:
_retention_data_start_():
  842c68:	00076000 	tandeq	r6, r7, r0

00842c6c <flash_sector_calibration>:
  842c6c:	00077000 	tandeq	r7, r7, r0

00842c70 <app_own_address_type>:
  842c70:	00000000 	tandeq	r0, r0, r0

00842c74 <device_in_connection_state>:
  842c74:	00000000 	tandeq	r0, r0, r0

00842c78 <advertise_begin_tick>:
  842c78:	00000000 	tandeq	r0, r0, r0

00842c7c <latest_user_event_tick>:
  842c7c:	00000000 	tandeq	r0, r0, r0

00842c80 <interval_update_tick>:
  842c80:	00000000 	tandeq	r0, r0, r0

00842c84 <key_not_released>:
  842c84:	00000000 	tandeq	r0, r0, r0

00842c88 <key_type>:
  842c88:	00000000 	tandeq	r0, r0, r0

00842c8c <keyScanTick>:
  842c8c:	00000000 	tandeq	r0, r0, r0

00842c90 <blt_rxfifo_b>:
	...

00842e90 <blt_rxfifo>:
  842e90:	00000040 	tandeq	r0, r0, r0, asr #32
  842e94:	00000008 	tandeq	r0, r0, r8
  842e98:	00842c90 	umulleq	r2, r4, r0, ip

00842e9c <blt_txfifo_b>:
	...

0084311c <blt_txfifo>:
  84311c:	00000028 	tandeq	r0, r0, r8, lsr #32
  843120:	00000010 	tandeq	r0, r0, r0, lsl r0
  843124:	00842e9c 	umulleq	r2, r4, ip, lr

00843128 <sendTerminate_before_enterDeep>:
  843128:	00000000 	tandeq	r0, r0, r0

0084312c <adc_vref_cfg>:
  84312c:	00010497 	tmuleq	r1, r7, r4

00843130 <system_clk_type>:
  843130:	00000000 	tandeq	r0, r0, r0

00843134 <flash_read_page>:
  843134:	00008771 	tandeq	r8, r0, r1, ror r7

00843138 <flash_capacity>:
  843138:	00000000 	tandeq	r0, r0, r0

0084313c <flash_write_page>:
  84313c:	0000878d 	tandeq	r8, r0, sp, lsl #15

00843140 <flash_type>:
  843140:	00000000 	tandeq	r0, r0, r0

00843144 <get_flash_mid>:
  843144:	00000000 	tandeq	r0, r0, r0

00843148 <blc_rf_pa_cb>:
  843148:	00000000 	tandeq	r0, r0, r0

0084314c <func_before_suspend>:
  84314c:	00000000 	tandeq	r0, r0, r0

00843150 <blt_miscParam>:
  843150:	00000000 	tandeq	r0, r0, r0

00843154 <pm_bit_info>:
	...

00843156 <tick_32k_calib>:
	...

00843158 <pm_long_suspend>:
  843158:	00000000 	tandeq	r0, r0, r0

0084315c <tick_cur>:
  84315c:	00000000 	tandeq	r0, r0, r0

00843160 <tick_32k_cur>:
  843160:	00000000 	tandeq	r0, r0, r0

00843164 <tl_24mrc_cal>:
  843164:	00000080 	tandeq	r0, r0, r0, lsl #1

00843168 <pm_timRecover>:
	...

00843174 <g_RFMode>:
  843174:	00000000 	tandeq	r0, r0, r0

00843178 <rnd_m_w>:
  843178:	00000000 	tandeq	r0, r0, r0

0084317c <rnd_m_z>:
  84317c:	00000000 	tandeq	r0, r0, r0

00843180 <bltParam>:
	...

008431a8 <hci_tlk_module_eventMask>:
  8431a8:	00000000 	tandeq	r0, r0, r0

008431ac <blt_event_func>:
	...

008431fc <ll_host_main_loop_cb>:
  8431fc:	00000000 	tandeq	r0, r0, r0

00843200 <ll_encryption_done_cb>:
  843200:	00000000 	tandeq	r0, r0, r0

00843204 <ll_connComplete_handler>:
  843204:	00000000 	tandeq	r0, r0, r0

00843208 <ll_connTerminate_handler>:
  843208:	00000000 	tandeq	r0, r0, r0

0084320c <blc_tlkEvent_pending>:
  84320c:	00000000 	tandeq	r0, r0, r0

00843210 <bltMac>:
	...

0084321c <bltData>:
	...

00843230 <LL_FEATURE_MASK_0>:
  843230:	0000003d 	tandeq	r0, r0, sp, lsr r0

00843234 <LL_FEATURE_MASK_1>:
  843234:	00000000 	tandeq	r0, r0, r0

00843238 <blt_p_event_callback>:
  843238:	00000000 	tandeq	r0, r0, r0

0084323c <ll_irq_rx_data_cb>:
  84323c:	00000000 	tandeq	r0, r0, r0

00843240 <revert_conn_crc>:
  843240:	00000000 	tandeq	r0, r0, r0

00843244 <Crc24Lookup>:
  843244:	00000000 	tandeq	r0, r0, r0
  843248:	001b4c00 	tandseq	r4, fp, r0, lsl #24
  84324c:	00369800 	txorseq	r9, r6, r0, lsl #16
  843250:	002dd400 	txoreq	sp, sp, r0, lsl #8
  843254:	006d3000 	trsubeq	r3, sp, r0
  843258:	00767c00 	trsubseq	r7, r6, r0, lsl #24
  84325c:	005ba800 	tsubseq	sl, fp, r0, lsl #16
  843260:	0040e400 	tsubeq	lr, r0, r0, lsl #8
  843264:	00da6000 	tsubcseq	r6, sl, r0
  843268:	00c12c00 	tsubceq	r2, r1, r0, lsl #24
  84326c:	00ecf800 	trsubceq	pc, ip, r0, lsl #16
  843270:	00f7b400 	trsubcseq	fp, r7, r0, lsl #8
  843274:	00b75000 	taddcseq	r5, r7, r0
  843278:	00ac1c00 	taddceq	r1, ip, r0, lsl #24
  84327c:	0081c800 	taddeq	ip, r1, r0, lsl #16
  843280:	009a8400 	taddseq	r8, sl, r0, lsl #8

00843284 <ll_irq_systemTick_conn_cb>:
  843284:	00000000 	tandeq	r0, r0, r0

00843288 <ll_irq_tx_cb>:
  843288:	00000000 	tandeq	r0, r0, r0

0084328c <blc_main_loop_phyTest_cb>:
  84328c:	00000000 	tandeq	r0, r0, r0

00843290 <blc_main_loop_data_cb>:
  843290:	00000000 	tandeq	r0, r0, r0

00843294 <blc_main_loop_post_cb>:
  843294:	00000000 	tandeq	r0, r0, r0

00843298 <tick_rc24mCal>:
  843298:	80000000 	tandhi	r0, r0, r0

0084329c <tick_doublerCal>:
  84329c:	00000000 	tandeq	r0, r0, r0

008432a0 <blt_bb>:
  8432a0:	00000000 	tandeq	r0, r0, r0

008432a4 <blc_l2cap_handler>:
  8432a4:	00000000 	tandeq	r0, r0, r0

008432a8 <ll_encryption_pause_cb>:
  8432a8:	00000000 	tandeq	r0, r0, r0

008432ac <lmp_tick>:
  8432ac:	00000000 	tandeq	r0, r0, r0

008432b0 <lmp_timeout>:
  8432b0:	00000000 	tandeq	r0, r0, r0

008432b4 <pFunc_ll_SetAdv_Enable>:
  8432b4:	00000000 	tandeq	r0, r0, r0

008432b8 <blc_tlkEvent_data>:
	...

008432c8 <blt_advExpectTime>:
  8432c8:	00000000 	tandeq	r0, r0, r0

008432cc <blta>:
	...

008432e4 <blc_adv_channel>:
  8432e4:	00272625 	txoreq	r2, r7, r5, lsr #12

008432e8 <ll_module_adv_cb>:
  8432e8:	00000000 	tandeq	r0, r0, r0

008432ec <pkt_adv>:
  8432ec:	00000027 	tandeq	r0, r0, r7, lsr #32
  8432f0:	e1e02500 	tmovn	r2, r0, lsl #10
  8432f4:	e5e4e3e2 	tstorerb	lr, [r4, #994]!	; 0x3e2
	...

00843318 <pkt_scan_rsp>:
  843318:	00000027 	tandeq	r0, r0, r7, lsr #32
  84331c:	e1e02504 	tmovn	r2, r4, lsl #10
  843320:	e5e4e3e2 	tstorerb	lr, [r4, #994]!	; 0x3e2
  843324:	6554090e 	tloadrbvs	r0, [r4, #-2318]	; 0x90e
  843328:	6b6e696c 	tjlvs	23dd8e0 <blt_buff_att_tx+0x1b9467c>
  84332c:	6d655220 	undefined instruction 0x6d655220
  843330:	0065746f 	trsubeq	r7, r5, pc, ror #8
	...

00843344 <advData_backup>:
	...

0084334c <ll_adv2conn_cb>:
  84334c:	00000000 	tandeq	r0, r0, r0

00843350 <blc_rcvd_connReq_tick>:
  843350:	00000000 	tandeq	r0, r0, r0

00843354 <advertise_prepare_handler>:
  843354:	00000000 	tandeq	r0, r0, r0

00843358 <ll_module_advSlave_cb>:
  843358:	00000000 	tandeq	r0, r0, r0

0084335c <blt_ll_version_ind_rsp_flag>:
  84335c:	00000000 	tandeq	r0, r0, r0

00843360 <blttcon>:
	...

008433b8 <ll_push_tx_fifo_handler>:
  8433b8:	00000000 	tandeq	r0, r0, r0

008433bc <blt_pconn>:
  8433bc:	00843360 	taddeq	r3, r4, r0, ror #6

008433c0 <g_remapping_table>:
	...

008433e5 <g_num_used_chans>:
  8433e5:	00000000 	tandeq	r0, r0, r0

008433e8 <ll_chn_index_calc_cb>:
  8433e8:	00000000 	tandeq	r0, r0, r0

008433ec <blt_conn_phy>:
	...

008433f8 <ll_conn_phy_update_cb>:
  8433f8:	00000000 	tandeq	r0, r0, r0

008433fc <ll_conn_phy_swicth_cb>:
  8433fc:	00000000 	tandeq	r0, r0, r0

00843400 <bltc>:
	...

00843468 <CONN_SHORT_TOLERANCE_TIME>:
  843468:	00001f40 	tandeq	r1, r0, r0, asr #30

0084346c <blt_ltk_request>:
  84346c:	00000000 	tandeq	r0, r0, r0

00843470 <brx_disable_threhold>:
  843470:	00000003 	tandeq	r0, r0, r3

00843474 <bls_timing>:
	...

00843484 <bls_brxDisableNearestBrxT>:
  843484:	00000000 	tandeq	r0, r0, r0

00843488 <blc_cyrpt_para>:
	...

008434b0 <blt_buff_conn>:
	...

008434c8 <enc_skds>:
  8434c8:	ae86ede8 	undefined instruction 0xae86ede8
  8434cc:	00e3635a 	trsubceq	r6, r3, sl, asr r3

008434d0 <enc_ivs>:
  8434d0:	92ad77e1 	taddcls	r7, sp, #58982400	; 0x3840000

008434d4 <enc_ltk>:
	...

008434e4 <enc_skdm>:
  8434e4:	e0f10213 	trsubcs	r0, r1, r3, lsl r2
  8434e8:	acbdcedf 	undefined instruction 0xacbdcedf

008434ec <enc_ivm>:
  8434ec:	badcab24 	tjlt	fff6e184 <blt_buff_att_tx+0xff724f20>

008434f0 <blt_smp_empty_pkt_entry>:
	...

008434f1 <bls_peer_start_enc_flag>:
  8434f1:	03000000 	tnandeq	r0, #0

008434f4 <pkt_slave_terminate>:
  8434f4:	13020203 	tnandne	r2, #805306368	; 0x30000000

008434f8 <restart_encryption>:
  8434f8:	00000000 	tandeq	r0, r0, r0

008434fc <blt_dleSendTime_tick>:
  8434fc:	010c8e00 	tnandeq	ip, r0, lsl #28

00843500 <ll_module_pm_cb>:
  843500:	00000000 	tandeq	r0, r0, r0

00843504 <bltPm>:
	...

00843534 <blt_next_event_tick>:
  843534:	00000000 	tandeq	r0, r0, r0

00843538 <pm_appWakeupLowPowerCb>:
  843538:	00000000 	tandeq	r0, r0, r0

0084353c <blt_buff_process_pending>:
  84353c:	00000000 	tandeq	r0, r0, r0

00843540 <ll_resolvingList_tbl>:
	...

00843574 <blts>:
	...

0084357c <ll_whiteList_tbl>:
	...

008435a0 <bltPHYs>:
  8435a0:	00000000 	tandeq	r0, r0, r0
  8435a4:	08000201 	tstormmdaeq	r0, {r0, r9}
  8435a8:	00000028 	tandeq	r0, r0, r8, lsr #32

008435ac <ll_phy_switch_cb>:
  8435ac:	00000000 	tandeq	r0, r0, r0

008435b0 <ll_get_conn_phy_ptr_cb>:
  8435b0:	00000000 	tandeq	r0, r0, r0

008435b4 <tx_settle_adv>:
  8435b4:	74544a00 	tloadrbvc	r4, [r4], #-2560	; 0xa00

008435b8 <tx_settle_slave>:
  8435b8:	76564b00 	tloadrbvc	r4, [r6], -r0, lsl #22

008435bc <tx_settle_master>:
  8435bc:	77564c00 	tloadrbvc	r4, [r6, -r0, lsl #24]

008435c0 <blc_hci_event_handler>:
  8435c0:	00000000 	tandeq	r0, r0, r0

008435c4 <hci_eventMask>:
  8435c4:	00000010 	tandeq	r0, r0, r0, lsl r0

008435c8 <hci_le_eventMask>:
  8435c8:	00000000 	tandeq	r0, r0, r0

008435cc <hci_le_eventMask_2>:
  8435cc:	00000000 	tandeq	r0, r0, r0

008435d0 <blc_hci_rx_handler>:
  8435d0:	00000000 	tandeq	r0, r0, r0

008435d4 <blc_hci_tx_handler>:
  8435d4:	00000000 	tandeq	r0, r0, r0

008435d8 <lmp_subversion>:
  8435d8:	00000000 	tandeq	r0, r0, r0

008435dc <gAttributes>:
  8435dc:	00000000 	tandeq	r0, r0, r0

008435e0 <pkt_mtu_rsp>:
  8435e0:	00030702 	tandeq	r0, r3, r2, lsl #14
  8435e4:	17030004 	tstorerne	r0, [r3, -r4]
  8435e8:	00000000 	tandeq	r0, r0, r0

008435ec <pkt_errRsp>:
  8435ec:	00050902 	tandeq	r0, r5, r2, lsl #18
  8435f0:	00010004 	tandeq	r0, r1, r4
  8435f4:	000a0000 	tandeq	r0, sl, r0

008435f8 <att_service_discover_tick>:
  8435f8:	00000000 	tandeq	r0, r0, r0

008435fc <bltAtt>:
  8435fc:	00170017 	tandseq	r0, r7, r7, lsl r0
  843600:	00000000 	tandeq	r0, r0, r0
  843604:	0000001e 	tandeq	r0, r0, lr, lsl r0

00843608 <pAppPrepareWriteBuff>:
  843608:	00000000 	tandeq	r0, r0, r0

0084360c <prepare_pkt_current_len>:
	...

0084360e <pAppPrepareWrite_max_len>:
	...

00843610 <blt_indicate_handle>:
  843610:	00000000 	tandeq	r0, r0, r0

00843614 <ble_devName>:
  843614:	646f4d74 	tstorerbtvs	r4, [pc], #3444	; 84361c <ble_devName+0x8>
  843618:	00656c75 	trsubeq	r6, r5, r5, ror ip
	...

00843628 <host_ota_terminate_cb>:
  843628:	00000000 	tandeq	r0, r0, r0

0084362c <host_ota_main_loop_cb>:
  84362c:	00000000 	tandeq	r0, r0, r0

00843630 <gap_eventMask>:
  843630:	00010700 	tandeq	r0, r1, r0, lsl #14

00843634 <blc_gap_event_handler>:
  843634:	00000000 	tandeq	r0, r0, r0

00843638 <att_client_handler>:
  843638:	00000000 	tandeq	r0, r0, r0

0084363c <att_sig_hander>:
  84363c:	00000000 	tandeq	r0, r0, r0

00843640 <l2cap_connUpdateRsp_cb>:
  843640:	00000000 	tandeq	r0, r0, r0

00843644 <l2cap_buff>:
  843644:	00849164 	taddeq	r9, r4, r4, ror #2
  843648:	00849264 	taddeq	r9, r4, r4, ror #4
  84364c:	01000100 	tnandeq	r0, r0, lsl #2

00843650 <para_upReq>:
	...

0084365c <blc_connUpdateSendTime_us>:
  84365c:	000f4240 	tandeq	r4, pc, r0, asr #4

00843660 <smpResSignalPkt>:
  843660:	00111502 	tandseq	r1, r1, r2, lsl #10
  843664:	00000006 	tandeq	r0, r0, r6
	...

0084367c <blc_smpMng>:
  84367c:	03010402 	tnandeq	r1, #33554432	; 0x2000000
	...

00843690 <smp_param_own>:
	...

008436d8 <func_smp_sc_proc>:
  8436d8:	00000000 	tandeq	r0, r0, r0

008436dc <func_smp_sc_pushPkt_proc>:
  8436dc:	00000000 	tandeq	r0, r0, r0

008436e0 <smpDistirbuteKeyOrder>:
  8436e0:	00000000 	tandeq	r0, r0, r0

008436e4 <smp_timeout_start_tick>:
  8436e4:	00000000 	tandeq	r0, r0, r0

008436e8 <smpPkShftCnt>:
  8436e8:	00000000 	tandeq	r0, r0, r0

008436ec <func_smp_init>:
  8436ec:	00000000 	tandeq	r0, r0, r0

008436f0 <func_smp_info>:
  8436f0:	00000000 	tandeq	r0, r0, r0

008436f4 <func_smp_check>:
  8436f4:	00000000 	tandeq	r0, r0, r0

008436f8 <blc_smpFinishCb>:
  8436f8:	00000000 	tandeq	r0, r0, r0

008436fc <smpOwnRand_const>:
	...

0084370c <smpOwnParingConfirm>:
	...

0084371c <smpParingOwnIRK>:
  84371c:	67247497 	undefined instruction 0x67247497
  843720:	14814262 	tstorerne	r4, [r1], #610	; 0x262
  843724:	53422057 	tcmppl	r2, #87	; 0x57
  843728:	74323732 	tloadrtvc	r3, [r2], #-1842	; 0x732

0084372c <smpParingOwnCSRK>:
  84372c:	34122133 	tloadrcc	r2, [r2], #-307	; 0x133
  843730:	54647829 	tstorerbtpl	r7, [r4], #-2089	; 0x829
  843734:	58820756 	tstorempl	r2, {r1, r2, r4, r6, r8, r9, sl}
  843738:	19867909 	tstormmibne	r6, {r0, r3, r8, fp, ip, sp, lr}

0084373c <smp_DistributeKeyInit>:
  84373c:	00000000 	tandeq	r0, r0, r0

00843740 <smp_DistributeKeyResp>:
  843740:	00000000 	tandeq	r0, r0, r0

00843744 <smp_param_peer>:
	...

00843794 <smp_phase_record>:
  843794:	00000000 	tandeq	r0, r0, r0

00843798 <blc_SecReq_ctrl>:
  843798:	00000011 	tandeq	r0, r0, r1, lsl r0

0084379c <smp_bound_mask>:
  84379c:	00000000 	tandeq	r0, r0, r0

008437a0 <smp_sign_info>:
	...

008437b4 <simple_muti_mac_en>:
	...

008437b5 <flag_smp_param_save_base>:
  8437b5:	0a0f018a 	tjeq	c03de5 <blt_buff_att_tx+0x3bab81>

008437b6 <device_mac_index>:
  8437b6:	000a0f01 	tandeq	r0, sl, r1, lsl #30

008437b7 <flag_smp_param_mask>:
  8437b7:	00000a0f 	tandeq	r0, r0, pc, lsl #20

008437b8 <flag_smp_param_valid>:
  8437b8:	0000000a 	tandeq	r0, r0, sl

008437bc <tbl_bondDevice>:
	...

008437d8 <SMP_PARAM_NV_ADDR_START>:
  8437d8:	00074000 	tandeq	r4, r7, r0

008437dc <smp_param_current_start_addr>:
  8437dc:	00000000 	tandeq	r0, r0, r0

008437e0 <bond_device_flash_cfg_idx>:
  8437e0:	00000000 	tandeq	r0, r0, r0

008437e4 <smp_param_next_start_addr>:
  8437e4:	00000000 	tandeq	r0, r0, r0

008437e8 <crc16_poly>:
  8437e8:	a0010000 	tandge	r0, r1, r0

008437ec <blotaSvr>:
	...

00843848 <ota_firmware_max_size>:
  843848:	0001f000 	tandeq	pc, r1, r0

0084384c <ota_program_bootAddr>:
  84384c:	00020000 	tandeq	r0, r2, r0

00843850 <ota_firmware_size_k>:
  843850:	0000007c 	tandeq	r0, r0, ip, ror r0

00843854 <otaStartCb>:
  843854:	00000000 	tandeq	r0, r0, r0

00843858 <otaVersionCb>:
  843858:	00000000 	tandeq	r0, r0, r0

0084385c <otaResIndicateCb>:
  84385c:	00000000 	tandeq	r0, r0, r0

00843860 <ota_program_offset>:
  843860:	00000000 	tandeq	r0, r0, r0

00843864 <crc32_half_tbl>:
  843864:	00000000 	tandeq	r0, r0, r0
  843868:	1db71064 	undefined instruction 0x1db71064
  84386c:	3b6e20c8 	tjlcc	23cbb94 <blt_buff_att_tx+0x1b82930>
  843870:	26d930ac 	tloadrbcs	r3, [r9], ip, lsr #1
  843874:	76dc4190 	undefined instruction 0x76dc4190
  843878:	6b6b51f4 	tjlvs	2318050 <blt_buff_att_tx+0x1acedec>
  84387c:	4db26158 	undefined instruction 0x4db26158
  843880:	5005713c 	tandpl	r7, r5, ip, lsr r1
  843884:	edb88320 	undefined instruction 0xedb88320
  843888:	f00f9344 	undefined instruction 0xf00f9344
  84388c:	d6d6a3e8 	tloadrble	sl, [r6], r8, ror #7
  843890:	cb61b38c 	tjlgt	20b06c8 <blt_buff_att_tx+0x1867464>
  843894:	9b64c2b0 	tjlls	217435c <blt_buff_att_tx+0x192b0f8>
  843898:	86d3d2d4 	undefined instruction 0x86d3d2d4
  84389c:	a00ae278 	tandge	lr, sl, r8, ror r2
  8438a0:	bdbdf21c 	undefined instruction 0xbdbdf21c

008438a4 <ota_write_fw_cb>:
  8438a4:	00000000 	tandeq	r0, r0, r0

008438a8 <ota_hold_dat_buff>:
	...

008439a8 <check_in>:
	...

008439a9 <check_out>:
	...

008439aa <check_finish>:
	...

Disassembly of section .data:

00848900 <_start_data_>:
_start_data_():
  848900:	0c4c0301 	undefined instruction 0x0c4c0301
  848904:	0c6c0c6d 	undefined instruction 0x0c6c0c6d
  848908:	ee5c0c6c 	undefined instruction 0xee5c0c6c
  84890c:	ee49ee49 	undefined instruction 0xee49ee49
  848910:	ee49ee49 	undefined instruction 0xee49ee49
  848914:	ee49ee49 	undefined instruction 0xee49ee49
  848918:	ee49ee49 	undefined instruction 0xee49ee49
  84891c:	ee49ee49 	undefined instruction 0xee49ee49
  848920:	ee49ee49 	undefined instruction 0xee49ee49
  848924:	ee49ee49 	undefined instruction 0xee49ee49
  848928:	ee49ee49 	undefined instruction 0xee49ee49
  84892c:	ee49ee49 	undefined instruction 0xee49ee49
  848930:	ee49ee49 	undefined instruction 0xee49ee49
  848934:	ee49ee49 	undefined instruction 0xee49ee49
  848938:	ee49ee49 	undefined instruction 0xee49ee49
  84893c:	ee49ee49 	undefined instruction 0xee49ee49
  848940:	0c49ee49 	undefined instruction 0x0c49ee49
  848944:	005c0c6d 	tsubseq	r0, ip, sp, ror #24
  848948:	00040001 	tandeq	r0, r4, r1
  84894c:	adf60411 	undefined instruction 0xadf60411
  848950:	0000002e 	tandeq	r0, r0, lr, lsr #32
	...

00848d00 <my_batVal>:
  848d00:	00000063 	tandeq	r0, r0, r3, rrx

00848d04 <protocolMode>:
  848d04:	00000001 	tandeq	r0, r0, r1

00848d08 <reportRefKeyIn>:
  848d08:	00000101 	tandeq	r0, r0, r1, lsl #2

00848d0c <reportRefConsumerControlIn>:
  848d0c:	00000102 	tandeq	r0, r0, r2, lsl #2

00848d10 <reportRefKeyOut>:
  848d10:	00000201 	tandeq	r0, r0, r1, lsl #4

00848d14 <kb_p_map>:
  848d14:	0000fe98 	tmuleq	r0, r8, lr
  848d18:	0000fe94 	tmuleq	r0, r4, lr
  848d1c:	0000fe90 	tmuleq	r0, r0, lr
  848d20:	0000fe90 	tmuleq	r0, r0, lr

00848d24 <drive_pins>:
  848d24:	00000110 	tandeq	r0, r0, r0, lsl r1
  848d28:	00000120 	tandeq	r0, r0, r0, lsr #2

00848d2c <scan_pins>:
  848d2c:	00000104 	tandeq	r0, r0, r4, lsl #2
  848d30:	00000108 	tandeq	r0, r0, r8, lsl #2

00848d34 <blt_tx_empty_packet>:
  848d34:	00000002 	tandeq	r0, r0, r2
  848d38:	00000001 	tandeq	r0, r0, r1

Disassembly of section .bss:

00848d40 <_start_bss_>:
	...

00848ec0 <vol_cnt.7267>:
	...

00848ec1 <rev_master>:
	...

00848ec2 <bootKeyOutReport>:
	...

00848ec4 <serviceChangeVal>:
_start_bss_():
  848ec4:	00000000 	tandeq	r0, r0, r0

00848ec8 <SppDataServer2ClientDataCCC>:
  848ec8:	00000000 	tandeq	r0, r0, r0

00848ecc <extServiceUUID>:
	...

00848ece <controlPoint>:
	...

00848ed0 <reportKeyIn>:
	...

00848ed8 <bootKeyInReport>:
  848ed8:	00000000 	tandeq	r0, r0, r0

00848edc <serviceChangeCCC>:
  848edc:	00000000 	tandeq	r0, r0, r0

00848ee0 <batteryValueInCCC>:
  848ee0:	00000000 	tandeq	r0, r0, r0

00848ee4 <reportKeyOut>:
  848ee4:	00000000 	tandeq	r0, r0, r0

00848ee8 <SppDataClient2ServerData>:
  848ee8:	00000000 	tandeq	r0, r0, r0

00848eec <bootKeyInReportCCC>:
  848eec:	00000000 	tandeq	r0, r0, r0

00848ef0 <reportConsumerControlInCCC>:
  848ef0:	00000000 	tandeq	r0, r0, r0

00848ef4 <reportKeyInCCC>:
  848ef4:	00000000 	tandeq	r0, r0, r0

00848ef8 <otaDataCCC>:
  848ef8:	00000000 	tandeq	r0, r0, r0

00848efc <SppDataServer2ClientData>:
  848efc:	00000000 	tandeq	r0, r0, r0

00848f00 <reportConsumerControlIn>:
  848f00:	00000000 	tandeq	r0, r0, r0

00848f04 <my_OtaData>:
	...

00848f05 <kb_is_fn_pressed>:
  848f05:	00000000 	tandeq	r0, r0, r0

00848f08 <ret_last.4009>:
  848f08:	00000000 	tandeq	r0, r0, r0

00848f0c <release_cnt.4008>:
  848f0c:	00000000 	tandeq	r0, r0, r0

00848f10 <mtrx_pre.3955>:
	...

00848f18 <mtrx_last.3956>:
	...

00848f20 <pm_get_32k_tick>:
  848f20:	00000000 	tandeq	r0, r0, r0

00848f24 <pm_check_32k_clk_stable>:
  848f24:	00000000 	tandeq	r0, r0, r0

00848f28 <txPower_index>:
  848f28:	00000000 	tandeq	r0, r0, r0

00848f2c <ll_irq_rx_post_cb>:
  848f2c:	00000000 	tandeq	r0, r0, r0

00848f30 <blc_ll_procScanPktCb>:
  848f30:	00000000 	tandeq	r0, r0, r0

00848f34 <bls_scan_num.7379>:
  848f34:	00000000 	tandeq	r0, r0, r0

00848f38 <tick_scan.7380>:
  848f38:	00000000 	tandeq	r0, r0, r0

00848f3c <blc_ll_procScanDatCb>:
  848f3c:	00000000 	tandeq	r0, r0, r0

00848f40 <scan_pin_need>:
  848f40:	00000000 	tandeq	r0, r0, r0

00848f44 <deepback_key_tick>:
  848f44:	00000000 	tandeq	r0, r0, r0

00848f48 <matrix_buff>:
	...

00848f68 <kb_event>:
	...

00848f70 <matrix_rptr>:
  848f70:	00000000 	tandeq	r0, r0, r0

00848f74 <deepback_key_state>:
  848f74:	00000000 	tandeq	r0, r0, r0

00848f78 <kb_event_cache>:
	...

00848f80 <matrix_wptr>:
  848f80:	00000000 	tandeq	r0, r0, r0

00848f84 <kb_k_mp>:
  848f84:	00000000 	tandeq	r0, r0, r0

00848f88 <pmParam>:
  848f88:	00000000 	tandeq	r0, r0, r0

00848f8c <pm_tim_recover>:
  848f8c:	00000000 	tandeq	r0, r0, r0

00848f90 <cpu_sleep_wakeup>:
  848f90:	00000000 	tandeq	r0, r0, r0

00848f94 <pm_curr_stack>:
  848f94:	00000000 	tandeq	r0, r0, r0

00848f98 <ll_module_init_cb>:
  848f98:	00000000 	tandeq	r0, r0, r0

00848f9c <blc_scan_device>:
	...

0084901c <blts_scan_interval>:
  84901c:	00000000 	tandeq	r0, r0, r0

00849020 <blc_scanRsp_device>:
	...

00849060 <blm_scan_type>:
	...

Disassembly of section .data_no_init:

00849064 <blt_buff_prepare_write>:
	...

00849164 <blt_buff_ll_rx>:
	...

00849264 <blt_buff_att_tx>:
	...

Disassembly of section .TC32.attributes:

00000000 <.TC32.attributes>:
   0:	00000f41 	tandeq	r0, r0, r1, asr #30
   4:	61656100 	tcmpnvs	r5, r0, lsl #2
   8:	01006962 	tnandeq	r0, r2, ror #18
   c:	00000005 	tandeq	r0, r0, r5

Disassembly of section .comment:

00000000 <.comment>:
   0:	3a434347 	tjcc	10d0d24 <blt_buff_att_tx+0x887ac0>
   4:	4e472820 	undefined instruction 0x4e472820
   8:	34202955 	tstorertcc	r2, [r0], #-2389	; 0x955
   c:	312e352e 	teqcc	lr, lr, lsr #10
  10:	3363742d 	tcmpncc	r3, #754974720	; 0x2d000000
  14:	2e312d32 	undefined instruction 0x2e312d32
  18:	Address 0x00000018 is out of bounds.

